Rank,Firm,ExpScore,Score
1,thornton & naumes,185.96892988645646,5.22557961613866
2,campbell & levine,137.74058132829018,4.9253720705831086
3,edward t. joyce & associates,133.79687980731944,4.896322827596503
4,baldridge venable,99.76585515071315,4.602825992018268
5,"hopgood, calimafde, kalil, blaustein & judlowe",99.76585515071315,4.602825992018268
6,minerva law,99.76585515071315,4.602825992018268
7,hamilton brook smith & reynolds,87.56503397152856,4.472381762682396
8,corrie yackulic law firm,47.12438362632677,3.8527905661351944
9,perdue kidd & vickery,47.12438362632677,3.8527905661351944
10,vickery & waldner,47.12438362632677,3.8527905661351944
11,vasquez benisek & lindgren,33.81042977875391,3.5207693282259274
12,"robert jason becher, quinn emanuel urquhart oliver. & hedges",30.30851384616429,3.411428658068349
13,warren lex,30.30851384616429,3.411428658068349
14,futterman dupree dodd croley maier,28.307608677473418,3.3431306263746454
15,attorneys,27.989605087355535,3.3318331943658612
16,harrison kemp & jones,27.989605087355535,3.3318331943658612
17,howard & howard,27.989605087355535,3.3318331943658612
18,lewis roca rothgerber christie,27.989605087355535,3.3318331943658612
19,kaplan fox & kilsheimer,21.10849008101698,3.0496753330594233
20,budd larner,20.826052082506365,3.0362047069451785
21,"lerner, david, littenberg, krumholz & mentlik",20.082889580338257,2.9998681878737266
22,"bradley, arant, rose & white",19.95580323650125,2.993519990083538
23,morvillo,18.686889010214493,2.9278221555108295
24,spotts fain,17.84545681804994,2.8817489558327343
25,"meyer, suozzi, english & klein",17.595354446768763,2.867634915314537
26,d’amore law group,17.154845485992592,2.8422806693326654
27,cotchett pitre & mccarthy,16.900503591343476,2.8273434197894147
28,"rien, paul, weiss, rifkind, wharton & garrison",16.02275712845539,2.774010032228494
29,freed kanner london & millen,15.767642078062227,2.7579598703324004
30,bowen hall ohlson & osborne,15.704617488428648,2.753954776656343
31,mcdermott will emery,15.481697610126165,2.739658526885676
32,richards kibbe & orbe,14.744607542215538,2.690877425583113
33,heins mills & olson,14.593377890183612,2.680567856655177
34,kirby mclnerney,14.00210682117587,2.6392078055200394
35,boni & zack,13.995047945410597,2.638703548857268
36,block & levitón,13.173796696707763,2.5782297579381797
37,lockridge grindal ñauen p,12.78818694877533,2.548521850169196
38,hausfeld,12.73484748025537,2.544342131936881
39,mccarter & english,12.098802896514618,2.4931065135360417
40,lowey dannenberg cohen & hart,11.333037409231123,2.42772212465696
41,lewis roca rothgerber,10.93750571238471,2.39219777395877
42,anderson kill & olick,10.680431699181748,2.3684132539868306
43,kilpatrick stockton,10.369075593624085,2.338827875898114
44,kilpatrick townsend stockton,10.369075593624085,2.338827875898114
45,parker & mcconkie,10.299529587400103,2.332098223066429
46,siegfried & jensen,10.299529587400103,2.332098223066429
47,steele & biggs,10.299529587400103,2.332098223066429
48,flaherty sensabaugh & bonasso,10.273055541584446,2.3295245007788847
49,clark thomas & winters,10.087770646596823,2.311323863134226
50,"goodell, devries, leech & dann",10.087770646596823,2.311323863134226
51,hardy & baco,10.087770646596823,2.311323863134226
52,murphy & king,10.087770646596823,2.311323863134226
53,sidley & austin,10.087770646596823,2.311323863134226
54,"kellogg, huber, hansen, todd, evans & figel",9.952204685721421,2.2977941030804785
55,howard & associates,9.915445038437658,2.294093646333847
56,"kirtley, taylor, sims, chadd & minnette",9.915445038437658,2.294093646333847
57,nancy moore tiller & associates,9.915445038437658,2.294093646333847
58,glancy & binkow,9.821684392587999,2.2845926343974674
59,goldberg,9.821684392587999,2.2845926343974674
60,lane powell,9.806987092861243,2.283095100294424
61,green traurig,9.79255855073903,2.2816227656810546
62,slayden grubert beard,9.79255855073903,2.2816227656810546
63,spalding,9.79255855073903,2.2816227656810546
64,devore & demarco,9.770482262141835,2.27936582636581
65,"barrette, johnston & parsley",9.759492648980306,2.27824041638741
66,weinstein kitchenoff & asher,9.62943799543923,2.2648248643395634
67,thompson hiñe,9.385987500733565,2.239217885678772
68,lovell stewart halebian jacobson,9.335482007261815,2.2338224100754385
69,abraham fruchter & twersky,9.110515712225213,2.2094293191345087
70,badham & buck,9.110515712225213,2.2094293191345087
71,combs latturner & goodwin,9.110515712225213,2.2094293191345087
72,douglas m. chalmers,9.110515712225213,2.2094293191345087
73,eng & nishimura,9.110515712225213,2.2094293191345087
74,evans j. carter,9.110515712225213,2.2094293191345087
75,"hanzman, criden, korge, chaykin, ponce & heise",9.110515712225213,2.2094293191345087
76,iii,9.110515712225213,2.2094293191345087
77,justice & records,9.110515712225213,2.2094293191345087
78,"much, shelist, freed, denenberg, ament & rubenstein",9.110515712225213,2.2094293191345087
79,gustafson gluek,9.061157137730431,2.203996831295755
80,lapointe law,8.956478156661401,2.1923770868447683
81,gardere wynne sewell,8.895518205131397,2.185547577445756
82,ken w. good plld,8.895518205131397,2.185547577445756
83,michael p. fleming & associates,8.895518205131397,2.185547577445756
84,"mintz, levin, cohn, ferris, glovsky & popeo",8.759351065579834,2.170121822932587
85,breen & pugh,8.671735624531186,2.160068958131471
86,feinberg day alberti & thompson,8.355434761657317,2.122912196798531
87,"seungtaik michael song,. dechert",8.355434761657317,2.122912196798531
88,saveri & saveri,8.225120794755712,2.107192982836081
89,miles & stockbridge,8.140301498446116,2.096827218449662
90,"thorp, reed & armstrong",8.121907773777169,2.0945650740872463
91,robins kaplan,8.107536136060464,2.0927940163044774
92,"hyman, phelps & mcnamara",7.931815977689698,2.070882010399734
93,"michie, hamlett, lowry, rasmussen & tweel",7.931815977689698,2.070882010399734
94,law office,7.818364376234496,2.056475373631118
95,taylor & company,7.818364376234496,2.056475373631118
96,langer grogan & diver,7.7756620805465575,2.0509986094940316
97,robbins arroyo,7.561498124899208,2.0230693352286244
98,"goldman, sachs & co",7.540939930824646,2.0203468335111077
99,nomura credit & capital,7.540939930824646,2.0203468335111077
100,the mogin law firm,7.337828654257547,1.993042975191337
101,hufford dahlstrom & gros,7.165930267696491,1.9693378878413452
102,"rumberger, kirk & caldwell",7.147425400519576,1.966752208016746
103,wolf popper,7.077085621814599,1.9568621876236252
104,crone hawxhurst,7.074815629769574,1.9565413837932228
105,geller rudman & robbins,7.050888501057435,1.9531536374020357
106,"landskroner, greico & madden",7.050888501057435,1.9531536374020357
107,murray glancy binkow & goldberg,7.050888501057435,1.9531536374020357
108,rudman & dowd,7.050888501057435,1.9531536374020357
109,colt & mosl,6.948763224536345,1.9385636904370098
110,cuneo gilbert & laduca,6.892997069514698,1.9305059787641088
111,poole mahoney,6.874634230288347,1.9278384392701626
112,spilman thomas & battle,6.8543823641788,1.9248882089081685
113,"pearson, simon & warshaw",6.723127720325668,1.9055534808262569
114,blue capital law firm,6.6583673791389915,1.8958743162335827
115,janik,6.6583673791389915,1.8958743162335827
116,roetzel & andress,6.6583673791389915,1.8958743162335827
117,the eclipse group,6.6583673791389915,1.8958743162335827
118,"wood, herron & evans",6.6583673791389915,1.8958743162335827
119,john s. dull,6.550635118912521,1.879562009665855
120,dickinson wright,6.525508278872698,1.8757188473201731
121,"oole, miller & chevalier",6.525508278872698,1.8757188473201731
122,"mccormick, paulding & huber",6.510023698111057,1.8733430964766873
123,farnan,6.497386285515886,1.8713999861130852
124,williams & connolly,6.473622390055783,1.867735826656802
125,reinhardt wendorf & blanchfield,6.197333504214047,1.8241191195746556
126,"phillips, goldman, mclaughlin & hall",6.186368675721164,1.822348270889997
127,gibbs & bruns,5.937155215411897,1.7812300986914316
128,burns & giantomasi & webster,5.800541636027274,1.757951298714161
129,sprenger & lang,5.775418285035144,1.7536106840940249
130,"lite, depalma, greenberg & rivas",5.761147911497379,1.7511367450426651
131,swick & shapiro,5.682277724643517,1.7373521602106707
132,audet & partners,5.627548902973969,1.7276739837608093
133,pomerantz haudek block grossman & gross,5.622763314308216,1.726823236001642
134,emerson poynter,5.572242020246638,1.717797490050852
135,holland & knight,5.531557304055297,1.7104693860261333
136,finger & slanina,5.40679658136166,1.6876567883423723
137,venable,5.335194561886795,1.6743253530459654
138,"niro, scavone, haller & niro",5.328165833789107,1.6730070577141345
139,ross & orenstein,5.304348118531429,1.6685268839370797
140,tucker ellis,5.287567702034365,1.6653583484576795
141,"shook, hardy & bacon",5.240708927007209,1.6564567805954824
142,schmitt schneck smyth casey & even,5.22512631828216,1.653478973306428
143,wilenchik & bartness,5.22512631828216,1.653478973306428
144,defendants barclays bank,5.218019719432246,1.6521179658243461
145,keller rohrback,5.1952761359373945,1.6477497773132246
146,glancy binkow & goldberg,5.139544450404827,1.6369644472134424
147,pratt & associates,5.084932428400531,1.6262817409954236
148,gilman law,5.029054373964163,1.6152319692141301
149,morris & morris,4.946168992037785,1.5986133359311776
150,"cowan, liebowitz & latman",4.944943115457265,1.5983654615620524
151,scott & cain,4.936315764736794,1.5966192563432018
152,sidney l. gold & associates,4.898598898557377,1.5889492251582873
153,valli kane & vagnini,4.898598898557377,1.5889492251582873
154,"robins, kaplan, miller & ciresi",4.841748793583914,1.5772759764562436
155,pastor law office,4.818936839054238,1.5725533309224249
156,"lockridge, grindal, ñauen, p",4.7915480885617985,1.56685355097417
157,rudman & robbins,4.7915480885617985,1.56685355097417
158,kenny nachwalter,4.770091244038897,1.5623654334466266
159,ostrolenk faber,4.749180822521496,1.55797214475736
160,baird holm,4.690726051864088,1.5455873789763943
161,"baird, holm, mceachen, pedersen, hamann & strasheim",4.690726051864088,1.5455873789763943
162,bailey & wyant,4.684285421109208,1.5442133792140034
163,friedman kaplan seiler & adelman,4.643844806090554,1.5355426451227572
164,"barrack, rodos & bacine",4.6328134608183715,1.5331643424722716
165,milberg,4.536723229272303,1.5122049957953454
166,jeffer ali & sarah,4.526546082820545,1.5099591945554653
167,lesley m. hamming winston & strawn,4.526546082820545,1.5099591945554653
168,"murphy, spadaro & landon",4.526546082820545,1.5099591945554653
169,don barrett,4.486870113739868,1.5011553793361478
170,"goldberg, kohn, bell, black, rosenbloom & moritz",4.434186415129509,1.4893441525136883
171,bourland heflin alvarez minor & matthews,4.410577222074752,1.484005570252844
172,crone & mcevoy,4.410577222074752,1.484005570252844
173,entwistle & cappucci,4.3487362456625664,1.4698852846535038
174,sheppard mullin richter & hampton,4.305432773253183,1.4598776608766082
175,morgan & morgan,4.250116454995996,1.4469463837364485
176,charles p. goodwin,4.238684824674151,1.4442530382673429
177,goldberg ives & duncan,4.238684824674151,1.4442530382673429
178,"kellogg, hansen, todd, figel & frederick",4.238684824674151,1.4442530382673429
179,kesselman brantly stockinger,4.238684824674151,1.4442530382673429
180,moginrubin,4.238684824674151,1.4442530382673429
181,baron & budd,4.2258704318319715,1.4412252589585755
182,smith katzenstein & jenkins,4.2094085056501385,1.43732214035332
183,internet & society,4.197817468383317,1.4345647398393437
184,cooley manion jones,4.194068027833899,1.433671152623312
185,kilpatrick townsend & stockton,4.169021996204464,1.427681475019177
186,finkelstein thompson,4.159644535726354,1.425429622479568
187,duckworth peters lebowitz olivier,4.131908500935996,1.418739406998656
188,mclaughlin & stern,4.105729366692029,1.4123834047566761
189,momson & foerster,4.09262028383018,1.4091854211153378
190,hudson mallaney shindler & anderson,4.079733740810057,1.4060317266811915
191,andrus anderson,4.051576179418143,1.3991059855107595
192,baker keener & nahr,4.051576179418143,1.3991059855107595
193,brian barry,4.051576179418143,1.3991059855107595
194,engstrom lipscomb & lac,4.051576179418143,1.3991059855107595
195,freedman boyd hollander goldberg & ives,4.051576179418143,1.3991059855107595
196,girardi & keese,4.051576179418143,1.3991059855107595
197,glassman edwards wade & wyatt,4.051576179418143,1.3991059855107595
198,grant & eis,4.051576179418143,1.3991059855107595
199,gross belsky alonso,4.051576179418143,1.3991059855107595
200,joseph m. patane,4.051576179418143,1.3991059855107595
201,mcdonnell & associates,4.051576179418143,1.3991059855107595
202,"murray, frank & sailer",4.051576179418143,1.3991059855107595
203,ronald b. bass,4.051576179418143,1.3991059855107595
204,sherman kassof,4.051576179418143,1.3991059855107595
205,steyer lowenthal boodrookas alvarez & smith,4.051576179418143,1.3991059855107595
206,trump alioto trump & prescott,4.051576179418143,1.3991059855107595
207,fisher & phillips,4.042291466610706,1.3968117258845603
208,bogue & bogue,4.018278614618637,1.390853605606105
209,klein & wilson,4.018278614618637,1.390853605606105
210,quinn emanuel urquhart oliver & hedges,3.9490307811669045,1.3734701769479514
211,fred r. harbecke,3.9470232519794095,1.3729616877146398
212,"kopecky, schumacher & bleakley",3.9470232519794095,1.3729616877146398
213,randall s. goulding & associates,3.9470232519794095,1.3729616877146398
214,"hamilton, quigley & twait",3.9220379971870125,1.3666114159442084
215,hunton & williams,3.904094917220298,1.3620259810678708
216,brand law group,3.8827402108671287,1.3565411442793385
217,curtis v. trinko,3.8355887485357254,1.3443229428630432
218,stradley ronon stevens & young,3.821502549517505,1.3406436828515684
219,"neblett, beard & arsenault",3.798655382961771,1.3346471575248562
220,"shipman, shaiken & schwefel",3.7945711655290735,1.3335714046020413
221,messner reeves,3.7889172850286066,1.3320803015074976
222,glancy prongay & murray,3.780488193306275,1.3298531529604645
223,lytal reiter clark fountain & williams,3.7324525772917614,1.3170655450033444
224,bragar eagel & squire,3.7177286870982322,1.3131129138281705
225,kaufman coren & ress,3.7177286870982322,1.3131129138281705
226,spector roseman kodroff & willis,3.715092934131842,1.3124036937738799
227,dunlap codding,3.702992727078664,1.3091413378676144
228,"lieff, cabraser, heimann & bernstein",3.6672244118021062,1.299435084872022
229,liddle & robinson,3.661011055998183,1.29773935407295
230,norris mclaughlin & marcus,3.6448064960186324,1.2933032765393946
231,lasky & rifkind,3.625988270022769,1.2881268773640426
232,consumer litigation associates,3.6186569269166178,1.2861029423307933
233,wenzel fenton cabassa,3.6186569269166178,1.2861029423307933
234,brian m. maul,3.5105710247166093,1.255778709350435
235,john c. hanrahan llc,3.5105710247166093,1.255778709350435
236,zimmet bieber,3.5060610305942395,1.254493193818795
237,zelle,3.4925619156450574,1.2506355401650824
238,kilgore & kilgore,3.484261848014814,1.248256213460811
239,squitieri & fearon,3.4687519243420857,1.2437948532777396
240,john s. simmons,3.4394220648276708,1.2353034528604243
241,stover gadow & tyler,3.4394220648276708,1.2353034528604243
242,"woolf, mcclane, bright, allen & carpenter",3.4394220648276708,1.2353034528604243
243,goldenberg law,3.4059333735833244,1.2255190205645305
244,baker & associates,3.392725576991841,1.2216336033658097
245,bredhoff & kaiser,3.364127547673077,1.2131686568714395
246,grais & ellswort,3.3582158089751073,1.2114098237061812
247,minami tamaki,3.3543843459378047,1.2102682501385698
248,baker & slaughter,3.3430687663872405,1.2068891774888078
249,overholt law firm,3.3430687663872405,1.2068891774888078
250,shipman & wright,3.3430687663872405,1.2068891774888078
251,the law office of michael davenport,3.3430687663872405,1.2068891774888078
252,the weiser law firm,3.314859903595751,1.1984153613860415
253,strange & carpenter,3.3100979672226623,1.196977786299215
254,"lewis, johs, avallone & aviles",3.2823684153545765,1.1885652396752735
255,siegel teitelbaum & evans,3.2722290660976827,1.185471424266121
256,cooch & taylor,3.2188174659736712,1.169014045512745
257,"rabinowitz, boudin, standard, krinsky & lieberman",3.2188174659736712,1.169014045512745
258,federman & sherwood,3.2134321519480276,1.167339572162412
259,goldman ismail tomaselli brennan & baum,3.2074224281522277,1.165467632695244
260,johnson bottini,3.1986293199710283,1.1627223805339117
261,halunen & associates,3.1848639849786338,1.1584095832389771
262,birnbaum & godkin,3.1677163483372883,1.1530109334338525
263,alan s. block bonner kiernan trebach & crociata,3.156777342917408,1.14955167902953
264,"bartimus, frickleton, robertson & gorny",3.154911394502212,1.148960411447371
265,"eichen, crutchlow, zaslow & mcelroy",3.154911394502212,1.148960411447371
266,haines & associates,3.154911394502212,1.148960411447371
267,"kaplan, fox & klischeimer",3.154911394502212,1.148960411447371
268,murphy,3.154911394502212,1.148960411447371
269,".brickman, richardson, patrick, westbrook & brickman",3.1498066246448353,1.1473410619515203
270,"britt, richardson, patrick, westbrook & brickman",3.1498066246448353,1.1473410619515203
271,lewin & lewin,3.1498066246448353,1.1473410619515203
272,bracewell & giuliani,3.136509186135287,1.1431104573357338
273,dana strout,3.1069705430897727,1.1336481495451665
274,kimberly j. ervin tucker,3.1069705430897727,1.1336481495451665
275,quinn emanuel urquhart & sullivan,3.0707704343108753,1.121928485916554
276,jonak & pugh,3.0617672252681003,1.1189922738585578
277,nassiri & jung,3.0617672252681003,1.1189922738585578
278,prison,3.0617672252681003,1.1189922738585578
279,rosen bien galvan & grunfel,3.0617672252681003,1.1189922738585578
280,obermayer rebmann maxwell & hippel,3.0582861065052147,1.1178546631386514
281,mehri & skalet,3.0406106160511257,1.1120583557914858
282,coblentz patch duffy & bass,3.0395466510652924,1.111708376358405
283,stewarts law us,3.038297687026945,1.1112973872028915
284,lichten & liss-riordan,3.028776156709246,1.1081586292513803
285,snell & wilmer,3.025373779796879,1.107034647418672
286,"levine, simpson, thacher & bartlett",3.0232592066278845,1.1063354569536905
287,weitz & luxenberg,3.0181357232586827,1.1046393305931559
288,"cadwalader, wickersham & taft",3.0114516801543636,1.1024222482639534
289,bernstein litowitz berger & grossmann,2.9834490945271215,1.0930800455006409
290,degrand & wolfe,2.96691832561414,1.087523813330919
291,kelly hart & hallman,2.96691832561414,1.087523813330919
292,bayard,2.9650266248907227,1.0868860121364279
293,gold bennett cera & sidener,2.9600435127888702,1.0852039684944315
294,axley brynelson,2.90613224962204,1.0668230732736406
295,charles barrett,2.881603649430356,1.058346961898482
296,merchant & gould,2.8632043712413275,1.0519414071663789
297,simandl & prentice,2.8168277466574057,1.0356113392281847
298,stites & harbison,2.796651509876817,1.0284228122051928
299,lovelace law firm,2.793711958971452,1.0273711628114939
300,rezvani volin,2.7919668665846333,1.0267463175605953
301,richard r. barrett,2.7428221277612854,1.0089873639765727
302,davis & norris,2.7258701172902216,1.002787686244236
303,dickstein shapiro,2.7200838607387445,1.000662710986586
304,dewitt ross & stevens,2.7178766867441206,0.9998509455842608
305,steel wright & collier,2.6938334332159766,0.9909652472778724
306,wheeler trigg o’donnell,2.6815422976452195,0.9863921131912154
307,burr & forman,2.671137545412869,0.9825044286510293
308,clark hill,2.6650118131154787,0.9802084902967185
309,at & t,2.6552212942819167,0.9765280012325043
310,chúmeles & tikellis,2.6413626225827027,0.9712949289189441
311,levi & korsinsky,2.6390077660837172,0.9704030003299366
312,andrew friedman,2.6387103794138067,0.9702903051605369
313,"saltz, mongeluzzi, barrett & bendesky",2.62483792924087,0.9650191528959448
314,bramson plutzik mahler & birkhaeuser,2.6231003529703374,0.964356959005473
315,davidson berquist jackson & gowdey,2.6215240049896256,0.9637558299557679
316,barnow & associates,2.5887496808618997,0.951175010448808
317,amamgbo & associates,2.5837034914758923,0.9492238314554671
318,blackwell & blackwell,2.5837034914758923,0.9492238314554671
319,"morris, laing, evans, brock & kennedy",2.5837034914758923,0.9492238314554671
320,straus & boies,2.5837034914758923,0.9492238314554671
321,rachel nicotra,2.5732684990875185,0.9451768803960751
322,markowitz & richman,2.5688792952275503,0.9434697319042344
323,"phillips, goldman & spence",2.5686682642044074,0.9433875794683415
324,meyer glitzenstein & crystal,2.5603217175422195,0.9401329215104727
325,stone & magnanini,2.552158601406346,0.9369395114379427
326,"nelkin, nelkin & krock",2.5469392486080014,0.9348923435762224
327,reilly pozner,2.5451786086394868,0.9342008277519492
328,kahn swick & foti,2.5431998983159527,0.9334230906317376
329,mitchell & declerck,2.539390151696592,0.9319239544451171
330,attorneys at law,2.536532338552841,0.9307979272249609
331,peter g. angelos,2.533092890527138,0.9294410424857571
332,astor weiss kaplan & mandel,2.5312919195807746,0.9287298125576178
333,faegre baker daniels,2.5305836646870152,0.9284499736376006
334,arent fox,2.5242789649187194,0.9259554634997141
335,shutts & bowen,2.517196559809055,0.9231458059960443
336,brown & rosen,2.517167246002248,0.9231341605099659
337,"michael silhasek,wilmer cutler pickering hale & dor",2.514731388414208,0.9221659940363213
338,fera,2.511007837252451,0.9206842013384191
339,gerald s. ohn,2.511007837252451,0.9206842013384191
340,"izard, kindall & raabe",2.511007837252451,0.9206842013384191
341,reich radcliffe kuttler,2.511007837252451,0.9206842013384191
342,sydney jay hall,2.511007837252451,0.9206842013384191
343,young w. ryu apc,2.511007837252451,0.9206842013384191
344,arnstein & lehr,2.507702933410468,0.9193671681517213
345,"robein, urann, spencer, picard & cangemi",2.5070089953029737,0.9190904072442999
346,locke lord,2.505366732748122,0.9184351241200018
347,"jacobs, burns, orlove & hernandez",2.5019146195166773,0.9170562865690376
348,jones waldo holbrook & mcdonough,2.5019146195166773,0.9170562865690376
349,ifrah,2.4625530983130215,0.901198656598343
350,cox wootton griffin hansen & poulos,2.454886648749263,0.8980805885916483
351,"mckee, voorhees & sease",2.4484651954153653,0.8954613774034432
352,phelps dunbar,2.4477480469380537,0.8951684373508179
353,"andereck, evans, widger, johnson & lewis",2.4412356859107915,0.8925043397653626
354,"taylor, burrage, foster, mallett, downs, ramsey & russell",2.4412356859107915,0.8925043397653626
355,"mcginnis, lochridge & kilgore",2.427652712591005,0.8869248286138999
356,fair work,2.4250749329362544,0.8858624240919445
357,keegan werlin,2.4250749329362544,0.8858624240919445
358,frank & bianco,2.41083794324549,0.8799743813636449
359,"prickett, jones & elliott",2.41083794324549,0.8799743813636449
360,izard nobel,2.3913667472473668,0.8718650632663151
361,labaton sucharow,2.377950093499316,0.8662388112945031
362,connolly gallagher,2.3595875533965773,0.8584868382543226
363,mcsweeney cynkar & kachouroff,2.358109333172094,0.8578601679495523
364,wexler toriseva wallace,2.3374519619842955,0.8490614309467686
365,howd & ludorf,2.3347650651226317,0.8479112715503725
366,desmarais,2.3194990845956367,0.841351250553682
367,"vedder, price, kaufman & kammholz",2.3128389271674203,0.8384757427645465
368,the kopelowitz & ostrow,2.311372347765526,0.8378414380739211
369,grayson & kubli,2.300751410395953,0.8332357697523767
370,.righetti glugoski,2.2966037893765976,0.8314314183527549
371,schneider wallace cottrell brayton konecky,2.2966037893765976,0.8314314183527549
372,schneider wallace cottrell konecky wotkyns,2.2966037893765976,0.8314314183527549
373,"branstetter, stranch & jennings",2.287093746719828,0.8272819053329432
374,abrams & bayliss,2.286704978969532,0.8271119075807254
375,esquire .of ashby & geddes,2.286704978969532,0.8271119075807254
376,olshan frome wolosky,2.286704978969532,0.8271119075807254
377,cohen placitella & roth,2.2825054343170024,0.8252737143459277
378,connolly wells & gray,2.2825054343170024,0.8252737143459277
379,goldman scarlato &,2.2722370811879746,0.8207648445293403
380,gunderson sharp,2.2722370811879746,0.8207648445293403
381,penny,2.2722370811879746,0.8207648445293403
382,siegel & hanso,2.2722370811879746,0.8207648445293403
383,london fischer,2.2501835401917183,0.8110117863079398
384,davis & gilbert,2.247730279865891,0.8099209425669341
385,"carlson, calladme & peterson",2.2474118759273463,0.8097792767739326
386,"richardson, patrick, westbrook & brickman",2.2474118759273463,0.8097792767739326
387,nelkin & nelkin,2.245390170626269,0.8088793014727348
388,cohen milstein hausfeld & toll,2.2392459075325846,0.8061391607651939
389,pennie & edmonds,2.2364080901758756,0.8048710476633073
390,"lukas, nace, gutierrez & sachs",2.2225056577142683,0.7986352340558965
391,rubin,2.2225056577142683,0.7986352340558965
392,quadrino law group,2.209786177973573,0.7928957588007232
393,szaferman lakind blumstein & blade,2.209786177973573,0.7928957588007232
394,",",2.209740766046283,0.7928752082178816
395,addabbo & greenberg,2.209740766046283,0.7928752082178816
396,brian j. davis,2.209740766046283,0.7928752082178816
397,"callan, regenstreich, koster & brady",2.209740766046283,0.7928752082178816
398,callen koster brady & brennan,2.209740766046283,0.7928752082178816
399,"goldberg, corwin & greenberg",2.209740766046283,0.7928752082178816
400,goodman & o,2.209740766046283,0.7928752082178816
401,gottlieb rackman & reisma,2.209740766046283,0.7928752082178816
402,ira m. siegel,2.209740766046283,0.7928752082178816
403,"kressel, rothlein, walsh & roth",2.209740766046283,0.7928752082178816
404,paesano akkashian,2.209740766046283,0.7928752082178816
405,stanton lee phillips,2.209740766046283,0.7928752082178816
406,stern & schurin,2.209740766046283,0.7928752082178816
407,steven a. elia,2.209740766046283,0.7928752082178816
408,the,2.209740766046283,0.7928752082178816
409,vandeveer garzia,2.209740766046283,0.7928752082178816
410,william a. markham,2.209740766046283,0.7928752082178816
411,"skadden, arps, slate, meagher & flom",2.196087218469308,0.7866772398300379
412,"onnor, thompson & knight",2.169640864523606,0.7745616536361591
413,"shepherd, finkelman, miller & shah",2.1559952955601633,0.7682524710221824
414,maggs & mcdermott,2.1556689307871895,0.7681010841068457
415,michael a. gordon,2.1556689307871895,0.7681010841068457
416,"calfee, halter & griswold",2.1530010765704484,0.766862718414822
417,"bonnett, fairbourn, friedman & balint",2.150209831198504,0.7655654332836818
418,ressler & ressler,2.1465282793722054,0.763851783239162
419,whgc,2.139913656700795,0.7607654808837073
420,fishbein sedran & berman,2.1094996939043638,0.7464508074788392
421,plaintiffs & counterclaim,2.108737940030211,0.7460896358481538
422,dealy silberstein & braverman,2.0812726159499033,0.7329795412100527
423,"leydig, voit & mayer",2.0689130647220013,0.7270233798632253
424,timothy landis,2.067130387305724,0.7261613591676774
425,gibbons,2.0617006965608757,0.7235312230518612
426,osborn law,2.0463636228698543,0.7160643755262409
427,harwood feffer,2.043945242391179,0.7148818825458138
428,"eckert, seamans, cherin & mellott",2.0416894869937554,0.7137776450032792
429,"gusrae, kaplan, nusbaum",2.0269796661876716,0.7065468359383789
430,wagstaff & cartmell,2.0254418818335806,0.7057878900046048
431,stanley iola,2.0213686227915146,0.7037748180245998
432,rome mcguigan,2.0132554081652536,0.6997530179758913
433,donald m. temple,2.010049263307624,0.6981592308789119
434,nossaman,2.0088526446018076,0.6975637355079882
435,ashcraft & gerel,1.9885672411113868,0.6874144000857911
436,"donaldson, guin & slate",1.9841213425550757,0.6851761675544842
437,"guin, stokes & evans",1.9841213425550757,0.6851761675544842
438,sarraf gentile,1.9841213425550757,0.6851761675544842
439,schatz & nobe,1.9841213425550757,0.6851761675544842
440,foster pepper,1.9757940291127198,0.6809703576137096
441,skaggs faucette,1.9579482700304092,0.6718971239587014
442,much shelist,1.9497582111636127,0.6677053706126593
443,norman rifkind,1.9497582111636127,0.6677053706126593
444,"joseph, herzfeld, hester, & kirschenbaum",1.9467162647697633,0.6661439863250732
445,dhali,1.9411470637056234,0.6632790682953835
446,coppersmith brockelman,1.9407694441417633,0.6630845151336718
447,"cowan, debaets, abrahams & sheppard",1.936158864441105,0.6607060435668884
448,gilman & pergament,1.936158864441105,0.6607060435668884
449,kaplan gilman & pergament,1.936158864441105,0.6607060435668884
450,susman godfrey,1.9306726051525678,0.6578684422837974
451,maddox edwards,1.928267721666839,0.6566220463339311
452,saxena white,1.926753202165472,0.6558363076263023
453,"mandell, schwartz & boisclair",1.9148260655282572,0.6496267911071633
454,gordon tilden thomas & cordell,1.9108382120112062,0.6475420002462148
455,"akin, gump, strauss, hauer & feld",1.9068187838635067,0.645436295287797
456,gregory k. evans,1.8881585210888274,0.6356020266397767
457,weller green toups & terrell,1.8881585210888274,0.6356020266397767
458,kelston & zavez,1.8880119832794462,0.6355244147791442
459,finnegan henderson farabow garrett & dunner,1.8860706926581843,0.6344956663604365
460,consovoy mccarthy,1.8763020934195975,0.6293028682274577
461,pachulski stang ziehl & jones,1.8741986755080724,0.6281811950101176
462,"spiro, stone & magnanini",1.8739431939124713,0.6280448706099763
463,"lovell, stewart, halebian, jacobson",1.8716305549452708,0.6268100054511829
464,hurwitz sagarin slossberg & knuff,1.8684446553818255,0.6251063496930193
465,miller & chevalier,1.8670025582188077,0.6243342347883242
466,"newark, nj, finnegan, henderson, farabow, garrett & dunner",1.8573406007413438,0.6191456800601778
467,"dunnington, bartholow & miller",1.8554703441125449,0.6181382186974707
468,shipman & goodwin,1.8549349203977183,0.6178496121004156
469,smith & smith,1.8490057030254041,0.6146480367839001
470,"miller, egan, molter & nelson",1.8472629870896042,0.6137050771610828
471,faegre & benson,1.839411525915701,0.6094456975947508
472,andrea paparella,1.8342494643550604,0.6066353865879689
473,carmody & torrance,1.8327815270945271,0.6058347730440058
474,lewis brisbois bisgaard & smith,1.831523276391457,0.6051480120784188
475,aaron m. levine & associates,1.8293354414191159,0.6039527541340647
476,patrick malone & associates,1.8293354414191159,0.6039527541340647
477,cantelme & brown,1.827453305643002,0.6029233613676238
478,marc s. henzel,1.8252884653609796,0.6017380377552772
479,meredith & narine,1.8252884653609796,0.6017380377552772
480,roseman & kodroff & willis,1.8252884653609796,0.6017380377552772
481,simmons browder gianaris angelides & barnerd,1.8252884653609796,0.6017380377552772
482,"fine, kaplan & black",1.8234948738918306,0.600754920125729
483,greg coleman law,1.8234948738918306,0.600754920125729
484,johnson & weaver,1.8179815182497006,0.5977268297243505
485,coburn & greenbaum,1.8140981674519567,0.5955884667953758
486,emery celli brinckerhoff & abady,1.8102053610614475,0.5934402979917028
487,"holland, groves, schneller & stolze",1.8091786980561133,0.5928729843183813
488,curtis l. kennedy,1.8036620521135158,0.5898190715601911
489,berger attorney,1.8030805571055029,0.5894966227047806
490,reich & binstock,1.8003434264316995,0.5879774391656073
491,"wolf, greenfield & sacks",1.789487361821051,0.5819291887910978
492,"scopelitis, garvin, light & hanson",1.7829013906125981,0.5782420320305747
493,ruben jose rodrigues foley & lardne,1.7826595318844034,0.5781063682549036
494,bailey & glasser,1.7649377335524576,0.5681154113224274
495,harry j. binder and charles e. binder,1.7642469189336007,0.567723924508501
496,stocks & firkins,1.7642469189336007,0.567723924508501
497,quinn emanuel,1.7627314946474133,0.5668645915601574
498,boxer wolpert nessim drooks lincenberg & rhow,1.7594620606334308,0.5650081149630148
499,"ogletree, deakins, nash, smoak & stewart",1.75416830945856,0.5619948468483944
500,john d. vanlobensels whgc,1.7534288352087861,0.5615732053483985
501,weiss & lurie,1.752343570003695,0.5609540748890768
502,weisslaw,1.752343570003695,0.5609540748890768
503,"benesch, friedlander, coplan & aronoff",1.7498126804242136,0.5595087424486668
504,paul g. gaston,1.7485028184447868,0.5587598894415196
505,fitzpatrick celia harper & scinto,1.742713493317037,0.5554433774197549
506,zimmerman law offices,1.742713493317037,0.5554433774197549
507,freking & betz,1.736617777753328,0.5519394156951577
508,morris james,1.736501357280414,0.5518723748201221
509,wilk auslander,1.7364505300145552,0.5518431044659612
510,halloran & sage,1.7334466737973069,0.5501117235107377
511,berger & montague,1.7298535614588357,0.5480367583713794
512,"anapol, schwartz, weiss, cohan, feldman & smalley",1.7234625561101549,0.5443353812442379
513,buether joe & carpenter,1.716700817628058,0.540404319573574
514,"marshall, gerstein & borun",1.7114262943096972,0.5373271130942
515,"beins, axelrod",1.7091014049264672,0.5359677381990557
516,"kingsbery, esq., dechert",1.708667043888961,0.5357135600437186
517,radulescu,1.706356537906173,0.5343604178003394
518,grippo & elden,1.7058893668423318,0.5340865975190343
519,"bonnett, farlbourn, friedman & balint",1.7058864172994168,0.5340848684822502
520,aron d. robinson,1.7056408501214542,0.5339409052897341
521,fitch even tabin & flannery,1.6983890767178458,0.5296801998729473
522,lefevre & lefevre,1.6983890767178458,0.5296801998729473
523,halleran & ciesla,1.6912552313497187,0.5254709936834242
524,faraci lange,1.6907000056876238,0.5251426477248481
525,becker & poliakoff,1.6881334990474164,0.5236234801599429
526,"mccarthy, lebit, crystal & liffman",1.6819255311310577,0.5199392865700736
527,hynes keller & hernandez,1.681622856021748,0.5197593128784314
528,"lowenstein, sandler, brochón, kohl, fisher, boylan & meanor",1.678962953873589,0.5181763134526896
529,reese richman,1.675518941064332,0.5161229328548945
530,steven l. levitt & associates,1.6712637855585035,0.513580098051307
531,law offices bernard m. gross,1.6620941968864869,0.5080783716541936
532,whitfield & eddy,1.657466205542821,0.5052900540572483
533,marcus & mack,1.6566494109325907,0.5047971354501195
534,damian & valori,1.65600646078809,0.5044089573975407
535,peckar & abramson,1.6521322839173889,0.5020667469034797
536,nye peabody stirling hale & mille,1.6482655289539159,0.49972354044659034
537,"berkowitz, oliver, williams, shaw & eisenbrandt",1.6419632954186008,0.4958926571985405
538,john m. dowd,1.6402882368712646,0.49487198058294435
539,john g. nelson,1.6399629908989644,0.4946736750564575
540,outten & golden,1.6286144932452775,0.48772964921630513
541,"kay, griffin, enkema & colbert",1.6271630813035554,0.48683805757367177
542,lukins & annis,1.6250349875049368,0.48552934632218586
543,"finnegan, henderson, farabow, garrett & dunner",1.620416846669614,0.4826834289040635
544,welsh & katz,1.6178583391385097,0.48110326173687246
545,gary m. gilbert & associates,1.616724500112139,0.4804021889066748
546,margaret kohn,1.616724500112139,0.4804021889066748
547,corlew munford & smith,1.6139732665941409,0.47869900626209394
548,wilmer cutler pickering hale &,1.6090185641749113,0.47562440565338976
549,shapiro haber & urmy,1.6080622344690596,0.4750298730358539
550,saul ewing,1.6073863348028554,0.4746094653312379
551,hatch james & dodge,1.604328081231727,0.47270502795026353
552,girard gibbs,1.5964567762367812,0.467786658729636
553,banys,1.5934833129283967,0.4659223828583246
554,hayes bostock & cronin,1.5934833129283967,0.4659223828583246
555,miele law group,1.5934833129283967,0.4659223828583246
556,"mintz, levin, cohn, ferris, glovsky & po",1.5934833129283967,0.4659223828583246
557,law offices of curtis v. trinko,1.588029750049103,0.4624940969373076
558,sapir & frumkin,1.588029750049103,0.4624940969373076
559,wexler eagel & squires,1.5869491633979957,0.4618134078856395
560,haber polk,1.5823897257360173,0.4589361890290448
561,howard w. rubinstein,1.5819449390905218,0.45865506411936385
562,seeger weiss,1.5704922179917684,0.45138908486920853
563,lynn e. cunningham,1.5689526697003064,0.4504083073942426
564,campbell shatley,1.567118575739636,0.4492386310532182
565,"co., l",1.5644077586291463,0.4475073233788352
566,cohen tauber spievack & wagner,1.5643807422611467,0.44749005383952783
567,krause kalfayan benink & slaven,1.5643807422611467,0.44749005383952783
568,robert w. sink,1.5643807422611467,0.44749005383952783
569,sellers & tol,1.5643807422611467,0.44749005383952783
570,swift & graf,1.5643807422611467,0.44749005383952783
571,willig williams & davidson,1.5643807422611467,0.44749005383952783
572,scopelitis garvin light hanson & feary,1.5603612291320728,0.44491735159217405
573,bernard m. gross,1.5590662986173083,0.4440871155455743
574,robinson brog leinwand greene genovese & gluck,1.5573971229256054,0.44301591680165525
575,corboy & demetrio,1.5553946965589212,0.441729337576944
576,"rifldn, livingston, levitan, & silver",1.555340373007774,0.44169441107247615
577,"vice, zell & co",1.555340373007774,0.44169441107247615
578,"chehardy, sherman, williams, murray, recile, stakelum & hayes",1.5518745861780001,0.43946361062089484
579,clearspire law co.,1.5518745861780001,0.43946361062089484
580,"knox, lemmon & anapolsky",1.5518745861780001,0.43946361062089484
581,murray & murray,1.5518745861780001,0.43946361062089484
582,bolen robinson & ellis,1.5508977672925142,0.4388339679617001
583,"wachtell, lipton, rosen & katz",1.5483591159341654,0.4371957353002781
584,boardman & clark,1.5463190076388533,0.43587727275950133
585,michael j. flanagan,1.5463190076388533,0.43587727275950133
586,perry charnoff,1.5425467220770865,0.43343476617795607
587,kendall law group,1.541144536088838,0.4325253456377676
588,zeldes & haeggquist,1.541144536088838,0.4325253456377676
589,"burgess, burgess & lamb",1.539721295273157,0.43160142295185455
590,ralph k. phalen law,1.539721295273157,0.43160142295185455
591,johnson & perkinson,1.539255806054712,0.43129905680448
592,woodward & kelley,1.539255806054712,0.43129905680448
593,moore & elia,1.5348025000950571,0.4284017083279947
594,craig c. reilly,1.5338537626252369,0.42778336764802033
595,chitwood harley harnes,1.528324595512716,0.42417209980219717
596,aitan david goelman semra aylin mesulam zuckerman spaeder,1.516454648976017,0.4163751426390084
597,willkie farr & gallagher,1.51382661400272,0.4146406266623667
598,the bilek law firm,1.5136021494413385,0.41449233939991936
599,grant and eisenhofer,1.5127699598300446,0.41394238083420337
600,walkup melodía kelly & schoenberger,1.5127699598300446,0.41394238083420337
601,pearl cohen zedek latzer baratz,1.5105479435965417,0.4124724615570608
602,anapol schwartz weiss cohan feldman & smalley,1.5068390210792926,0.41001409315513015
603,"robinson, curley & clayton",1.503950416470863,0.4080952572121666
604,smith & allison,1.5021147840995357,0.4068739712605918
605,krueger iselin,1.4979812145572866,0.40411834466745605
606,"hodosh, spinella & angelone",1.4949130674074191,0.402068056260579
607,vetter & white,1.4949130674074191,0.402068056260579
608,warner angle hallam jackson formanek,1.4908362553178012,0.39933720769792946
609,morgan stanley & co,1.4907842018678272,0.3993022914832558
610,cafferty clobes meriwether & sprengel,1.4867603322701128,0.3965994791483431
611,frankfurt kurnit klein & selz,1.4854743667976102,0.3957341601658632
612,nicholas r. lewis,1.4854743667976102,0.3957341601658632
613,wiley rein,1.4834898379768218,0.3943973106928018
614,"robbins, salomon & patt",1.4780633066592925,0.39073265426047227
615,simon rosen,1.4780633066592925,0.39073265426047227
616,"deehert, price & rhoads",1.478029980782634,0.390710107017595
617,ann miller,1.475806081267293,0.38920433629178613
618,daniel harris,1.475806081267293,0.38920433629178613
619,leichtman law,1.4651698759799858,0.3819711920469501
620,pepper hamilton,1.463188821504431,0.38061817830619904
621,lawrence b. lambert,1.4623167639149113,0.38002200264364316
622,wites & kapetan,1.4623167639149113,0.38002200264364316
623,joshua l. dratel,1.4507793198058854,0.3721008739866411
624,davis wright tremaine,1.4502941972611298,0.3717664305149928
625,"abramowitz, franks & olsen",1.450064903269234,0.3716083163060788
626,strand,1.450064903269234,0.3716083163060788
627,oppenheimer wolff & donnelly,1.4455509949147634,0.36849056024339216
628,arellano & phebus,1.441574932521394,0.36573621907022075
629,"dickie, mccamey & chilcote",1.438759210169619,0.36378108254145464
630,hurst & hurst,1.4362079210138625,0.36200625193709596
631,davis cowell & bowe,1.4357701150902349,0.36170137082622733
632,hadsell stormer richardson & renick,1.4357701150902349,0.36170137082622733
633,sheila thomas,1.4357701150902349,0.36170137082622733
634,tinkler & firth,1.4357701150902349,0.36170137082622733
635,fish & tsang,1.4346543958452815,0.3609239810729753
636,sidkoff pincus & green,1.4346543958452815,0.3609239810729753
637,foley & lardner,1.4320448914195667,0.3591034168037725
638,cooper & kirk,1.4308100741569783,0.3582407693039786
639,"kessler, meltzer & check",1.4308100741569783,0.3582407693039786
640,pomerantz grossman hufford dahlstrom,1.4308100741569783,0.3582407693039786
641,d. fernando bobadilla,1.4303918650442864,0.35794843823154343
642,kessler topaz meltzer & check,1.430229908222353,0.3578352063295703
643,lemberg & associates,1.4290142278150848,0.35698485538177915
644,blau & malmfeldt,1.4274865257165956,0.3559152234257885
645,bernstein & lipsett,1.4209785983795824,0.3513457880441799
646,james & hoffman,1.4209785983795824,0.3513457880441799
647,"sheppard, mullin, richter & hampton",1.418986155846228,0.34994264185563206
648,andres w. lopez,1.4166981228614413,0.3483288983944844
649,gates,1.4152219296675879,0.34728635955145476
650,woodburn & wedge,1.414231893288365,0.3465865521104606
651,jackson lewis,1.409905195451547,0.343522464861144
652,cohen milstein sellers & toll,1.4087038291073037,0.34267001146549675
653,tycko & zavareei,1.408153565807486,0.3422793184131537
654,sander ingebretsen &,1.4035936887240181,0.33903586822494863
655,walker,1.4035936887240181,0.33903586822494863
656,davis graham & stubbs,1.4033390219473012,0.338854412662122
657,demissie & church,1.4033390219473012,0.338854412662122
658,fisher broyles,1.4033390219473012,0.338854412662122
659,graves & doyle,1.4033390219473012,0.338854412662122
660,john h. ruiz,1.4033390219473012,0.338854412662122
661,law offices of harry j. binder and charles e. binder,1.4033390219473012,0.338854412662122
662,spencer fane britt & browne,1.4033390219473012,0.338854412662122
663,"’s office, agriculture & environment",1.4033390219473012,0.338854412662122
664,zelle hofmann voelbel & mason,1.40307314317977,0.33866493317537344
665,"goldberg, lowenstein & weatherwax",1.4029668472303887,0.3385891709269411
666,vedder price,1.3982778903835655,0.33524140115647044
667,hadsell stormer & renick,1.396347729117403,0.3338600629481574
668,ray a. ybarra maldonado,1.396347729117403,0.3338600629481574
669,"partridge, ankner & horstmann",1.395259677993615,0.3330805470491008
670,partridge ip law,1.3950091118120844,0.3329009470169321
671,"sneckenberg, thompson & brody",1.3950091118120844,0.3329009470169321
672,james w. simpson jr.,1.3930498457729326,0.3314954771961878
673,"cope, hudson, reed & mccreary",1.3903373489954856,0.3295464148154732
674,miller & martin,1.3900274507097778,0.3293234956596675
675,judith brown chomsky,1.3890239940771247,0.3286013379765883
676,nagel rice,1.3890239940771247,0.3286013379765883
677,schonbrun desimone seplow harris & hoffman,1.3890239940771247,0.3286013379765883
678,anderson & karrenberg,1.3873876114713877,0.3274225626163731
679,harper law,1.3873876114713877,0.3274225626163731
680,kravit hovel & krawczyk,1.3873876114713877,0.3274225626163731
681,dinsmore & shohl,1.3872115915296077,0.32729568307151796
682,knobbe martens olson & bear,1.3840475088234416,0.32501218379088115
683,"kohn, swift & graf",1.3774817480144224,0.3202570118768753
684,baker donelson bearman caldwell & berkowitz,1.375892671387569,0.31910273602387834
685,higgins benjamin,1.375371162546772,0.3187236310899126
686,cooper & elliott,1.3705866450092539,0.3152388562210882
687,"crabbe, brown & james",1.3705866450092539,0.3152388562210882
688,bellavia blatt & crossett,1.366367396819594,0.31215568312610087
689,broderick & paronich,1.3658999727093502,0.3118135320467324
690,murray murphy moul basil,1.3658999727093502,0.3118135320467324
691,"fleeson, gooing, coulson & kitch",1.3628999443784051,0.3096147416401218
692,lapin & leichtling,1.3622491527085214,0.3091371225014472
693,edelman combs latturner & goodwin,1.360166108328627,0.30760683076659573
694,mintz levin cohn ferris glovsky & popeo,1.3558127870329013,0.3044011173265752
695,"l’abbate, balkan, colavita & contini",1.3556912624146173,0.3043114810094986
696,monteverde & associates,1.35217768722177,0.3017163944450922
697,the sultzer law group,1.35217768722177,0.3017163944450922
698,baker & mckenzie,1.3505714171209748,0.30052777483750237
699,hamilton stephens steele & martin,1.3495646738474807,0.29978207663102097
700,adler pollock & sheehan,1.3478895643546016,0.2985400835810677
701,offit kurman,1.336929482589816,0.29037555371449586
702,"bronstein, gewirtz & grossman",1.336138029477006,0.2897833852545786
703,bauer & bach,1.3353230875479316,0.28917327571627394
704,ridout lyon & ottoso,1.3338802597881123,0.2880921831859607
705,fisch hoffman sigler,1.3296674578897645,0.2849288793087039
706,stephen f. wasinger,1.3293167720731716,0.2846651050337951
707,"kasowitz, benson, torres",1.3290830181245776,0.2844892443900663
708,"cunningham, meyer & vedrine",1.3258988506747682,0.28209060731167884
709,"mcbreen, kopko & dayal",1.3258988506747682,0.28209060731167884
710,anthony j. fabian,1.325798607867789,0.2820150007927647
711,bruno colin & lowe,1.325798607867789,0.2820150007927647
712,daniel k. gebhardt,1.325798607867789,0.2820150007927647
713,dowd bennett,1.325798607867789,0.2820150007927647
714,hale westfall,1.325798607867789,0.2820150007927647
715,ira s. newman,1.325798607867789,0.2820150007927647
716,jefferson & brewer,1.325798607867789,0.2820150007927647
717,lenore c. garon,1.325798607867789,0.2820150007927647
718,mctigue & mcginnis,1.325798607867789,0.2820150007927647
719,olekanma a. ekekwe,1.325798607867789,0.2820150007927647
720,rosenblum schwartz,1.325798607867789,0.2820150007927647
721,throndset michenfelder,1.325798607867789,0.2820150007927647
722,tolies & olso,1.325798607867789,0.2820150007927647
723,kelly d. talcott,1.3210612082080353,0.2784353592192538
724,kabateck brown kellner,1.320957329307044,0.2783567232070004
725,kass ellrod ramirez trester,1.320957329307044,0.2783567232070004
726,sherman & howard,1.319431074966827,0.27720063987642923
727,edelson,1.3189365569269595,0.2768257732053251
728,arsht & tunnel,1.3107815471886697,0.2706235602248719
729,l. dewayne layfield,1.3105264701388657,0.27042894208085905
730,milstein adelman & kreger,1.3105264701388657,0.27042894208085905
731,united states attorney,1.3103606328302486,0.2703023915639363
732,". morris, nichols, arsht & tunnell",1.3099947686883722,0.2700231438374318
733,walsh,1.307486709947114,0.26810675242888754
734,lamont man jefferson haynes & boone,1.3037121618408096,0.2652157043542978
735,wilson elser moskowitz edelman & dicker,1.301591793350665,0.2635879718556914
736,obion spivak mcclelland maier & neustadt,1.299716776059777,0.26214637616215586
737,kenyon & kenyon,1.299450802393665,0.2619417155090721
738,"niro, haller & niro",1.2936349789873893,0.25745606894872647
739,"norman, hanson & detroy",1.2936349789873893,0.25745606894872647
740,deluca & weizenbaum,1.2928858699261134,0.2568768282420176
741,berry law,1.2908568501360635,0.25530622278552684
742,kellogg huber hansen todd evans & figel,1.2908568501360635,0.25530622278552684
743,morgan tidalgo sukhodrev & azzolino,1.2908568501360635,0.25530622278552684
744,ballard spahr,1.2857619687363226,0.25135151438812553
745,wolf haldenstein adler freeman & herz,1.27947082878378,0.2464465774393077
746,bottini & bottini,1.2753688043642073,0.24323539510813438
747,michael bartolic,1.2751616860120851,0.24307298312885484
748,polsinelli,1.2718677435936494,0.24048648434991318
749,zeldes haeggquist & eck,1.2717136314148252,0.24036530703628212
750,glovsky & popeo,1.2676274776004681,0.23714702546973296
751,greenberg traurig,1.2675684034901844,0.23710042227766007
752,freeman wolfe & greenbaum,1.2622394891576225,0.2328875156535884
753,"spector, roseman & kodroff",1.2613509434108587,0.23218332390201518
754,williams,1.2613509434108587,0.23218332390201518
755,ward & smith,1.2589061791216607,0.23024323212790804
756,cahn & samuels,1.258548769534211,0.2299592869553902
757,martzell & bickford,1.2579613733062447,0.2294924529628428
758,golomb & honik,1.257773117249981,0.2293427900653298
759,"posternak, blankstein & lund",1.2572716270092195,0.22894399775870977
760,hagerty & brady,1.2560365558044615,0.22796117256232426
761,kenney shelton liptak & nowak,1.2560365558044615,0.22796117256232426
762,profy promisloff & ciarlanto,1.2554319852795939,0.22747972473476394
763,panitch schwarze belisario & nadel,1.25417274826159,0.22647619050735882
764,feinstein doyle payne & kravec,1.2489123435353144,0.2222730473638149
765,francis & mailman,1.2489123435353144,0.2222730473638149
766,janet lindner spielberg,1.2489123435353144,0.2222730473638149
767,kirtland & packard,1.2489123435353144,0.2222730473638149
768,shirish gupta,1.2489123435353144,0.2222730473638149
769,"michael robert reese, reese",1.2473631218176138,0.22103182063375004
770,miller & axline,1.2473631218176138,0.22103182063375004
771,hogue & belong,1.2458002094318759,0.21977806194824542
772,the fuiszr-kundu group,1.2458002094318759,0.21977806194824542
773,"tompkins, mcguire, wachenfeld & barry",1.2458002094318759,0.21977806194824542
774,kurtz,1.2451702602719357,0.2192722758050283
775,young pickett & lee,1.2451702602719357,0.2192722758050283
776,anthony ostlund baer & louwagie,1.24177636780937,0.21654290917437602
777,robert m. brill,1.2411229570305125,0.21601658030763163
778,michael j. newman & associates,1.2383178715744707,0.21375390348110884
779,"wolf, haldenstein, adler, freeman & herz",1.237233356608808,0.21287772283681677
780,"rifkin, weiner, livingston, levitan & silver",1.237230135704204,0.21287511952129876
781,"abrams, fensterman, fensterman, eisman, formato & einiger",1.231757490653576,0.20844200373343091
782,"baker, donelson, bearman & caldwell",1.231757490653576,0.20844200373343091
783,coleman & horowitt,1.231757490653576,0.20844200373343091
784,fredrick p. stern,1.231757490653576,0.20844200373343091
785,garrison,1.231757490653576,0.20844200373343091
786,glaser weil fink howard avchen & shapir,1.231757490653576,0.20844200373343091
787,landye bennett blumstein,1.231757490653576,0.20844200373343091
788,"mitchell, williams, selig, gates & woodyard",1.231757490653576,0.20844200373343091
789,sabel & sabel,1.231757490653576,0.20844200373343091
790,"semmes, bowen & semmes",1.231757490653576,0.20844200373343091
791,shipman & goodwin-constplza-htfd,1.231757490653576,0.20844200373343091
792,troutman sanders-va,1.231757490653576,0.20844200373343091
793,wyrsch hobbs mirakian,1.231757490653576,0.20844200373343091
794,zaner harden law,1.231757490653576,0.20844200373343091
795,coughlin stoia geller rudman & robbins,1.231733413465207,0.20842245652233338
796,"beasley, allen, crow, methvin, portis & miles",1.2307205386781745,0.20759980167165193
797,lake tindall,1.2307205386781745,0.20759980167165193
798,blood hurst & o,1.2239311728521034,0.20206795117911294
799,bousquet law,1.2239311728521034,0.20206795117911294
800,"casey, gerry, schenk, francavilla, blatt & penfield",1.2239311728521034,0.20206795117911294
801,kanner & whiteley,1.2239311728521034,0.20206795117911294
802,mark schlachet,1.2239311728521034,0.20206795117911294
803,mauriello law firm,1.2239311728521034,0.20206795117911294
804,milstein adelman,1.2239311728521034,0.20206795117911294
805,murray frank,1.2239311728521034,0.20206795117911294
806,reardon,1.2239311728521034,0.20206795117911294
807,ridout & lyon,1.2239311728521034,0.20206795117911294
808,donovan hatem,1.2238251901754953,0.20198135540653103
809,arthur w. leach,1.2236656297343727,0.20185096844854886
810,lynn d. preheim stinson morrison hecker,1.2202759435020016,0.19907701636796402
811,warner partners,1.2162847903683456,0.19580095872837372
812,nichols raster,1.2131471905471578,0.19321796682713863
813,nix patterson & roach,1.2131471905471578,0.19321796682713863
814,rosman & germai,1.2131471905471578,0.19321796682713863
815,hornstein,1.2130572922522302,0.1931438607115115
816,lieff cabraser . heimann & -,1.2130572922522302,0.1931438607115115
817,podhurst orseck,1.2130572922522302,0.1931438607115115
818,stamell & schager,1.2130572922522302,0.1931438607115115
819,finn dixon & herling,1.2120796655805093,0.19233761616394426
820,"onnor, weil, gotshal & manges",1.2120796655805093,0.19233761616394426
821,"mitchell, mcnutt & sams",1.2114681543708663,0.1918329748132878
822,beasley allen crow methvin portis & miles,1.2053534058892335,0.18677280683922634
823,anderson kill,1.194557401806187,0.17777574172010788
824,richard barrett,1.1912385878334097,0.17499359594744598
825,daniel r. karon,1.1842721035238966,0.16912832722334764
826,"phv, kasowitz, benson, torres & friedman",1.1816652124551592,0.1669246406707888
827,chimicles & tikellis,1.1808749737224373,0.16625566685454107
828,dworken & bernstein,1.1796729346278991,0.16523722601359525
829,grossman,1.1796729346278991,0.16523722601359525
830,john a. kithas,1.1796729346278991,0.16523722601359525
831,nest,1.1717563120866867,0.15850374469474335
832,spector gadon & rosen,1.1714554211720687,0.15824692546496474
833,robbins geller rudman & dowd,1.1701328975376273,0.15711732999807504
834,stephan zouras,1.1679059587981566,0.155212366436945
835,dykema gossett,1.167233713445646,0.15463660184429806
836,keker & van,1.1671983038647904,0.15460626505950772
837,greenfield & goodman,1.1614630721211456,0.1496804794565698
838,"clark, hunt, ahern & embry",1.1613722255923749,0.14960225907744387
839,burr & smith,1.160773064397158,0.14908621797433463
840,thomas a. warren,1.160773064397158,0.14908621797433463
841,foley hoag,1.159347931045319,0.1478577186556576
842,hill rivkins,1.155397203338396,0.14444418384833366
843,kobre & kim,1.1546959138955593,0.14383703129751385
844,"white, getgey & meyer",1.1540820992393992,0.14330530874373873
845,"carlson, caspers, vandenburgh, lindquist & schuman",1.153207636231196,0.14254730853541692
846,organ cole,1.1507291553675345,0.14039578959724103
847,von briesen & roper,1.1505942396199231,0.14027853902041224
848,"levin, fishbein, sedran & berman",1.1488497983408525,0.13876126651024806
849,yarmuth wilsdon,1.1485260846766978,0.13847945484095175
850,"procopio, cory, hargreaves & savitch",1.1441322527221611,0.13464649180216687
851,smart & bostjancich,1.1434182761755949,0.13402226378120655
852,pretzel & stouffer,1.1422092870482712,0.13296435805804208
853,sanchez & daniels,1.1413762805117176,0.13223479785645825
854,drinker biddle & reath,1.134944289025836,0.12658356516994493
855,"pillsbury, winthrop, shaw, pittman",1.134323661527182,0.12603658039101928
856,"eil, block & levitón",1.1334600558409056,0.12527495068055883
857,powers taylor,1.1327531208245742,0.12465105964811665
858,thompson coburn,1.1326229409306519,0.1245361295963134
859,beck redden & secrest,1.1299359144302594,0.12216091822243652
860,spreter legal services,1.1295482175552716,0.12181774530672144
861,leitess friedberg,1.1285791155530556,0.12095942164400895
862,sigman & zimolong,1.1255074052966727,0.11823396090468631
863,cozen & o,1.1226816345751665,0.11572014008315928
864,thompson & knight,1.122563160260638,0.11561460654408966
865,"axinn, veltrop & harkrider",1.1218231486017107,0.11495517310981712
866,ransdell & roach,1.1210029956318075,0.11422381637173999
867,bowman & brooke,1.1192056675393003,0.1126192082763452
868,hartline dacus barger dreyer & kern,1.1192056675393003,0.1126192082763452
869,hirsehfeld kraemer,1.1192056675393003,0.1126192082763452
870,"huie, fernambucq & stewart",1.1192056675393003,0.1126192082763452
871,harris beach,1.1160556578425653,0.10980073533430763
872,singer zamansky,1.1149015906681667,0.10876614152655065
873,zamansky & associates,1.1149015906681667,0.10876614152655065
874,honigman miller schwartz & coh,1.1138007084867871,0.10777822827197832
875,woodrow & peluso,1.1138007084867871,0.10777822827197832
876,french & associates,1.1063893433658654,0.10110186951243137
877,"brunini, grantham, grower & hewes",1.1051952291998797,0.1000219973729357
878,kirkland & ellis,1.102425714788783,0.09751294719241828
879,"becker, paulson, hoerner & thompson",1.100227916521575,0.09551735517982
880,abraham watkins nichols sorrels agosto & friend,1.0997706518583539,0.095101659754943
881,johnson deluca kurisky & gould,1.0997706518583539,0.095101659754943
882,kantrowitz goldhamer & graifman,1.0997706518583539,0.095101659754943
883,"stull, stull & brody",1.0997706518583539,0.095101659754943
884,kopelowitz ostrow,1.098924013531156,0.09433153156718681
885,bradley arant boult cummings,1.0967463882132806,0.0923479678864644
886,law group,1.0960770437004215,0.09173748140232155
887,malik k. cutlar,1.0960770437004215,0.09173748140232155
888,steven barentzen,1.0960770437004215,0.09173748140232155
889,brandéis & crossman,1.094145714678134,0.08997388953434675
890,kevin p. chamberlin,1.0924195107868377,0.08839497093653027
891,brown neri smith & khan,1.0916486033992743,0.08768903377772906
892,"baker, donelson,. bearman, caldwell & berkovitz",1.0904071430430042,0.08655115222521134
893,"ny, lieff, cabraser, heimann & bernstein",1.0886295791764435,0.08491963840744607
894,edwards wildman palmer,1.085996769785015,0.0824982470920485
895,"whiteford, taylor & preston",1.085085408638111,0.08165870153316408
896,mcgrann shea carnival straughn & lamb,1.0845474774366208,0.08116282850693426
897,spriggs & hollingsworth,1.0783150405522959,0.07539967520172666
898,cohen & gresser,1.0721484343864947,0.06966451797600388
899,"daniel, coker, horton & bell",1.071144624529321,0.06872781925774553
900,levine sullivan koch & schulz,1.0673318558373965,0.06516194161819391
901,morrison foerster,1.0670105279936006,0.06486083918152971
902,gillam & smith,1.0658249808108924,0.06374912915990298
903,broderick law,1.0621256651905049,0.060272244624064844
904,burke,1.0621256651905049,0.060272244624064844
905,matthew mccue,1.0621256651905049,0.060272244624064844
906,butler snow,1.0603291226245641,0.058579352973028305
907,butler pappas weihmuller katz craig,1.0587765340081963,0.057114028307110785
908,"cancio, nadal, rivera & diaz",1.0582503189456245,0.05661690180852648
909,colon & colon,1.0582503189456245,0.05661690180852648
910,fiddler gonzalez & rodriguez,1.0582503189456245,0.05661690180852648
911,"jimenez, graffam & lausell",1.0582503189456245,0.05661690180852648
912,shapiro forman allen & sava,1.0582503189456245,0.05661690180852648
913,dehay & ellisto,1.0574149917354452,0.055827242641390155
914,royston mueller mclean & rei,1.0574149917354452,0.055827242641390155
915,"bancroft, mcgavin, horvath & judkins",1.0572182625592204,0.05564117805889781
916,siprut,1.057120385237016,0.05554859372064491
917,dechert,1.0561002883860104,0.05458315083720874
918,"klehr, harrison, harvey, branzburg & ellers",1.0560364925942185,0.054522742067865934
919,latham and watkins,1.055223216578763,0.05375232424371263
920,lynch gilardi & grummer,1.055223216578763,0.05375232424371263
921,wharton & garriso,1.055223216578763,0.05375232424371263
922,davis & davis,1.055173663305038,0.05370536314913704
923,"nutter, mcclennen & fish",1.0550966297457034,0.05363235490974475
924,"barry, mctiernan & moore",1.0542813903489534,0.05285938825362684
925,bivona & cohen,1.0542813903489534,0.05285938825362684
926,dickstein shapiro morin & oshinsky,1.0542813903489534,0.05285938825362684
927,dweck law firm,1.0542813903489534,0.05285938825362684
928,"eschen, frenkel & weisman",1.0542813903489534,0.05285938825362684
929,gould & associates,1.0542813903489534,0.05285938825362684
930,havkins rosenfeld ritzert & varriale,1.0542813903489534,0.05285938825362684
931,"maloof, lebowitz, connahan & oleske",1.0542813903489534,0.05285938825362684
932,mcgivney & kluger,1.0542813903489534,0.05285938825362684
933,"mcmahon, martine & gallagher",1.0542813903489534,0.05285938825362684
934,scarinci & hollenbeck,1.0542813903489534,0.05285938825362684
935,schuchman schwarz & zoldan-leite,1.0542813903489534,0.05285938825362684
936,"tell, cheser & breitbart",1.0542813903489534,0.05285938825362684
937,jeremy a. lieberman pomerantz,1.0515630845216197,0.05027770915093992
938,weinhardt & logan,1.04985276351564,0.048649929113756256
939,jorden burt,1.04959498996874,0.04840436591956144
940,"seipp, flick & hosley",1.0479060625176029,0.0467939468791062
941,"meyer, darragh, buckler, bebenek & eck",1.045172505558103,0.044181948882144655
942,rivkin radler,1.045172505558103,0.044181948882144655
943,carmody torrance sandak & hennessey,1.041269699596999,0.040440833500741305
944,bleakley platt & schmidt,1.0407312048343298,0.039923547678693085
945,covington & burling,1.0397121524045163,0.03894389830946846
946,abelson herron halpern,1.0388752370434209,0.03813862506421553
947,bertram,1.0388752370434209,0.03813862506421553
948,coman & anderson,1.0369999954612314,0.03633192487056428
949,forde law offices,1.0369999954612314,0.03633192487056428
950,jeffrey e. crane,1.0369999954612314,0.03633192487056428
951,shaw fishman glantz & towbin,1.0369999954612314,0.03633192487056428
952,williams montgomery & john,1.0369999954612314,0.03633192487056428
953,segal mccambridge singer & mahoney,1.0363213268772775,0.03567725682574073
954,"daniel, coker, horton & bell-oxford",1.0361448909240596,0.03550699016264274
955,caroselli beachler mctiernan & conboy,1.035203433118299,0.03459796114066439
956,bassi edlin huie & blu,1.0344639759927237,0.03388339497048225
957,elkins,1.0344639759927237,0.03388339497048225
958,kirkpatrick & lockhart,1.0344639759927237,0.03388339497048225
959,"mansfield, p",1.0344639759927237,0.03388339497048225
960,prindle amaro goetz hillyard barnes & reinholt,1.0344639759927237,0.03388339497048225
961,selman breitman,1.0344639759927237,0.03388339497048225
962,vorys sater seymour & pease,1.0344639759927237,0.03388339497048225
963,"waters, mcpherson, mcneill",1.0344639759927237,0.03388339497048225
964,ellis & winters,1.029111724602648,0.02869602685948035
965,smith anderson blount dorsett mitchell & jernigan,1.029111724602648,0.02869602685948035
966,bodie dolina smith & hobb,1.0290804695002216,0.028665655446627494
967,brassel alexander & rice,1.0290804695002216,0.028665655446627494
968,"gavett, datt & barish",1.0290804695002216,0.028665655446627494
969,goodell devries leech & dan,1.0290804695002216,0.028665655446627494
970,kathryn t. kozero,1.0290804695002216,0.028665655446627494
971,schachter harris,1.0290804695002216,0.028665655446627494
972,willcox & savage,1.0290804695002216,0.028665655446627494
973,chittur & associates,1.028893109715516,0.02848357362875055
974,keith altman,1.028893109715516,0.02848357362875055
975,"kaman, berlove, marafioti, jacobstein & goldman",1.027545045791088,0.027172506613273438
976,leclair korona giordano cole,1.027545045791088,0.027172506613273438
977,underberg & kessler,1.027545045791088,0.027172506613273438
978,woods oviatt gilman,1.027545045791088,0.027172506613273438
979,lifflander & reich,1.0274828668399358,0.027111992640894842
980,"zuekennan, spaeder",1.0274828668399358,0.027111992640894842
981,butler snow o’mara stevens & cannada,1.0249898468758083,0.024682707054295545
982,o’mara stevens & cannada,1.0249898468758083,0.024682707054295545
983,kipp & christian,1.0233788836420294,0.023109783642688574
984,thompson miller & simpson,1.022878192401724,0.022620410869189568
985,"starr, gern, davison & rubin",1.0200169932049419,0.019819287162248355
986,prince lobel tye,1.0196762244352007,0.01948514988124492
987,jones day reavis & pogue,1.0170098258750164,0.016866778647101132
988,schnader harrison segal & lewis,1.016943447714838,0.0168015085535706
989,wilson sonsini goodrich & rosati,1.0168094712940707,0.016669755655065715
990,haller & colvin,1.0160337026334587,0.015906520489440898
991,krieg devault,1.0160337026334587,0.015906520489440898
992,rubino ruman crosmer & polen,1.0160337026334587,0.015906520489440898
993,lafayette & kumagai,1.0159434305462152,0.015817669009934653
994,"gray, stefani & mitvalsky",1.0155669757783674,0.015447053362596804
995,"swanson, martin & bell",1.0155669757783674,0.015447053362596804
996,"weinberg, wheeler, hudgins, gunn & dial",1.0155669757783674,0.015447053362596804
997,ford bissell & brook,1.0114949932549964,0.011429427791362636
998,"levine, sullivan, koch & schulz",1.011180736157128,0.01111869375146943
999,stack fernandez anderson & harris,1.0104114697788014,0.010357643710617967
1000,forman perry watkins krutz & tardy,1.0090709009725336,0.009030007458286402
1001,gunty & mccarthy,1.0090709009725336,0.009030007458286402
1002,"quilling, selander, lownds, winslett & moser",1.0090709009725336,0.009030007458286402
1003,"schiff, hardin & waite",1.0090709009725336,0.009030007458286402
1004,"donnelly, conroy & gelhaar",1.0086556733034706,0.008618427732650348
1005,maynard cooper gale,1.0070406969330143,0.00701602695457109
1006,white & case,1.005721182007754,0.005704878201110593
1007,"bartlit, beck, herman, palenchar & scott",1.0036242829548416,0.0036177310671977312
1008,dean baker,1.0036242829548416,0.0036177310671977312
1009,"boehl, stopher & graves",1.001039331957234,0.0010387922257163757
1010,morris duffy alonso & faley,1.001039331957234,0.0010387922257163757
1011,rodriguez & richards,0.9965744206584238,-0.003431460072269399
1012,gardy & notis,0.9941275929013693,-0.005889717483549795
1013,camardo law firm,0.9911400078584219,-0.008899475258362849
1014,heygood orr & pearson,0.991082626413494,-0.008957371323065042
1015,sullivan & sullivan,0.991082626413494,-0.008957371323065042
1016,scott & scott,0.990814186907695,-0.009228262830267921
1017,"taylor, busch, slipakoff & duma",0.9896824196492665,-0.010371175550117039
1018,daniel f. dotson,0.9895037703526994,-0.010551703585280915
1019,hilliard munoz gonzales,0.9895037703526994,-0.010551703585280915
1020,lopez mchugh,0.9886813250855482,-0.011383218610275865
1021,penn & seaborn,0.9858319746955536,-0.014269349960392237
1022,"horwitz, horwitz & paradis",0.9857258205860886,-0.01437703547670999
1023,dr. shezad malik law firm,0.9853593615808567,-0.014748870253582791
1024,geragos & geragos,0.9853593615808567,-0.014748870253582791
1025,brett h. oppenheimer,0.9846596440220898,-0.015459236586294394
1026,goldberg & simpson,0.9846596440220898,-0.015459236586294394
1027,charfoos & christensen,0.9841577934012635,-0.015969035638411826
1028,stark & stark,0.9841577934012635,-0.015969035638411826
1029,kreindler & kreindler,0.9840672110205727,-0.016061080379791766
1030,"donoghue, barrett & singal",0.9823377420988894,-0.017820096868104113
1031,cross & mandelcorn,0.9823341685404734,-0.017823734685081707
1032,zimmerman reed,0.9818328836604456,-0.0183341646817052
1033,thomas r. mason,0.9812414104799688,-0.01893676357481948
1034,horwood marcus & berk,0.9803131622858535,-0.019883205010905982
1035,"kellogg, huber, hansen, todd & evans",0.9803131622858535,-0.019883205010905982
1036,norman steiner,0.9787035631648315,-0.021526477844993532
1037,the berkman,0.9787035631648315,-0.021526477844993532
1038,berman fink van horn,0.9786455347533276,-0.02158577070346487
1039,carlson lynch sweet kilpela & carpenter,0.9786455347533276,-0.02158577070346487
1040,ury & moskow,0.973977797023256,-0.02636677126343522
1041,littler mendelson,0.9737957074783428,-0.026553743254811944
1042,nelson mullins riley & scarborough,0.9732624396759272,-0.02710151098997576
1043,pomerantz,0.9732348637950515,-0.02712984483953037
1044,glaser weil fink jacobs howard avchen & shapiro,0.9714199094285607,-0.028996453677723785
1045,freeborn & peters,0.969943043281506,-0.030517927475182054
1046,"munley, munley & cartwright",0.969539547538286,-0.030934013446720345
1047,pinilis halpern,0.969539547538286,-0.030934013446720345
1048,the drakulich firm,0.969539547538286,-0.030934013446720345
1049,epstein becker & green,0.9683984550286696,-0.03211164930501884
1050,parker waichman,0.9646791487699821,-0.0359597212509102
1051,"paul, weiss, rifkind, wharton & garrison",0.9606848331012185,-0.040108881032359926
1052,connors & vilardo,0.9575569276505551,-0.04337010522935096
1053,tronolone & surgalla,0.9575569276505551,-0.04337010522935096
1054,lackey hershman,0.9569968777296233,-0.0439551500949822
1055,"ram, olson, cereghino & kopczynski",0.9569968777296233,-0.0439551500949822
1056,terrell marshall law group,0.9569968777296233,-0.0439551500949822
1057,whatley kallas,0.9569968777296233,-0.0439551500949822
1058,golenbock eiseman assor bell & peskoe,0.9568710741655394,-0.04408661534486058
1059,boyar & miller,0.9540685902959238,-0.047019712533532175
1060,loeb & loeb,0.9525010674257111,-0.04866405132499446
1061,jacobsen,0.9520129368692355,-0.04917665513474677
1062,marcus & auerbach,0.9520129368692355,-0.04917665513474677
1063,silver & deboskey,0.9520129368692355,-0.04917665513474677
1064,"taylor, gruver & mcnew",0.9520129368692355,-0.04917665513474677
1065,"waite, schneider, bayless & chesley",0.9520129368692355,-0.04917665513474677
1066,akin & smith,0.9510789262175914,-0.05015822701233456
1067,gregory p. joseph,0.9510789262175914,-0.05015822701233456
1068,"roberts, welsh",0.9510758449720912,-0.05016146675449104
1069,"chapman, lewis & swan",0.9495671808442147,-0.051748997315712426
1070,freese & goss,0.9495671808442147,-0.051748997315712426
1071,godwin morris laurenzi & bloomfield,0.9495671808442147,-0.051748997315712426
1072,matthews & associates,0.9495671808442147,-0.051748997315712426
1073,"sills, cummis, epstein & gross",0.9495425290766586,-0.0517749587095473
1074,mark n. geller nahon saharovich & trotz,0.9493525224607013,-0.05197508205647746
1075,gordon & rees,0.9493224330039248,-0.052006777272862376
1076,mcconville considine cooman & morin,0.948031632918326,-0.05336740922651054
1077,"rubin, fiorella & friedman",0.9477945576064898,-0.05361751159797994
1078,valad & vecchione,0.947590742281776,-0.05383257639299699
1079,zimmer kunz,0.947590742281776,-0.05383257639299699
1080,hall jaffe & clayton,0.946312387108885,-0.05518254550936207
1081,"phv, winston & strawn",0.9454177185691481,-0.05612841892307447
1082,stark williamson & clausen,0.9451338754298797,-0.056428694400667515
1083,"stroock, stroock & lavan",0.9439236814965166,-0.05770996197717414
1084,duane morris,0.9419810022292852,-0.05977017209397574
1085,attorney joseph r. musto,0.9380304646554093,-0.0639728521926504
1086,david n. lake,0.9367296693685483,-0.06536054491343932
1087,k & l,0.9353973148977092,-0.06678390423358907
1088,black’s,0.9340804641223751,-0.0681926944400384
1089,freedman boyd daniels hollander & goldberg,0.9340804641223751,-0.0681926944400384
1090,sirote & permutt,0.9334584084759434,-0.06885887138399834
1091,hoguet newman regal & kenney,0.9312874038188431,-0.07118734492037017
1092,john f. nevares & assoc,0.9312874038188431,-0.07118734492037017
1093,monserrate & monserrate,0.9312874038188431,-0.07118734492037017
1094,salas & co,0.9312874038188431,-0.07118734492037017
1095,"pugh, jones & johnson",0.9298727136180892,-0.072707569279312
1096,baugh dalton carlson & ryan,0.9296967381260247,-0.07289683404963263
1097,hogan & hartson,0.92885198639865,-0.07380587859003158
1098,gust rosenfeld,0.9275181579507018,-0.07524290738684092
1099,the paynter law firm,0.9275181579507018,-0.07524290738684092
1100,"edison, mcdowell & hetherington",0.9267446714537056,-0.07607718668057861
1101,rouda feder tietjen & mcguinn,0.9260853966769628,-0.07678882755461863
1102,"knobbe, martens, olson & bear",0.9249045868651525,-0.0780646961249406
1103,christensen miller fink jacobs glaser weil & shapiro,0.9247059995654605,-0.07827943029862236
1104,guthrie & thomas,0.924346928525482,-0.07866781403716994
1105,cleary gottlieb steen & hamilton,0.9231679099389315,-0.07994414343064189
1106,galloway johnson tompkins burr & smith,0.9217858228259597,-0.08144237869471274
1107,conrad & scherer,0.9155054463547175,-0.08827896583587609
1108,hagens berman,0.9126028184443498,-0.09145452212591841
1109,sobol shapiro,0.9126028184443498,-0.09145452212591841
1110,lathrop & gage,0.9074555999185645,-0.09711063974960357
1111,parker waichman alonso,0.9063961083556675,-0.09827886279513541
1112,klehr harrison harvey branzburg,0.9055491421475538,-0.0992137323995725
1113,greenfield & sacks,0.903746154333618,-0.10120676075072729
1114,"murai, wald, biondo & moreno",0.9036268125318073,-0.10133882181855564
1115,kaye scholer,0.9017993437744452,-0.10336324067955512
1116,"humphrey, farrington & mcclain",0.9009520115338461,-0.1043032841309182
1117,proctor heyman enerio,0.8996545438961566,-0.10574442945868115
1118,"ny, skadden, arps, slate, meagher & flom",0.8926393522574783,-0.11357264053328409
1119,"richards, layton & finger",0.891818690829439,-0.11449242846450036
1120,key & associates,0.8915680066957106,-0.11477356113833648
1121,lowe graham jones,0.8915680066957106,-0.11477356113833648
1122,harrington ocko & monk,0.8908434470270109,-0.11558657174494662
1123,"mayer, brown, rowe & maw",0.8908434470270109,-0.11558657174494662
1124,ungaretti & harris,0.8908434470270109,-0.11558657174494662
1125,stoll stoll berne lokting & shlachter,0.890629283133556,-0.11582700640427174
1126,chadbourne & parke,0.8903763141626848,-0.11611108071931762
1127,garvin light hanson & feary,0.887595288051145,-0.11923939657777899
1128,strasburger & price,0.8853298763296465,-0.12179496180968602
1129,reminger & reminger,0.8841121520844173,-0.12317135551789335
1130,cetrulo,0.8822296991169378,-0.12530282704351134
1131,oliverio & marcaccio,0.8822296991169378,-0.12530282704351134
1132,tashjian & padian,0.8822296991169378,-0.12530282704351134
1133,"zizik, powers, o’connell, spaulding & lamontagne",0.8822296991169378,-0.12530282704351134
1134,farah & farah,0.8819305714805439,-0.12564194321594307
1135,goodwin procter,0.8793756627502128,-0.12854309745325543
1136,baker & daniels,0.8781375109549054,-0.129952079210737
1137,larusso & conway,0.8774063592692648,-0.13078504241982128
1138,bruñe & richard,0.872485657344399,-0.1364090636144244
1139,ward greenberg heller & reidy,0.8714129253694715,-0.13763933253128074
1140,wilmer hale,0.8713152083112489,-0.13775147516148964
1141,"morgan, lewis & bockius",0.869294175667495,-0.14007368894545233
1142,megha d. bhouraskar,0.8660520714137829,-0.14381024357402789
1143,"rosoff, schiffres & barta",0.8660520714137829,-0.14381024357402789
1144,"jacob michael hamann,. eimer stahl",0.8650175578228676,-0.14500547419514198
1145,"koskoff, koskoff & bieder",0.8642520414801578,-0.1458908380424261
1146,kyros,0.8642520414801578,-0.1458908380424261
1147,"nielsen, carter & treas",0.8626667082477109,-0.14772686382886455
1148,"page, mannino, peresich, & mcdermott",0.8626667082477109,-0.14772686382886455
1149,klee tuchin bogdanoff & stern,0.8623854451288563,-0.1480529561395189
1150,mckee nelson,0.8623854451288563,-0.1480529561395189
1151,ruskin moscou faltischek,0.8604448710079627,-0.1503057316141758
1152,arnold and porter,0.8603734017136864,-0.15038879592776472
1153,the rosen law firm,0.8572799453183791,-0.1539907564109139
1154,o’melveny myers,0.8558538112719973,-0.15565569864947099
1155,sl environmental law group,0.8553192026084747,-0.1562805433338834
1156,ogletree deakins nash smoak & stewart,0.8551911050684429,-0.15643032032113263
1157,abbey spanier rodd & abrams,0.853631417981791,-0.15825577322653692
1158,alvaradosmith,0.853631417981791,-0.15825577322653692
1159,climaco wilcox peca tarantino & garofoli,0.853631417981791,-0.15825577322653692
1160,kiesel & larso,0.853631417981791,-0.15825577322653692
1161,tannenbaum ahelpern syracuse & hirsehtrit,0.853631417981791,-0.15825577322653692
1162,sanders & parks,0.8535789570882827,-0.15831723125688968
1163,klafter olsen & lesser,0.8506507018536583,-0.16175369077508742
1164,welsh & recker,0.8477399164975484,-0.1651813924764431
1165,bergeson,0.845274440711346,-0.16809392244827143
1166,"masuda, funai, eifert & mitchell",0.845274440711346,-0.16809392244827143
1167,"saldana, carvajal & velez-rive",0.845274440711346,-0.16809392244827143
1168,burns & levinson,0.838938937011926,-0.1756173558406575
1169,"greenbaum, rowe, smith & davis",0.8373750645577211,-0.17748320305835547
1170,justice-environment & natural,0.836508704184421,-0.17851835312891562
1171,brooks pierce mclendon humphrey & leonard,0.8362543704576114,-0.1788224412961223
1172,robert s. murphy llc,0.8347005551416667,-0.18068223504639716
1173,allen matkins leek gamble mallory & natsis,0.8302227129285579,-0.18606128535564742
1174,wollmuth maher & deutsch,0.8300055942453828,-0.18632283815952946
1175,cosgrave vergeer kester,0.8288397619735511,-0.1877284332735108
1176,miller nash graham & dunn,0.8288397619735511,-0.1877284332735108
1177,sedgwick,0.8271794767491191,-0.1897335860421422
1178,forman & shapiro,0.8268414461775538,-0.19014232401103467
1179,schertler & onorato,0.8240912500667493,-0.19347401483165913
1180,dilworth paxson,0.8228044969315498,-0.19503665581774787
1181,callister nebeker & mccullough,0.8177939882025921,-0.2011448222615547
1182,lazarus & lazarus,0.8154931160368516,-0.2039622983584734
1183,hall maines lugrin,0.8118502873217156,-0.2084393310392215
1184,miller shakman & beem,0.8110253526288795,-0.20945596440727385
1185,balch & bingham,0.8106333855574361,-0.20993937940680082
1186,gilmore,0.8088432113330972,-0.21215018622787374
1187,cole schotz,0.8074519533845269,-0.21387172610814584
1188,"esq, smith, gambrell & russell",0.8074519533845269,-0.21387172610814584
1189,morris nichols arsht & tunnell,0.8074519533845269,-0.21387172610814584
1190,mcguirewoods,0.8067807662200152,-0.21470331277472685
1191,gilreath & associates,0.8067411287628371,-0.214752444375989
1192,allen. &. yellone,0.8057091053106605,-0.21603251314498303
1193,"choate, hall & stewart",0.8044161968357939,-0.21763848598576338
1194,schwartz & thomashower,0.8040717582467392,-0.21806676223518276
1195,crowell,0.8016396241674882,-0.2210961185265585
1196,bricker & eckler,0.7983372184892024,-0.2252241912335209
1197,pertierra & toro,0.7983372184892024,-0.2252241912335209
1198,mctigue & veis,0.7981977367578336,-0.2253989218039544
1199,dimuro ginsberg,0.7919557372908296,-0.23324977598851582
1200,whitham curtis & cook,0.7919557372908296,-0.23324977598851582
1201,johnson & bell,0.791283048503333,-0.23409953893521884
1202,friend hudak & harris,0.7906217879778993,-0.23493556971115365
1203,maynard cooper & gale,0.7904846545262632,-0.2351090348850262
1204,"stradley, ronon, stevens & young",0.788145336729441,-0.23807276865684787
1205,david j. hungeling,0.7821586349710303,-0.2456977009905114
1206,kaufman miller & forman,0.7821586349710303,-0.2456977009905114
1207,adam m. thompson,0.7801745944276909,-0.2482375453368529
1208,aiello & cannick,0.7801745944276909,-0.2482375453368529
1209,alexander v. sansone,0.7801745944276909,-0.2482375453368529
1210,ballard spahr stillman & friedman,0.7801745944276909,-0.2482375453368529
1211,conway & donovan,0.7801745944276909,-0.2482375453368529
1212,dreyer boyajian,0.7801745944276909,-0.2482375453368529
1213,emdin & russell,0.7801745944276909,-0.2482375453368529
1214,hinman straub,0.7801745944276909,-0.2482375453368529
1215,levitt & kaizer,0.7801745944276909,-0.2482375453368529
1216,lippes mathias wexler friedman,0.7801745944276909,-0.2482375453368529
1217,"stearns, weaver, miller, weissler, alhadeff & sitterson",0.7789643362885358,-0.2497900155604985
1218,parsons behle & latimer,0.7781215066530897,-0.2508725887809547
1219,wilson sonsini goodrich rosati,0.7777066329470591,-0.2514059043899275
1220,hanly conroy bierstein sheridan fisher & hayes,0.7753232414547763,-0.25447525083677436
1221,cascino vaughan,0.7747192073715319,-0.2552546283490192
1222,the edmisten webb & hawes,0.7744106259989852,-0.25565302152431124
1223,zashin & rich,0.7743077758918531,-0.25578584116041525
1224,foran glennon palandech ponzi & rudloff,0.7683616678748924,-0.2634947349711956
1225,carella byrne cecchi olstein brody & agnello,0.7670782720100406,-0.2651664332648152
1226,baker & miller,0.7663933085019379,-0.2660597834414496
1227,cahill gordon & reindel,0.7663259515163626,-0.2661476755784843
1228,andrew a. cohen,0.7649986083773848,-0.26788126427178555
1229,"hermes, netburn, o’connor & spearing",0.7649986083773848,-0.26788126427178555
1230,"horton, shields & knox",0.7649986083773848,-0.26788126427178555
1231,"letizia, ambrose & falls",0.7649986083773848,-0.26788126427178555
1232,frank d. rorie jr.,0.7643366255512368,-0.26874697749515974
1233,sidley austin,0.7637228589319542,-0.26955030571441074
1234,binder & schwartz,0.7609253636734011,-0.2732200025749564
1235,de feis o’connell & rose,0.7609253636734011,-0.2732200025749564
1236,"gage, spencer & fleming",0.7609253636734011,-0.2732200025749564
1237,lankier siffert & wohl,0.7609253636734011,-0.2732200025749564
1238,robinson mcdonald & canna,0.7609253636734011,-0.2732200025749564
1239,fox rothschild,0.7599840205954398,-0.27445787145511596
1240,stargatt & taylor,0.7592536711214568,-0.2754193398734254
1241,clausen miller,0.759092018940556,-0.2756322718592961
1242,hagens berman sobol shapiro,0.7573491214715853,-0.27793094101296384
1243,mound cotton wollan & greengrass,0.7570537163036523,-0.27832106861218797
1244,caulkins & bruce,0.7570016819422819,-0.27838980369473665
1245,charlson bredehoft cohen brown & sakata,0.7570016819422819,-0.27838980369473665
1246,dickinson mackaman tyler & hagen,0.7567887104482682,-0.27867117883952464
1247,nyemaster goode west hansell & o,0.7567887104482682,-0.27867117883952464
1248,pickens barnes & abernathy,0.7567887104482682,-0.27867117883952464
1249,"lewis, rice & fingersh",0.7556656160721843,-0.2801563074319273
1250,"greenberg, whitcombe & takeuchi",0.755254291155174,-0.28070077696363993
1251,seitz -ross arenstam & moritz,0.755254291155174,-0.28070077696363993
1252,blackwell burke,0.7532786814619287,-0.2833200247475097
1253,carroll mcnulty & kull,0.7532786814619287,-0.2833200247475097
1254,meister seelig & fein,0.7532786814619287,-0.2833200247475097
1255,tressler,0.7532786814619287,-0.2833200247475097
1256,troutman sanders,0.7532335512295335,-0.28337993827682506
1257,walter & haverfield,0.7528085111428109,-0.28394438479346207
1258,ashby & geddes,0.7517719925705694,-0.2853222023760493
1259,defendant c & s,0.7516119299629577,-0.2855351388133989
1260,ray quinney & nebeker,0.7487347171478957,-0.2893705409155186
1261,locke lord bissell & liddell,0.7475567281865702,-0.2909450860462422
1262,squire patton boggs,0.7475427679892945,-0.29096376065259677
1263,greenburg  traurig,0.7470369600364022,-0.2916406171129359
1264,hancock & estabrook,0.7470369600364022,-0.2916406171129359
1265,greene espel,0.7450503515438514,-0.2943034769215048
1266,pillsbury winthrop shaw pittman,0.7443340700421854,-0.295265326053948
1267,"butler, fitzgerald, fiveson & mccarthy",0.7443054661407292,-0.2953037556411845
1268,"musick, peeler & garrett",0.7428294084070193,-0.2972888590015988
1269,"picadio, sneath, miller & norton",0.7428294084070193,-0.2972888590015988
1270,davis polk & wardwell,0.7424236026182436,-0.2978353056956789
1271,andrews kurth,0.7415866528879068,-0.29896326261641865
1272,"harwell, howard, hyne, gabbert & manner",0.7415866528879068,-0.29896326261641865
1273,"herndon, coleman, brading & mckee",0.7415866528879068,-0.29896326261641865
1274,"hunter, smith & davis",0.7415866528879068,-0.29896326261641865
1275,"kramer, rayson",0.7415866528879068,-0.29896326261641865
1276,milligan & coleman,0.7415866528879068,-0.29896326261641865
1277,pectol & miles,0.7415866528879068,-0.29896326261641865
1278,rouse hendricks german may,0.7415866528879068,-0.29896326261641865
1279,wilson worley moore gamble & stout,0.7415866528879068,-0.29896326261641865
1280,brown rudnick,0.7415425375519036,-0.2990227521555641
1281,janssen doyle,0.7411902389439363,-0.2994979539183921
1282,"ca, king & spalding",0.7392234505614893,-0.3021550349134269
1283,"ny, gibson, dunn & crutcher",0.7378817764443308,-0.30397166173405404
1284,dentons united states,0.7377572298701436,-0.3041404653153501
1285,"lester, schwab, katz & dwyer",0.7376225076073178,-0.3043230925533119
1286,webb sanders & williams,0.7373992188015157,-0.30462585257848307
1287,cooley godward kronish,0.7373561339017096,-0.30468428247295926
1288,berman devalerio pease tabacco burt & pucillo,0.736875625149437,-0.3053361593116425
1289,o’melveny & myers,0.7361006195760655,-0.30638845821688615
1290,dewey & leboeuf,0.7350994982076795,-0.3077494172200951
1291,"locke, liddell & sapp",0.7348179606899219,-0.30813248297592527
1292,"bonner, kiernan, trebach & crociata",0.7316641441405657,-0.31243368979079195
1293,"morvillo, abramowitz, grand, iason, anello & bohrer",0.7303578092811431,-0.3142207152236306
1294,spotswood sansom & sansbury,0.7292447099520615,-0.31574592435446514
1295,cory watson crowder & degaris,0.7225672091343399,-0.3249448402986151
1296,goodwin & goodwin,0.7225630500643808,-0.32495059627795697
1297,kelley drye & warren,0.7224846608592036,-0.32505908986562404
1298,connelly baker wotring,0.7213234317848923,-0.3266676545088278
1299,joel l. herz,0.7213234317848923,-0.3266676545088278
1300,"schnapp, fall, silvey & reid",0.7213234317848923,-0.3266676545088278
1301,"litman, asche, gioiella",0.7199412243585821,-0.32858570313947993
1302,michael lipuma,0.7199412243585821,-0.32858570313947993
1303,"stephen j. kastenberg, ballard spahr andrews & ingersoll",0.7199412243585821,-0.32858570313947993
1304,sills cummis & gross,0.7194853637790221,-0.3292190950728473
1305,ver ploeg & lumpkin,0.7192290856010684,-0.3295753550392009
1306,german gallagher & murtagh,0.7169798662579575,-0.33270751930961695
1307,mcshea law firm,0.7169798662579575,-0.33270751930961695
1308,rawle & henderson,0.7169798662579575,-0.33270751930961695
1309,wilbraham lawler & buba,0.7169798662579575,-0.33270751930961695
1310,miller canfield paddock & stone,0.7151369667638339,-0.3352811927263088
1311,marshall dennehey warner coleman & goggin,0.7148238963860061,-0.3357190653854812
1312,mcdermott will & emery,0.7143357018334955,-0.33640225650298483
1313,united states securities & exchange,0.7134071859972428,-0.3377029332215578
1314,reising ethington,0.7126216376529927,-0.338804661897277
1315,latham & watkins,0.7089214441899383,-0.34401055662814506
1316,fish & richardson,0.706721105693925,-0.34711916659200875
1317,faruqi & faruqi,0.7062182568702134,-0.3478309435560657
1318,beveridge & diamond,0.7045626743574226,-0.35017798870835337
1319,conner & winters,0.7045626743574226,-0.35017798870835337
1320,crowe & dunlevy,0.7045626743574226,-0.35017798870835337
1321,gum puckett & mackechnie,0.7045626743574226,-0.35017798870835337
1322,mcafee & taft,0.7045626743574226,-0.35017798870835337
1323,ryan whaley coldiron shandy,0.7045626743574226,-0.35017798870835337
1324,mccarthy & holthus,0.7004549759032141,-0.35602518949885464
1325,terence m. ridley wheeler trigg o’donnell,0.7004549759032141,-0.35602518949885464
1326,berens & miller,0.7001973736748374,-0.3563930212900323
1327,sally & fitch,0.7001973736748374,-0.3563930212900323
1328,stinson leonard street,0.7001973736748374,-0.3563930212900323
1329,"lite, depalma & greenberg",0.6971951360392236,-0.3606899417816858
1330,"podvey, meanor, catenacci, hildner, cocoziello & chattman",0.6971951360392236,-0.3606899417816858
1331,"rakoczy, molina, mazzochi, siwik",0.6971951360392236,-0.3606899417816858
1332,"sterne, kessler, goldstein & fox",0.6971951360392236,-0.3606899417816858
1333,r. joel laird jr,0.6956425649345954,-0.36291930669128664
1334,schmitt schneck smyth & herrod,0.6956425649345954,-0.36291930669128664
1335,maslon edelman borman & brand,0.6948960237023915,-0.3639930507930757
1336,ballard spahr andrews & ingersoll,0.6930569097120743,-0.36664316236731775
1337,manatt phelps & phillips,0.6927702151585531,-0.3670569146347775
1338,hale & dorr,0.690719690306618,-0.3700211955382015
1339,bruch hanna,0.6903531876412053,-0.3705519462029466
1340,pratt & varsalona,0.688777077882355,-0.3728376047580737
1341,wolff & samson,0.686949933110054,-0.37549386698454934
1342,"aaronson, rappaport, feinstein & deutsch",0.6860663550723919,-0.3767809284232805
1343,dorr,0.6857516316629209,-0.3772397697827552
1344,mololamken,0.6845784067390613,-0.3789520948105145
1345,akerman,0.6829605439738602,-0.38131818978593773
1346,constangy brooks smith & prophete,0.6812427434618664,-0.3838365848605092
1347,franczek radelet,0.679493399215441,-0.3864077596170163
1348,"weil, gotshal & manges",0.6794756292705761,-0.38643391171392716
1349,byrnes keller cromwell,0.6757120014296495,-0.3919883271052732
1350,cohen & wolf,0.6757120014296495,-0.3919883271052732
1351,hinckley allen snyder,0.6757120014296495,-0.3919883271052732
1352,zeichner ellman & krause,0.6757120014296495,-0.3919883271052732
1353,connell foley,0.6751906853975694,-0.392760131119051
1354,provost umphrey law firm,0.6737956020327946,-0.39482847514170955
1355,bulkley richardson & gelinas,0.6727468422887641,-0.3963861831226456
1356,saltzman & evinch,0.6700981987155054,-0.40033101208973887
1357,proskauer rose,0.6697236393824668,-0.40089013022342734
1358,jensen baird gardner & henry,0.667571975947172,-0.4041080653865356
1359,"baker, sterchi, cowden & rice",0.6650728852022854,-0.4078586425241743
1360,berkowitz oliver williams shaw & eisenbrandt,0.6650728852022854,-0.4078586425241743
1361,mullin hoard & brown,0.6642405756528703,-0.4091108823948847
1362,hollingsworth,0.6623259535235031,-0.41199746729915054
1363,attorney general,0.6608605194130471,-0.41421247590085447
1364,tarter krinsky & drogin,0.6604596014293732,-0.4148193205097473
1365,"canterbury, gooch, surratt, shapiro, stein & gaswirth",0.6597327440030873,-0.41592045929796084
1366,daw & ray,0.6597327440030873,-0.41592045929796084
1367,"johnson, trent, west & taylor",0.6597327440030873,-0.41592045929796084
1368,mcdonald carano wilson,0.6597264584315224,-0.41592998679461
1369,"butler, snow, o’mara, stevens & cannada",0.6571976770790036,-0.4197704273976937
1370,"wise, carter, child & caraway",0.6570250676448388,-0.42003310651483766
1371,"hiersche, hayward, drakeley & urbach",0.6556884586948408,-0.4220695133699257
1372,meyers roman friedberg & lewis,0.6556884586948408,-0.4220695133699257
1373,the harris firm,0.6556884586948408,-0.4220695133699257
1374,kairys rudovsky messing & feinberg,0.6536429117106483,-0.4251940831994425
1375,plaintiff & putative,0.6536429117106483,-0.4251940831994425
1376,lowenstein sandler,0.6514613674351112,-0.4285371820493916
1377,"robinson, wettre & miller",0.6472702759479378,-0.43499133454074224
1378,herbert beigel & associates,0.6457976826552834,-0.43726900899626253
1379,robert r. viducich,0.6457976826552834,-0.43726900899626253
1380,vincent,0.6445832286426824,-0.4391513281789907
1381,carpenter lipps & leland,0.6438066525341359,-0.44035682693978856
1382,snr denton us,0.6438066525341359,-0.44035682693978856
1383,"riley, warnock & jacobson",0.6436922963214664,-0.4405344678039957
1384,homelessness & poverty,0.6431894186993923,-0.4413160122797643
1385,norton rose fulbright us,0.6429576410664886,-0.44167643394951484
1386,downs rachlin martin,0.6429419893786983,-0.44170077751011705
1387,gravel & shea,0.6429419893786983,-0.44170077751011705
1388,fenwick & west llp fenwick & west,0.6412626958573994,-0.4443160840851174
1389,winstead,0.6401687591338968,-0.4460234512407875
1390,"beirne, maynard & parsons",0.6396411772793625,-0.44684792035828497
1391,goldberg weprin finkel & goldstein,0.6384015578392511,-0.4487877926251245
1392,heintz & smith,0.6384015578392511,-0.4487877926251245
1393,hughes socol piers resnick & dym,0.6361562932120517,-0.45231100178803013
1394,ulmer & berne,0.6358658640575935,-0.45276764345554377
1395,morrison & foer,0.6357164329258456,-0.4530026752467071
1396,kelly & walker,0.6348765654882834,-0.4543246840424908
1397,murphy & mcgonigle,0.6337907449202848,-0.45603643435594093
1398,sloane & walsh,0.6334513182899958,-0.4565721278090862
1399,defendant deloitte & touche,0.6320778109023687,-0.458742773897336
1400,potter anderson & corroon,0.631918287235053,-0.45899518554385577
1401,"walters, bender, strohbehn & vaughan",0.630689398354569,-0.4609417747853954
1402,woods rogers & hazlegrove,0.6292495612849474,-0.46322734217005795
1403,"greenberg, dauber, epstein & tucker",0.6287265486407063,-0.46405885664835267
1404,"obion, mcclelland, maier & neustadt",0.6287265486407063,-0.46405885664835267
1405,wilmer cutler pickering hale & dor,0.6283086754950693,-0.4647237117820934
1406,katten muchin rosenman,0.6261255687289751,-0.4682043389734051
1407,"v., lathrop & gage",0.6247767800685454,-0.47036084492998914
1408,bryan cave,0.6222310167688487,-0.4744438456022086
1409,shearman & sterling,0.6216488511259413,-0.47537989368923145
1410,quinn emanuel urquhart and sullivan,0.6212282439888337,-0.47605672192078763
1411,"curtis, mallet-prevost, colt & mosle",0.6198374695581611,-0.47829798118316924
1412,goulston & storrs,0.6181634195717682,-0.481002423516654
1413,abramson & denenberg,0.6158034700881996,-0.4848274084179753
1414,"esq., steptoe & johnson",0.6157781156551926,-0.4848685821953427
1415,hill wallack,0.6157781156551926,-0.4848685821953427
1416,rakoczy molino mazzochi siwik,0.6157781156551926,-0.4848685821953427
1417,st. onge steward johnson & reens,0.6157781156551926,-0.4848685821953427
1418,stroock & stroock & lavan,0.6154248692730712,-0.48544240535226896
1419,blish & cavanagh,0.6151123118981232,-0.485950406876241
1420,o’reilly & ferrario,0.6148764621530173,-0.4863339059015528
1421,bradley s. gross,0.6147077302776764,-0.48660835945656544
1422,certilman balin adler & hyman,0.6147077302776764,-0.48660835945656544
1423,friedrich & friedrich,0.6147077302776764,-0.48660835945656544
1424,merrill lynch & co,0.6139627082982487,-0.4878210883500848
1425,"pierce, fenner & smith",0.6139627082982487,-0.4878210883500848
1426,wilmer cutler pickering hale and dorr,0.6136173224733981,-0.48838379843872515
1427,mccollum crowley moschet miller & laak,0.610137305139962,-0.49407125675044156
1428,king & spalding,0.6089977934321449,-0.49594063454293397
1429,hahn loeser & parks,0.6085380480123571,-0.4966958409623083
1430,taylor anderson,0.6085380480123571,-0.4966958409623083
1431,.novak druce connolly bove quigg-,0.6082195435209515,-0.49721937087639567
1432,novak druce connolly bove quigg,0.6082195435209515,-0.49721937087639567
1433,"richards, layton &",0.6082195435209515,-0.49721937087639567
1434,husch blackwell sanders,0.6064167941570522,-0.5001877501874503
1435,mcnees wallace & nurick,0.6061152373839,-0.5006851502915716
1436,foulston siefkin,0.6056945040682367,-0.5013795387226545
1437,"squire, sanders & dempsey",0.6038108698370802,-0.5044942594913796
1438,bonnett fairbourn friedman & balint,0.6002235801601495,-0.5104530595763989
1439,clausen & centrich,0.5998707255946,-0.5110411043225918
1440,"brenner, saltzman & wallman",0.5997975541894179,-0.511163090385749
1441,buchanan ingersoll & rooney,0.5981114820816729,-0.5139781175207244
1442,gregory j. cannata,0.5914243410467811,-0.5252215140631241
1443,gregory j. cannta & associates,0.5914243410467811,-0.5252215140631241
1444,oshman & mirisola,0.5914243410467811,-0.5252215140631241
1445,wertheimer associates,0.5914243410467811,-0.5252215140631241
1446,coan & lyons,0.5876694833278037,-0.5315905923067379
1447,"salley, hite, mercer & resor",0.5876694833278037,-0.5315905923067379
1448,the maul firm,0.5868454382856246,-0.5329938016865878
1449,cooley,0.5867937786524703,-0.5330818349295848
1450,shore chan bragalone depumpo,0.5860944892486324,-0.5342742579520227
1451,law & public,0.5843313327241546,-0.5372871064813286
1452,mcdermott & mcgee,0.5843313327241546,-0.5372871064813286
1453,rusing lopez & lizardi,0.5835323175988183,-0.5386554430157942
1454,pierce atwood,0.5792772922621663,-0.5459740002286021
1455,jeffrey m. lindy,0.577635330445939,-0.5488125256046243
1456,"stillman, friedman & shechtman",0.577635330445939,-0.5488125256046243
1457,mcculley mccluer,0.5763132058935031,-0.5511040058384942
1458,lewis & llewellyn,0.5762359414261823,-0.5512380816262664
1459,zuckerman spaeder,0.5754478862998794,-0.5526066086999726
1460,allen & overy,0.5734580126411573,-0.5560705575756012
1461,debevoise & plimpton,0.5706868913636767,-0.5609145711028256
1462,dysart taylor cotter mcmonigle & montemore,0.5703822723409072,-0.5614484897112594
1463,"dysart, taylor, lay, cotter & mcmonigle",0.5703822723409072,-0.5614484897112594
1464,scharnhorst ast kennard griffin,0.5703822723409072,-0.5614484897112594
1465,katzman lampert & mcclune,0.5690440882301236,-0.5637973641490363
1466,calfo harrigan leyh & eakes,0.5686094450681156,-0.5645614688090821
1467,"onnor, collora",0.5686094450681156,-0.5645614688090821
1468,clyde & co,0.565059734893024,-0.5708238279498614
1469,goodman allen & filetti,0.5642147379131842,-0.5723203589667097
1470,sands anderson,0.5642147379131842,-0.5723203589667097
1471,taylor & walker,0.5642147379131842,-0.5723203589667097
1472,the matthews law group,0.5642147379131842,-0.5723203589667097
1473,barclay damon,0.5642146228319637,-0.5723205629337892
1474,steptoe & johnson,0.5619755561956226,-0.5762969243481899
1475,pietrantoni mendez & alvarez,0.5606273808933765,-0.5786987993225733
1476,stueve siegel hanson,0.5595275880201485,-0.5806624440987702
1477,"young, conaway, stargatt & taylor",0.5585412277270149,-0.5824268445276681
1478,stoel rives,0.5577770104998555,-0.5837960192313963
1479,morgan & lewi,0.5560325285883502,-0.5869284817875792
1480,wilmer culter pickering hale & dor,0.5556641498230618,-0.5875912143223169
1481,defendants & counterclaim,0.5551343125830077,-0.5885451898600373
1482,ross aronstam & moritz,0.5537004329503165,-0.5911314732313315
1483,geier homar & roy,0.5522287779674185,-0.5937928657273706
1484,greene & letts,0.55213557840544,-0.5939616498096563
1485,altshuler berzon,0.5517720791447337,-0.5946202180718801
1486,cummins & cummins,0.5517720791447337,-0.5946202180718801
1487,"taus, cebulash & landau",0.5451659220310617,-0.6066650865589011
1488,"vigorito, barker, porter, & patterson",0.5433709991125139,-0.6099629527322388
1489,walker wilcox matousek,0.5433709991125139,-0.6099629527322388
1490,hiscock & barclay,0.5416852467528463,-0.6130701717771362
1491,fowler white boggs,0.5384245660777124,-0.6191078737621691
1492,seitz ross aronstam & moritz,0.5379474784708996,-0.6199943472458902
1493,naylor & braster,0.5377089238548971,-0.620437898958868
1494,pisanelli bice,0.5377089238548971,-0.620437898958868
1495,bonner kiernan trebach & crociata,0.5362278156177052,-0.6231961790731236
1496,"smith, gambrell & russell",0.5349587556473178,-0.6255656273058948
1497,binder & binder,0.5319883293812996,-0.631133727134314
1498,schwabe williamson & wyatt,0.5317091427098316,-0.6316586633783198
1499,linsey law firm,0.5305388110791983,-0.6338621641711355
1500,baker & hostetler,0.5299889811792956,-0.6348990628798334
1501,patton boggs,0.528131377702174,-0.6384102048211548
1502,layton & finger,0.5280029795075486,-0.6386533522850765
1503,beck redden,0.5279937868815839,-0.6386707626148378
1504,jenkens & gilchrist,0.5277124580824639,-0.6392037305822462
1505,parker chapin,0.5277124580824639,-0.6392037305822462
1506,"milbank, tweed, hadley & mccloy",0.5274133892273857,-0.6397706181508711
1507,jones skelton & hochuli,0.5271263216371858,-0.6403150596628091
1508,nelson christensen hollingworth & williams,0.5271263216371858,-0.6403150596628091
1509,rake petti,0.5271263216371858,-0.6403150596628091
1510,stevens & williamson,0.5271263216371858,-0.6403150596628091
1511,jeep & blazer,0.5256052137919962,-0.6432048921653574
1512,shaw keller,0.5252846167995449,-0.6438150360511665
1513,morrison cohen,0.5250907272801445,-0.6441842174541675
1514,bracewell,0.5225559375867118,-0.6490232432912014
1515,o’neill & borges,0.5222518809823897,-0.6496052768623554
1516,armstrong teasdale,0.5219785093125133,-0.6501288618464016
1517,hinshaw & culbertson,0.5201578805853626,-0.6536228969785167
1518,schiller & flexner,0.5174678421683852,-0.6588078965108485
1519,skadden arps slate meagher & flom,0.5164871960363462,-0.6607047805915836
1520,hangley aronchick segal & pudlin,0.5100383845589289,-0.6732692922549093
1521,pryor cashman,0.5088401443248617,-0.6756213700591115
1522,"herrick, feinstein",0.5080206847123178,-0.6772331142949745
1523,taft stettinius & hollister,0.5073512556321595,-0.6785517033765764
1524,iafrate & associates,0.5064524802696786,-0.6803247794979532
1525,"rothwell, figg, ernst & manbeck",0.5060074611592386,-0.6812038644293942
1526,alston & bird,0.5051808300779317,-0.6828388344396508
1527,alexander dubose jefferson & townsend,0.5048242868532516,-0.6835448570795634
1528,norton rose fulbright united states,0.5048242868532516,-0.6835448570795634
1529,hemenway & barnes,0.5044257879570693,-0.6843345501929703
1530,manion gaynor & manning,0.5044257879570693,-0.6843345501929703
1531,lieff cabraser heimann & bernstein,0.5027190744661332,-0.687723764968984
1532,"terris, pravlik & millian",0.5009049336876639,-0.6913389490211084
1533,smith,0.5002360455263415,-0.6926752009071842
1534,wilmer pickering hale & dorr,0.5002360455263415,-0.6926752009071842
1535,todd & weld,0.4989619606491228,-0.6952254173004438
1536,vinson & elkins,0.4986059917826034,-0.6959390907514813
1537,andrew grosso & associates,0.49634448889809585,-0.7004850592656365
1538,david a. cohen the basil law group,0.49634448889809585,-0.7004850592656365
1539,donahue davies,0.49355095166703283,-0.7061291799121509
1540,quarles & brady,0.49086338681884634,-0.7115894244868742
1541,morrison & foerster,0.4907024316647963,-0.7119173803966293
1542,mccallion & associates,0.4870166019148284,-0.7194570663064185
1543,lewis & bockiu,0.4844161830396704,-0.7248108594391381
1544,frommer lawrence & haug,0.4841749043745754,-0.7253090648701416
1545,"hutchens, senter, kellam & pettit",0.47841451969845195,-0.737277726266041
1546,pomerantz haudek grossman & gross,0.4781026971194934,-0.7379297220367856
1547,"birch, stewart, kolasch & birch",0.4758270457874131,-0.742700839964134
1548,"nichols, arsht & tunnell",0.4758270457874131,-0.742700839964134
1549,"wilson, elser, moskowitz, edelman & dicker",0.4731186629088091,-0.7484090489962493
1550,polsinelli shughart,0.4717802428797211,-0.7512419889351531
1551,ireland stapleton pryor & pascoe,0.4700558221121165,-0.7549038208793727
1552,roach hewitt ruprecht sanchez & bischoff,0.46996706288448814,-0.7550926657028526
1553,catherine dodd plumb,0.4693671765220596,-0.7563699244651044
1554,johnston law offices,0.4693671765220596,-0.7563699244651044
1555,struck wieneke & love,0.4693671765220596,-0.7563699244651044
1556,"boies, schiller & flexner",0.46931582563904806,-0.7564793349539374
1557,schwartz & associates,0.4689592523596017,-0.7572393962727838
1558,stinson morrison hecker,0.4674262814189043,-0.7605136294917494
1559,traskbritt,0.4661649270591485,-0.763215786743872
1560,"lowe, fell & skogg",0.46500466668556956,-0.7657078375621946
1561,remcho johansen & purcel,0.4648077459834662,-0.7661314083865123
1562,stoll keenon ogden,0.46459837715432534,-0.7665819516473542
1563,rock fusco & connelly,0.4630011879637401,-0.7700256591027796
1564,"neal, gerber & eisenberg",0.4605742795622666,-0.7752811343135063
1565,haynes & boone,0.4589279016984175,-0.7788621581692274
1566,munger tolies & olson,0.4578882514869568,-0.7811301170254944
1567,"quinn, emanuel, urquhart & sullivan",0.45709161637556855,-0.7828714347105377
1568,"wilson, sonsini, goodrich & rosati",0.45709161637556855,-0.7828714347105377
1569,"usso, alston & bird",0.4540801605561294,-0.7894815314249655
1570,ciresi conlin,0.45296216413403495,-0.7919466798702584
1571,hunsucker goodstein,0.45296216413403495,-0.7919466798702584
1572,kegel klein almy & grimm,0.45296216413403495,-0.7919466798702584
1573,mckenna long & aldridge,0.4497002195260899,-0.7991740970443983
1574,business advocates,0.44831866315637253,-0.8022509977339691
1575,law & resource,0.44831866315637253,-0.8022509977339691
1576,kenney & mccafferty,0.44736823181641316,-0.804373238668865
1577,metcalf kaspari engdahl & lazarus,0.44736823181641316,-0.804373238668865
1578,wiggins childs quinn & pantazis,0.44736823181641316,-0.804373238668865
1579,law steptoe & johnson,0.4471464387177971,-0.8048691346233244
1580,michael k. suh and associates,0.4471464387177971,-0.8048691346233244
1581,winthrop & weinstine,0.4441266082794099,-0.8116456034160702
1582,davis & kuelthau,0.4423932555357629,-0.8155560740625469
1583,zarzaur mujumdar & debrosse,0.4413978028844482,-0.8178087627784861
1584,reed smith,0.43767412356375857,-0.8262806556469908
1585,gilda a. hernandez,0.43712493256612245,-0.827536237865415
1586,martin & jones,0.43712493256612245,-0.827536237865415
1587,winston & strawn,0.4364442814826566,-0.8290945602290214
1588,barack ferrazzano kirschbaum & nagelberg,0.43602265642930765,-0.8300610726957967
1589,dufford & brown,0.4357135659864054,-0.8307702102718367
1590,jester gibson & moore,0.4357135659864054,-0.8307702102718367
1591,lawson & weitzen,0.4357135659864054,-0.8307702102718367
1592,mctigue law,0.43496844530138556,-0.832481790061617
1593,adams & reese,0.43350134160603276,-0.8358603879427244
1594,focal,0.4331307559743011,-0.8367156197195169
1595,smith & mcelwain,0.4325454069733901,-0.8380679708992644
1596,"gibson, dunn & crutcher",0.4316338190096935,-0.8401776913702158
1597,stack & associates,0.4297236480301542,-0.8446129559008445
1598,levine lee,0.4266505553732063,-0.8517899722935903
1599,james e. brown & associates,0.4256470154072321,-0.8541448785238711
1600,arnold & porter,0.42382172627361314,-0.8584423690688228
1601,kelly ip,0.42249776853739546,-0.8615711137671508
1602,grant & eisenhofer,0.42202460883578086,-0.8626916518696338
1603,gainey mckenna & egleston,0.4194133600112695,-0.8688983059638119
1604,"bellacosa, kirkland & ellis",0.41739871545682306,-0.8737133618310192
1605,rachlis duff adler & peel,0.41739871545682306,-0.8737133618310192
1606,"smylie, kirkland & ellis",0.41739871545682306,-0.8737133618310192
1607,holland & hart,0.4170494918614155,-0.8745503787069226
1608,dla piper united states,0.4161522869652857,-0.8767040112739889
1609,kramer levin naftalis & frankel,0.4124615184497473,-0.8856123661657272
1610,sullivan & cromwell,0.41168639709147686,-0.8874933915792529
1611,"cravath, swaine & moore",0.41148264406131574,-0.8879884370052493
1612,seymour & peas,0.41115280111230046,-0.8887903547164944
1613,hoffner,0.4081333841354081,-0.8961612361047857
1614,scottscott,0.4066853134622695,-0.8997155781980783
1615,foley & mansfield,0.4049089414303619,-0.9040930731294099
1616,"nilan, johnson & lewis",0.4049089414303619,-0.9040930731294099
1617,"quattlebaum, grooms, tull & burrow",0.4049089414303619,-0.9040930731294099
1618,timothy d. kelly,0.4049089414303619,-0.9040930731294099
1619,schneider wallace cottrell konecky,0.40478708070836933,-0.9043940767643067
1620,dykema gossett rooks pitts,0.40349982057982825,-0.9075792359318898
1621,robert p. macchia & associates,0.4029458903650109,-0.9089529931344262
1622,schulte roth & zabel,0.4029458903650109,-0.9089529931344262
1623,fineman krekstein & harris,0.4028985762200289,-0.9090704206207422
1624,marcus & shapira,0.40252835066828535,-0.9099897481611038
1625,porter wright morris & arthur,0.40147182975382173,-0.9126179105628724
1626,h. rajan sharma esq.,0.4006972698719913,-0.9145490747598273
1627,fulkerson lotz,0.39989398066580817,-0.9165558153411526
1628,dorsey & whitney,0.39488211912766624,-0.9291679912090685
1629,theodora oringher,0.39451965562402413,-0.9300863157953765
1630,rice pugatch robinson & schiller,0.39025303148066337,-0.9409599515689426
1631,llp,0.3884410146660022,-0.9456139491030722
1632,wexler wallace,0.3881719402223269,-0.9463068926156634
1633,hellmich law group,0.38809612877353333,-0.9465022154739968
1634,mc shapiro law,0.38809612877353333,-0.9465022154739968
1635,securities & exchange,0.38349111931643354,-0.9584388153753288
1636,cairncross & hempelmann,0.38263552166840653,-0.960672383451305
1637,daniel j. sponseller,0.38263552166840653,-0.960672383451305
1638,quinonez,0.3811468620099145,-0.9645705135348752
1639,rosenfeld,0.3811468620099145,-0.9645705135348752
1640,akin gump strauss hauer & feld,0.3796646706053218,-0.9684668616216563
1641,perkins coie,0.3796301438076724,-0.9685578060006189
1642,harke clasby & bushman,0.3794859543555906,-0.9689376937520833
1643,montgomery mccracken walker & rhoads,0.37911797317889007,-0.9699078474573467
1644,the rose law group,0.37844694623135333,-0.9716793844064225
1645,hach rose schirripa & cheverie,0.37644610741815304,-0.976980382975479
1646,simpson thacher & bartlett,0.37455271371564225,-0.9820227283451227
1647,zelle hofmann voelbel mason & gette,0.3726025641378107,-0.987242939094338
1648,"david scott. becker,.. freeborn & peters",0.3679823611807166,-0.9997202735361005
1649,giskan solotaroff anderson & stewart,0.36790968085064396,-0.9999178034077602
1650,herbst law,0.36790968085064396,-0.9999178034077602
1651,"campbell, campbell, edwards & conroy",0.3667179789822368,-1.0031621759760205
1652,beldock levine & hoffman,0.3660673672950149,-1.004937898870824
1653,briggs & morgan,0.3657856404512192,-1.005707798986639
1654,"constangy, brooks, smith & prophete",0.3645289368647379,-1.0091493428525429
1655,white & william,0.3588844613561177,-1.0247547769563723
1656,harrell & chambliss,0.3586872242846478,-1.025304511792303
1657,frost brown & todd,0.3581059893478912,-1.0269262767674603
1658,"friday, eldredge & clark",0.35653364027272,-1.0313266809633326
1659,kutak rock,0.3547241713552051,-1.0364147736117715
1660,"fried, frank, harris, shriver & jacobson",0.35352187664943563,-1.039809909706228
1661,lewis & roc,0.35216017028298385,-1.043669177665416
1662,"schnader, harrison, segal & lewis",0.35105432631991307,-1.0468142916526078
1663,ropes & gray,0.35019439869395586,-1.0492668538500884
1664,sullivan & worcester,0.34949560806848196,-1.0512642837148916
1665,dla piper us,0.3481211023431522,-1.055204864505019
1666,segal roitman,0.3476007240272249,-1.0567008026608917
1667,hilliard & shadowen,0.34618797614121033,-1.0607733678044262
1668,"heyl, royster, voelker & allen",0.3392744533217848,-1.0809459023289925
1669,banner & witcoff,0.33895331157804187,-1.0818929050450805
1670,jenner & block,0.33874657336084263,-1.0825030223793368
1671,goldberg segalla,0.33751294616295374,-1.0861514104038958
1672,buckleysandler,0.33641991774437663,-1.0893951441213052
1673,gilbride heller & brown,0.33598743171960627,-1.0906815253149496
1674,robbins russell englert orseck untereiner & sauber,0.3337668350521855,-1.0973126284359114
1675,"robbins, russell, englert, orseck, untereiner & sauber",0.3337668350521855,-1.0973126284359114
1676,amster rothstein & ebenstein,0.3286124380374354,-1.1128762224902247
1677,hennigan,0.3274612373383465,-1.1163855901840662
1678,brinks gilson & lione,0.32689217953662575,-1.1181248886442041
1679,seward & kissel,0.3247099566442693,-1.1248229362095963
1680,jager smith,0.32437102825045266,-1.125867269451543
1681,anderson & wanca,0.3222896306199533,-1.1323046637470238
1682,bock & hatch,0.3222896306199533,-1.1323046637470238
1683,"montgomery, rennie & johnson",0.3222896306199533,-1.1323046637470238
1684,"harter, secrest & emery",0.31741554935559707,-1.1475434823115997
1685,carter ledyard & milburn,0.31712580326564327,-1.1484567281036815
1686,"pennsylvania, a",0.31652243680289044,-1.1503611495380281
1687,mckool smith,0.3161327463277323,-1.1515930702899095
1688,snow christensen & martineau,0.31535611266797037,-1.154052762302704
1689,"conway, olejniczak & jerry",0.3149185612432718,-1.1554412093182738
1690,"forman, perry, watkins, krutz & tardy",0.31468219948876197,-1.1561920399409655
1691,"marshall, dennehey, warner, coleman & goggin",0.31468219948876197,-1.1561920399409655
1692,"preti, flaherty, beliveau, & pachios",0.31468219948876197,-1.1561920399409655
1693,"robinson, bradshaw & hinson",0.31468219948876197,-1.1561920399409655
1694,harkins cunningham,0.3144624922477384,-1.1568904714872872
1695,kirkl& elli,0.3144624922477384,-1.1568904714872872
1696,"dolan, griffmger & vecchione",0.3120156822351271,-1.1647018288617006
1697,riley safer holmes & candía,0.3120156822351271,-1.1647018288617006
1698,poyner spruill,0.31045878461133974,-1.1697041251910267
1699,timberlake smith thomas & moses,0.30973263183413974,-1.172045831605439
1700,"daley, debofsky & bryant",0.3090895160726376,-1.1741243480102301
1701,robinson & cole,0.30789411780414816,-1.1779993284753265
1702,law,0.3067317491708686,-1.1817816945666384
1703,hughes hubbard & reed,0.3010633560295549,-1.2004345512341292
1704,cafferty faucher,0.29831660461473786,-1.209599924864672
1705,meagher & flo,0.2975164867583644,-1.2122856378567808
1706,deforest koscelnik yokitis skinner & berardinelli,0.2964239372217457,-1.2159646289636654
1707,"deforest, koscelnik, yokitis & kaplan",0.2964239372217457,-1.2159646289636654
1708,eimer stahl,0.29582094522473873,-1.2180009224741284
1709,"leffel, foley & lardner",0.29582094522473873,-1.2180009224741284
1710,"shores, hunton & williams",0.29582094522473873,-1.2180009224741284
1711,wilkinson walsh eskovitz,0.29582094522473873,-1.2180009224741284
1712,"wyatt, tarrant & combs",0.29582094522473873,-1.2180009224741284
1713,stearns weaver miller weissler alhadeff & sitterson,0.2939287045653778,-1.2244180425300002
1714,sutherland asbill & brennan,0.29170241062112995,-1.232021138100339
1715,"eiseman, levine, lehrhaupt & kakoyiannis",0.2912045918140046,-1.2337291941918804
1716,mitchell & sheahan,0.28985093501885634,-1.2383885053300911
1717,stevens & lee,0.2889114397900639,-1.24163507454361
1718,chas-sy & chassy,0.28810451552552946,-1.244431963548569
1719,"dalton, dalton & houston",0.28810451552552946,-1.244431963548569
1720,fawcett & fawcett,0.28810451552552946,-1.244431963548569
1721,jester & williams,0.28810451552552946,-1.244431963548569
1722,michael j. eig & associates,0.28810451552552946,-1.244431963548569
1723,savit & szymkowicz,0.28810451552552946,-1.244431963548569
1724,brown & helle,0.28635767050398114,-1.250513653338543
1725,seyfarth shaw,0.285497336572791,-1.253522578921563
1726,o’kelly ernst & bielli,0.28441014180519564,-1.2573379213330451
1727,sherin & lodge,0.28427181452488,-1.2578244051453202
1728,mccune wright,0.2836082465848011,-1.260161406521254
1729,panish shea & boyle,0.2836082465848011,-1.260161406521254
1730,"munger, tolies & olson",0.2818517458635305,-1.2663740701734698
1731,garwin gerstein & fisher,0.2799674781627449,-1.2730818319775217
1732,american civil liberties union foundation lgbt & aids,0.27904836610030875,-1.2763701569868082
1733,caplan cobb,0.27904836610030875,-1.2763701569868082
1734,gerhardstein & branch,0.27904836610030875,-1.2763701569868082
1735,lanham blackwell,0.27904836610030875,-1.2763701569868082
1736,virginia & ambinder,0.27904836610030875,-1.2763701569868082
1737,figliulo & silverman,0.2746535377217431,-1.2922448384399707
1738,klein moynihan turco,0.27426239517956624,-1.29366998420432
1739,dla piper,0.2742497471352367,-1.2937161018500605
1740,"fitzpatrick, celia, harper & scinto",0.2724948664252058,-1.300135503862875
1741,ervin cohen & jessu,0.27212673234503004,-1.3014873934576836
1742,linklaters,0.27212673234503004,-1.3014873934576836
1743,mcbreen & senior,0.27212673234503004,-1.3014873934576836
1744,ohashi & priver,0.27212673234503004,-1.3014873934576836
1745,stokes & stokes,0.2721122355569725,-1.301540667070622
1746,johnson becker,0.2720947491000384,-1.3016049310636728
1747,o’donoghue & o,0.2720947491000384,-1.3016049310636728
1748,sommers schwartz,0.2720947491000384,-1.3016049310636728
1749,constantine cannon,0.2707201633721841,-1.3066695990915584
1750,"edelman, combs, latturner & goodwin",0.26793664383446386,-1.3170047300217635
1751,"lewis, thomason, king, krieg & waldrop",0.26640474840227585,-1.3227385161418872
1752,hiltz wantuch & zanzig,0.2633329645418824,-1.3343360226640246
1753,lamb mcerlane,0.26302333158663294,-1.3355125374820014
1754,whitfield bryson & mason,0.26269910985825257,-1.3367459707309
1755,stafford rosenbaum,0.25953921677660957,-1.3488474634143341
1756,carlton fields jorden burt,0.2587675411680583,-1.3518251447464804
1757,patterson belknap webb & tyler,0.2552877785948651,-1.365363826640959
1758,fulbright & jaworski,0.2539992640948604,-1.3704239092321266
1759,young conaway stargatt & taylor,0.2516753173584009,-1.3796154453824412
1760,mayer brown,0.2516670833153955,-1.3796481628447295
1761,k&l gates,0.25101256255164367,-1.3822522910962645
1762,andrew schmidt law,0.2484489695862712,-1.3925178083110084
1763,miller faucher & cafferty,0.2484489695862712,-1.3925178083110084
1764,tydings & rosenber,0.2483428525406522,-1.392945017626889
1765,kellam & pettit,0.24727685369060065,-1.397246704910362
1766,baker botts,0.24715474588194905,-1.3977406369779715
1767,wiggin & dana,0.2461764919209227,-1.4017065534587034
1768,strauss hauer & feld,0.2455155318961903,-1.404395067369201
1769,public defender,0.24549004096891464,-1.4044988988884637
1770,"gray, plant, mooty, mooty & bennett",0.24525898278207503,-1.4054405541653183
1771,patterson law group,0.24517118958102144,-1.4057985794538863
1772,bodman,0.24510194997137147,-1.4060810326601685
1773,rajsich & associates,0.24510194997137147,-1.4060810326601685
1774,trout cacheris & janis,0.2449866699094848,-1.406551478450323
1775,bursor & fisher,0.24449445277668044,-1.4085626583545243
1776,hopenfeld singer rice & saito,0.24428443657660767,-1.409422008942579
1777,morrison mahoney,0.24410593004913894,-1.4101530083545901
1778,lindquist & vennum,0.2432346116188781,-1.4137288215044672
1779,antonio d. bustamante,0.24233232303281751,-1.4174452591784406
1780,ballecer & segal,0.24233232303281751,-1.4174452591784406
1781,human rights & constitutional,0.24233232303281751,-1.4174452591784406
1782,ray velarde,0.24233232303281751,-1.4174452591784406
1783,"wilentz, goldman & spitzer",0.24192673950455107,-1.4191203279772582
1784,"carella, byrne, cecchi, olstein, brody & agnello",0.24037527622589222,-1.425553925928176
1785,brownstein hyatt farber schreck,0.23969430900018626,-1.4283908800005933
1786,phase m,0.2395466031830366,-1.429007295745041
1787,phillips & phillips,0.23795357690810728,-1.4356796793443172
1788,godfrey & kahn,0.23742243994235662,-1.437914277506361
1789,center for human rights & constitutional,0.23548280125655088,-1.446117398950286
1790,cohn lifland pearlman herrmann & knopf,0.23519749669447973,-1.447329706320089
1791,"llc, marquez & bengochea",0.23519749669447973,-1.447329706320089
1792,mudd,0.23519749669447973,-1.447329706320089
1793,nussbaum law group,0.23519749669447973,-1.447329706320089
1794,john h. buey,0.2338359717249649,-1.453135384956996
1795,"onnell, o’connell & soifer",0.2338359717249649,-1.453135384956996
1796,"rien, morrison & foerster",0.2338359717249649,-1.453135384956996
1797,woods fuller schultz & smith,0.2338359717249649,-1.453135384956996
1798,lee sheikh megley & haan,0.23263695907513154,-1.4582761560982238
1799,smith segura & raphael,0.22984829997878217,-1.4703357529774734
1800,john c. brittain,0.22783469917413102,-1.479134916592152
1801,raymond d. kohlman,0.22783469917413102,-1.479134916592152
1802,"bass, berry & sims",0.22585484790445925,-1.487862751960428
1803,bancroft,0.22545772624197033,-1.4896226043896812
1804,paul hastings,0.2254080557278858,-1.4898429383173015
1805,kershaw cook & talley,0.223895776790315,-1.496574617590535
1806,"potter, deagostino, o’dea & patterson",0.22361829282822232,-1.4978147305456009
1807,gaskins bennett birrell schupp,0.22080734616712536,-1.5104646944482092
1808,b. dahlenburg bonar,0.22009942034498237,-1.5136759240516335
1809,wallace & boggs,0.22009942034498237,-1.5136759240516335
1810,"cohn, lifland, pearlman, herrmann & knopf",0.21996834596836667,-1.5142716249437476
1811,bingham mccutchen,0.21933469124566377,-1.517156445254442
1812,condon & forsyth,0.21847568426001926,-1.521080555490281
1813,mark s. kaufman,0.21679077865627003,-1.52882254419453
1814,mccandlish holton,0.21599300557009513,-1.532509253442198
1815,"morgan, lewis & bockus",0.21252513474078424,-1.5486950164792248
1816,"orloff, lowenbach, stifelman & siegel",0.21131043994894988,-1.5544269473982286
1817,"bond, schoeneck & king",0.2086681254517101,-1.5670102055919488
1818,surdyk dowd & turner,0.20839109657782584,-1.5683386927707224
1819,"kasowitz, benson, torres & friedman",0.20660222787041763,-1.5769599388580433
1820,phillips lytle,0.20614052032185545,-1.5791972052578467
1821,tonkon torp,0.20574704744145736,-1.5811077897517027
1822,eckert seamans cherin & mellott,0.203479959702105,-1.5921877570711103
1823,dunn & crutche,0.2018375668912321,-1.6002920293631335
1824,morgan lewis bockius,0.1996911877992687,-1.6109831667284489
1825,jackson walker,0.19933959508989654,-1.6127454006985442
1826,fennemore craig,0.19723421375367606,-1.6233633541258996
1827,pullman & comley,0.1957962847687414,-1.6306805236891315
1828,fredrikson & byron,0.19477548866531272,-1.6359077238975488
1829,"ca, siri & glimstad",0.19384341046569342,-1.6407046083978685
1830,nixon peabody,0.19359858008087227,-1.6419684384595716
1831,shuttleworth ruloff swain haddad & morecock,0.1913902728482154,-1.6534406223194227
1832,klarquist sparkman,0.1872720339479057,-1.675192992223655
1833,mitchell silberberg & knupp,0.18677587246016175,-1.6778459239484127
1834,robert wray,0.1862853567618544,-1.680475604775868
1835,goldman scarlato karon & penny,0.1837667755667027,-1.6940878494552776
1836,clifford chance united states,0.18364575855567702,-1.6947466022422017
1837,whatley drake & kallas,0.183538356620244,-1.6953316054275633
1838,jack w. london & associates,0.18346775606611024,-1.6957163431884026
1839,dentons us,0.1821902326711951,-1.7027039033254143
1840,hangley aronchick segal pudlin & schiller,0.18043366162652455,-1.712392094378115
1841,howrey,0.17638431918954597,-1.7350900328440055
1842,axelrod & dean,0.17388078425536627,-1.7493853625463993
1843,laduca law firm,0.17319615937626243,-1.753330457601609
1844,clifford chance us,0.1717197485919172,-1.7618914996850996
1845,thomas c. rice simpson thacher & bartlett,0.1717197485919172,-1.7618914996850996
1846,bernstein liebhard,0.1704811979670912,-1.769130264192232
1847,shriver & jacobso,0.1681295328498695,-1.783020567800665
1848,hogan lovells us,0.16610670282665438,-1.795124909013011
1849,"hagens, berman, sobol, shapiro",0.1656198905532387,-1.7980599322073854
1850,"wilmer, cutler, hale & dorr",0.16485334820290143,-1.8026989990676734
1851,phillips & associates,0.15925113031627158,-1.8372728868076649
1852,"baratta, baratta & aidala",0.15769824368867458,-1.8470719221159062
1853,michael v. cibella,0.15769824368867458,-1.8470719221159062
1854,kazmarek mowrey cloud laseter,0.15556585238907478,-1.8606861489759616
1855,schiff hardin,0.15275770412765463,-1.8789022460147025
1856,crowell & moring,0.14833284119248125,-1.9082966032930078
1857,durie tangri,0.14652362718383827,-1.9205685858234853
1858,moses & singer,0.14579317810225217,-1.925566249924377
1859,mazzarella caldarelli,0.14449226480772795,-1.9345293036048388
1860,kfc national council & advertising,0.1424880062230094,-1.9484974496717349
1861,baker hostetler,0.14188695084386535,-1.9527246592712009
1862,michael best & friedrich,0.14064146950564677,-1.9615413963964534
1863,novack & mace,0.13911733519711617,-1.9724375638268938
1864,erise ip,0.13874007440710578,-1.9751530647190438
1865,kalbaugh pfund & messersmith,0.13866073905784934,-1.9757250554816412
1866,"morris, nichols, arsht & tunnell",0.13699860582911536,-1.9877845296356074
1867,flemming zulack williamson zauderer,0.13426211217958528,-2.0079613285858544
1868,carney gillespie isitt,0.13359680338740434,-2.012928944906826
1869,fenwick & west,0.12640591279683874,-2.0682570199074553
1870,"orrick, herrington & sutcliffe",0.1255343316385176,-2.0751759989480543
1871,brian jason fischer jenner & block,0.12466886381003874,-2.0820941462463223
1872,hogan lovells united states,0.12451865829078194,-2.083299708516717
1873,"ell, marlin & saltzman",0.12441796232750431,-2.0841087174003405
1874,"hurley, burish & stanton",0.1218393088929746,-2.1050522426620186
1875,lambda legal defense & education,0.11792158136070637,-2.1377354401772783
1876,husch blackwell,0.1178037083664427,-2.1387355280696263
1877,strauch fitzgerald & green,0.11647196541004766,-2.150104675191996
1878,tostrud law group,0.11414202932478715,-2.17031173477118
1879,pomerantz grossman hufford dahlstrom & gross,0.1103270458944679,-2.2043061797476833
1880,wyatt tarrant & combsmemphis,0.10833401248620013,-2.2225361162367743
1881,robins kaplan miller & ciresi,0.10458908474766022,-2.2577160851132203
1882,scheer & zehnder,0.10404943658595284,-2.2628891409966267
1883,solomon pearl blum heymann & stich,0.09752578581049406,-2.327638466093101
1884,skadden arps slate meagher flom,0.09602849924950012,-2.343110264388351
1885,"gidley, sarli & marusak",0.09456790605100877,-2.3584371199889076
1886,blank rome,0.09409122094654453,-2.3634905316788113
1887,paul weiss rifkind wharton & garrison,0.09193584935461203,-2.386664234776358
1888,"brooks, leboeuf, bennett, foster & gwartney",0.08973120714240157,-2.410936664710154
1889,buttaci & leardi,0.08973120714240157,-2.410936664710154
1890,"cuneo, waldman & gilbert",0.08973120714240157,-2.410936664710154
1891,"taylor, colicchio & silverman",0.08973120714240157,-2.410936664710154
1892,"garwin, bronzaft, gerstein & fisher",0.08920286822138723,-2.4168420849648453
1893,girard gibbs & debartolomeo,0.08920286822138723,-2.4168420849648453
1894,hach & rose,0.08920286822138723,-2.4168420849648453
1895,"hangley, aronchick, segal, pudlin & schiller",0.08920286822138723,-2.4168420849648453
1896,heim payne & chorush,0.08920286822138723,-2.4168420849648453
1897,janet jenner & suggs,0.08920286822138723,-2.4168420849648453
1898,leonard carder,0.08920286822138723,-2.4168420849648453
1899,radice law firm,0.08920286822138723,-2.4168420849648453
1900,"stern, shapiro, weissberg & garin",0.08920286822138723,-2.4168420849648453
1901,trujillo rodriguez & richards,0.08920286822138723,-2.4168420849648453
1902,vanek vickers & masini,0.08920286822138723,-2.4168420849648453
1903,douglas & london,0.08807256307796821,-2.429594223852147
1904,bingham greenebaum doll,0.08715004119770552,-2.4401240342944113
1905,day pitney,0.08681509763779235,-2.443974736521664
1906,ackerson kauffman fex,0.08558213570306392,-2.458278712671949
1907,"cook, vetter, doerhoff & landwehr",0.08558213570306392,-2.458278712671949
1908,price waicukauski & riley,0.08558213570306392,-2.458278712671949
1909,clifford law offices,0.085199473505768,-2.4627600246757257
1910,barnes & thornburg,0.0799137570685303,-2.526807262451085
1911,irell & manella,0.07898622056317699,-2.538481864979544
1912,mack drueker & watson,0.07892594166622034,-2.53924531345664
1913,mack watson & stratman,0.07892594166622034,-2.53924531345664
1914,martin & bonnett,0.07892594166622034,-2.53924531345664
1915,wohl & fruchter,0.0775158527772827,-2.5572728115757983
1916,patrick j. o’connell,0.07124229736012383,-2.6416685729037166
1917,john c,0.06825110337878981,-2.684561678325553
1918,crenshaw ware & martin,0.06734310612036996,-2.6979547403793567
1919,innovalaw,0.06734310612036996,-2.6979547403793567
1920,nelson bumgardner casto,0.06734310612036996,-2.6979547403793567
1921,brien,0.06701421048908489,-2.702850585228515
1922,carlton fields,0.06649962692904506,-2.7105589414256133
1923,womble carlyle sandridge & rice,0.06277660736340482,-2.7681727691144857
1924,jacob m. weisberg,0.06178378059497588,-2.7841143988839834
1925,barbara j. baird,0.06119367479325525,-2.793711447856536
1926,"mary prendergast,.morrison & foerste",0.05820320262921835,-2.843814897765287
1927,walker stevens cannom yang,0.05820320262921835,-2.843814897765287
1928,orrick herrington sutcliffe,0.054995394234146754,-2.900505838453488
1929,hanson bridgett,0.054026403404791576,-2.918282399975327
1930,boies schiller flexner,0.053357774819489605,-2.9307355795282195
1931,"egan, flanagan & cohen",0.050011237175267086,-2.9955075552996875
1932,"robertson, johnson, miller & williamson",0.04805653929451523,-3.035377059287423
1933,christian & barton,0.04563630584377951,-3.0870516984609457
1934,"peterson, johnson & murray",0.045328755094668806,-3.093813677572861
1935,partridge snow & hahn,0.04226509750647841,-3.1637936515773273
1936,reese,0.04215473747502209,-3.1664082052387488
1937,finkelstein & partners,0.04211449512376169,-3.167363295325093
1938,carney williams bates pulliam & bowman,0.041278542827385224,-3.187412458156075
1939,"michael w. sobol,. lieff cabraser heimann bernstein",0.041278542827385224,-3.187412458156075
1940,"baker, donelson, bearman, caldwell & berkowitz",0.04041631268414426,-3.20852179620146
1941,"hinckley, allen & snyder",0.03773049529653503,-3.2772866176991573
1942,hueston hennigan,0.036153271266532,-3.3199878430044705
1943,kipling law group,0.036153271266532,-3.3199878430044705
1944,bartlit beck herman palenchar & scott,0.031158166155223824,-3.4686789122395862
1945,wagner & jones,0.03048722736309082,-3.4904474580601303
1946,cohen & malad,0.028520456236857446,-3.5571336864792307
1947,kazmarek geiger & laseter,0.026487884425519952,-3.6310678420236684
1948,holzer & holzer,0.0250851386132835,-3.6854796953173765
1949,jeffrey a. berens,0.0250851386132835,-3.6854796953173765
1950,lightfoot franklin & white,0.022215299703605102,-3.806974051638449
1951,bird law group,0.021567717815346645,-3.8365576278250964
1952,crongeyer law firm,0.021567717815346645,-3.8365576278250964
1953,"storino, ramello & durkin",0.021567717815346645,-3.8365576278250964
1954,oakland law group,0.014013826581289449,-4.267710823786439
1955,ball & scott,0.010509902316528338,-4.555437388472499
1956,"cuneo, pogust & mason",0.010509902316528338,-4.555437388472499
1957,donald s. edgar,0.010509902316528338,-4.555437388472499
1958,"habush, habush & rottier",0.010509902316528338,-4.555437388472499
1959,"johnson, pope, bokor, ruppel & burns",0.010509902316528338,-4.555437388472499
1960,lowey dannenberg bemporad & selinger,0.010509902316528338,-4.555437388472499
1961,simmer law group,0.010509902316528338,-4.555437388472499
1962,the axelrod firm,0.010509902316528338,-4.555437388472499
1963,"ngelo, berger & montague",0.00953384311833691,-4.6529073773026965
1964,"quinn, emanuel, urquhart, oliver & hedges",0.00953384311833691,-4.6529073773026965
1965,urquhart & sullivan,0.00953384311833691,-4.6529073773026965
1966,barrett,0.00928286990023364,-4.679584523503266
