PlaintiffFirm,DefendantFirm,Weight,Count
wilmer cutler pickering hale & dor,quinn emanuel urquhart & sullivan,20.6940628227001,24
"gibson, dunn & crutcher",quinn emanuel urquhart & sullivan,18.403337484384323,21
morrison & foerster,quinn emanuel urquhart & sullivan,17.57600591614131,20
"boies, schiller & flexner","shook, hardy & bacon",14.769021166477499,16
susman godfrey,covington & burling,13.311224557209067,15
"boies, schiller & flexner",greenberg traurig,13.065984868137072,15
"morgan, lewis & bockius",kirkland & ellis,12.269409037251604,15
robbins geller rudman & dowd,sullivan & cromwell,10.59991715582815,12
grant & eisenhofer,covington & burling,10.379994259005834,13
cohen milstein sellers & toll,"gibson, dunn & crutcher",10.098715105413051,14
grant & eisenhofer,sullivan & cromwell,9.9833020755195,12
glancy binkow & goldberg,covington & burling,9.731424181232876,11
susman godfrey,sullivan & cromwell,9.607600210894569,11
cotchett pitre & mccarthy,sullivan & cromwell,8.939070345886854,10
hausfeld,covington & burling,8.849944346459553,10
hagens berman sobol shapiro,latham & watkins,8.805066368243986,11
glancy binkow & goldberg,"gibson, dunn & crutcher",8.741941374326553,10
morrison & foerster,attorney general,8.585067989149607,10
morrison & foerster,sheppard mullin richter & hampton,8.002141929685,9
robbins geller rudman & dowd,"gibson, dunn & crutcher",7.992412515089951,10
cotchett pitre & mccarthy,covington & burling,7.915017887009224,9
kirkland & ellis,attorney general,7.77198547758004,10
cuneo gilbert & laduca,covington & burling,7.660711438873134,8
hagens berman sobol shapiro,covington & burling,7.641547789009707,9
grant & eisenhofer,"gibson, dunn & crutcher",7.444206827851277,9
"gibson, dunn & crutcher",sheppard mullin richter & hampton,7.0442000240475835,8
"gibson, dunn & crutcher",williams & connolly,7.0442000240475835,8
hausfeld,"gibson, dunn & crutcher",7.037816102757531,8
susman godfrey,"boies, schiller & flexner",6.977201269307136,8
susman godfrey,"gibson, dunn & crutcher",6.977201269307136,8
susman godfrey,sidley austin,6.977201269307136,8
"robins, kaplan, miller & ciresi",sullivan & cromwell,6.9578152128126405,8
wilmer cutler pickering hale & dor,sheppard mullin richter & hampton,6.898020940900034,8
grant & eisenhofer,"skadden, arps, slate, meagher & flom",6.693693018926328,8
grant & eisenhofer,"morgan, lewis & bockius",6.691094139894646,8
"shepherd, finkelman, miller & shah",covington & burling,6.6304243561147835,8
attorney general,united states attorney,6.494848603423625,8
robbins geller rudman & dowd,simpson thacher & bartlett,6.295632473431293,7
morrison & foerster,williams & connolly,6.201245105233142,7
freed kanner london & millen,covington & burling,6.198614500876953,7
kaplan fox & kilsheimer,covington & burling,6.198614500876953,7
cotchett pitre & mccarthy,"gibson, dunn & crutcher",6.14502761066779,7
lieff cabraser heimann & bernstein,"gibson, dunn & crutcher",6.131912368040378,7
susman godfrey,davis polk & wardwell,6.118999576241,7
susman godfrey,hughes hubbard & reed,6.118999576241,7
susman godfrey,simpson thacher & bartlett,6.118999576241,7
"robins, kaplan, miller & ciresi","gibson, dunn & crutcher",6.086241513906108,7
"robins, kaplan, miller & ciresi",covington & burling,6.063205713851975,7
attorney general,simpson thacher & bartlett,6.013897681073995,7
obermayer rebmann maxwell & hippel,covington & burling,5.992393955984779,7
hagens berman sobol shapiro,quinn emanuel urquhart & sullivan,5.869167743593518,7
faruqi & faruqi,morrison & foerster,5.862987595592685,7
grant & eisenhofer,"boies, schiller & flexner",5.810925308809379,7
mcculley mccluer,covington & burling,5.807162833567437,7
robbins geller rudman & dowd,covington & burling,5.807162833567437,7
robbins geller rudman & dowd,"boies, schiller & flexner",5.798083088638412,7
grant & eisenhofer,davis polk & wardwell,5.79322236934258,7
pomerantz,simpson thacher & bartlett,5.542824270496027,6
"boies, schiller & flexner","gibson, dunn & crutcher",5.518381183287244,6
glancy binkow & goldberg,simpson thacher & bartlett,5.487832738098829,6
susman godfrey,latham & watkins,5.420055475745231,6
glancy binkow & goldberg,davis polk & wardwell,5.415138266234833,6
kaplan fox & kilsheimer,sidley austin,5.391388155228107,6
faruqi & faruqi,skadden arps slate meagher & flom,5.356333854036883,6
"robins, kaplan, miller & ciresi",simpson thacher & bartlett,5.2592216784452255,6
"gibson, dunn & crutcher",susman godfrey,5.256241068194914,6
hagens berman sobol shapiro,"gibson, dunn & crutcher",5.254675892303189,6
foley & lardner,united states attorney,5.20850316151879,7
glancy binkow & goldberg,sullivan & cromwell,5.18730108131904,6
hausfeld,sullivan & cromwell,5.18730108131904,6
cotchett pitre & mccarthy,"boies, schiller & flexner",5.186406066656163,6
cotchett pitre & mccarthy,sidley austin,5.186406066656163,6
"robins, kaplan, miller & ciresi","boies, schiller & flexner",5.186406066656163,6
"robins, kaplan, miller & ciresi",sidley austin,5.186406066656163,6
attorney general,morrison & foerster,5.182272210246036,6
bernstein litowitz berger & grossmann,sullivan & cromwell,5.181776437615089,6
lieff cabraser heimann & bernstein,covington & burling,5.163493973682304,6
obermayer rebmann maxwell & hippel,"gibson, dunn & crutcher",5.115594308788968,6
robbins geller rudman & dowd,sidley austin,5.106191465354974,6
hagens berman sobol shapiro,sidley austin,5.083798409642575,6
mcculley mccluer,sullivan & cromwell,5.07698258064357,6
berger & montague,covington & burling,5.062539033915699,6
shapiro haber & urmy,covington & burling,5.062539033915699,6
lieff cabraser heimann & bernstein,sullivan & cromwell,5.021218224261731,6
"lieff, cabraser, heimann & bernstein","boies, schiller & flexner",5.018830644021304,7
"morgan, lewis & bockius",akin gump strauss hauer & feld,5.018753407683661,6
berger & montague,sullivan & cromwell,4.974559139060761,6
"shepherd, finkelman, miller & shah",cahill gordon & reindel,4.943682814842779,6
scottscott,covington & burling,4.857761399178678,6
susman godfrey,united states attorney,4.85735355127166,6
berger & montague,"boies, schiller & flexner",4.8433785073092155,6
kaplan fox & kilsheimer,"weil, gotshal & manges",4.830544783701684,5
mcculley mccluer,"gibson, dunn & crutcher",4.794550277610819,6
kaplan fox & kilsheimer,mayer brown,4.6561236557990915,5
hausfeld,skadden arps slate meagher & flom,4.653827498586702,5
glancy binkow & goldberg,mayer brown,4.621337005025609,5
glancy & binkow,davis polk & wardwell,4.574639512635496,5
goldberg,davis polk & wardwell,4.574639512635496,5
dechert,kirkland & ellis,4.563449597568669,5
scott & scott,simpson thacher & bartlett,4.542033179039671,5
susman godfrey,mayer brown,4.482211114744683,5
block & levitón,"boies, schiller & flexner",4.447639773130332,5
block & levitón,"gibson, dunn & crutcher",4.447639773130332,5
glancy binkow & goldberg,sidley austin,4.440571528095858,5
robbins geller rudman & dowd,locke lord bissell & liddell,4.421312546361851,5
akin gump strauss hauer & feld,winston & strawn,4.40464753764483,6
patterson belknap webb & tyler,winston & strawn,4.40464753764483,6
kirby mclnerney,"gibson, dunn & crutcher",4.369838127773837,5
grant & eisenhofer,sidley austin,4.350564802961646,5
hagens berman sobol shapiro,"boies, schiller & flexner",4.350564802961646,5
lieff cabraser heimann & bernstein,"boies, schiller & flexner",4.350564802961646,5
lieff cabraser heimann & bernstein,sidley austin,4.350564802961646,5
baron & budd,covington & burling,4.346802327719703,5
baron & budd,sullivan & cromwell,4.346802327719703,5
bernstein litowitz berger & grossmann,covington & burling,4.346802327719703,5
block & levitón,covington & burling,4.346802327719703,5
block & levitón,sullivan & cromwell,4.346802327719703,5
dickstein shapiro,covington & burling,4.346802327719703,5
dickstein shapiro,sullivan & cromwell,4.346802327719703,5
freed kanner london & millen,sullivan & cromwell,4.346802327719703,5
glancy & binkow,covington & burling,4.346802327719703,5
glancy & binkow,sullivan & cromwell,4.346802327719703,5
goldberg,covington & burling,4.346802327719703,5
goldberg,sullivan & cromwell,4.346802327719703,5
hagens berman sobol shapiro,sullivan & cromwell,4.346802327719703,5
heins mills & olson,covington & burling,4.346802327719703,5
heins mills & olson,sullivan & cromwell,4.346802327719703,5
kaplan fox & kilsheimer,sullivan & cromwell,4.346802327719703,5
"kellogg, huber, hansen, todd, evans & figel",covington & burling,4.346802327719703,5
"kellogg, huber, hansen, todd, evans & figel",sullivan & cromwell,4.346802327719703,5
kirby mclnerney,covington & burling,4.346802327719703,5
kirby mclnerney,sullivan & cromwell,4.346802327719703,5
"lieff, cabraser, heimann & bernstein",covington & burling,4.346802327719703,5
"lieff, cabraser, heimann & bernstein",sullivan & cromwell,4.346802327719703,5
lowey dannenberg cohen & hart,covington & burling,4.346802327719703,5
lowey dannenberg cohen & hart,sullivan & cromwell,4.346802327719703,5
morris & morris,covington & burling,4.346802327719703,5
morris & morris,sullivan & cromwell,4.346802327719703,5
shapiro haber & urmy,sullivan & cromwell,4.346802327719703,5
"shepherd, finkelman, miller & shah",sullivan & cromwell,4.346802327719703,5
united states attorney,covington & burling,4.346802327719703,5
united states attorney,sullivan & cromwell,4.346802327719703,5
robbins geller rudman & dowd,latham & watkins,4.317744388642062,5
obermayer rebmann maxwell & hippel,sullivan & cromwell,4.311396448786105,5
grant & eisenhofer,simpson thacher & bartlett,4.281749207248528,5
"lieff, cabraser, heimann & bernstein","gibson, dunn & crutcher",4.267724197243339,5
hagens berman sobol shapiro,mcdermott will & emery,4.26461836931993,5
morrison & foerster,united states attorney,4.2235937359337425,5
"boies, schiller & flexner",attorney general,4.208282703218568,5
kirby mclnerney,sidley austin,4.204622182007378,5
mcculley mccluer,"boies, schiller & flexner",4.200182933447759,5
united states attorney,united states attorney,4.171988976456382,5
berger & montague,sidley austin,4.1624495232512135,5
scottscott,"gibson, dunn & crutcher",4.127581146254811,5
wilmer cutler pickering hale & dor,united states attorney,4.08854947616387,5
berger & montague,"morgan, lewis & bockius",4.071729486014257,5
wilmer cutler pickering hale & dor,covington & burling,4.053564649482146,6
robbins geller rudman & dowd,davis polk & wardwell,4.046945775274223,5
grant & eisenhofer,cahill gordon & reindel,4.035860599709016,5
simpson thacher & bartlett,covington & burling,3.991260157862548,5
cuneo gilbert & laduca,sidley austin,3.872599510477256,4
fish & richardson,mcdermott will & emery,3.8609985643985696,4
glancy binkow & goldberg,"morgan, lewis & bockius",3.8489169006094377,4
labaton sucharow,sullivan & cromwell,3.8151936418559806,4
grant & eisenhofer,kirkland & ellis,3.7416283471526945,5
glancy binkow & goldberg,hogan lovells us,3.70481852599119,4
glancy binkow & goldberg,condon & forsyth,3.7036243463144993,4
glancy binkow & goldberg,shriver & jacobso,3.7036243463144993,4
susman godfrey,condon & forsyth,3.7036243463144993,4
susman godfrey,shriver & jacobso,3.7036243463144993,4
girard gibbs,steptoe & johnson,3.6938044784946262,4
glancy binkow & goldberg,kirkland & ellis,3.687115586524391,4
"morgan, lewis & bockius","shook, hardy & bacon",3.6789207888581625,4
foley & lardner,fish & richardson,3.6695939796807826,4
"cravath, swaine & moore",attorney general,3.6510143592846735,4
hausfeld,o’melveny & myers,3.648698653951567,4
scottscott,mcdermott will & emery,3.597888087422678,4
glancy & binkow,simpson thacher & bartlett,3.5932202500466266,4
goldberg,simpson thacher & bartlett,3.5932202500466266,4
block & levitón,davis polk & wardwell,3.5894380800641965,4
grant & eisenhofer,steptoe & johnson,3.580522598619124,4
kaplan fox & kilsheimer,davis polk & wardwell,3.5724937248098643,4
"shepherd, finkelman, miller & shah",skadden arps slate meagher & flom,3.570889236024589,4
glancy binkow & goldberg,"skadden, arps, slate, meagher & flom",3.532809680355923,4
wilmer cutler pickering hale & dor,dla piper us,3.526201265642266,4
wilmer cutler pickering hale & dor,"paul, weiss, rifkind, wharton & garrison",3.526201265642266,4
blank rome,"shook, hardy & bacon",3.522248489751012,4
grant & eisenhofer,"shook, hardy & bacon",3.522248489751012,4
hagens berman sobol shapiro,"shook, hardy & bacon",3.522248489751012,4
lieff cabraser heimann & bernstein,"shook, hardy & bacon",3.522248489751012,4
glancy binkow & goldberg,dla piper,3.521267678691914,4
hagens berman sobol shapiro,davis polk & wardwell,3.49236310989551,4
lieff cabraser heimann & bernstein,davis polk & wardwell,3.49236310989551,4
susman godfrey,cahill gordon & reindel,3.488600634653568,4
susman godfrey,flemming zulack williamson zauderer,3.488600634653568,4
susman godfrey,katten muchin rosenman,3.488600634653568,4
susman godfrey,locke lord bissell & liddell,3.488600634653568,4
susman godfrey,"locke, liddell & sapp",3.488600634653568,4
susman godfrey,mcdermott will & emery,3.488600634653568,4
susman godfrey,"milbank, tweed, hadley & mccloy",3.488600634653568,4
susman godfrey,paul weiss rifkind wharton & garrison,3.488600634653568,4
susman godfrey,schiff hardin,3.488600634653568,4
berger & montague,mcdermott will & emery,3.4867293141200197,4
freed kanner london & millen,mcdermott will & emery,3.4867293141200197,4
grant & eisenhofer,mcdermott will & emery,3.4867293141200197,4
heins mills & olson,mcdermott will & emery,3.4867293141200197,4
baron & budd,"boies, schiller & flexner",3.4700026805238924,4
baron & budd,"gibson, dunn & crutcher",3.4700026805238924,4
baron & budd,sidley austin,3.4700026805238924,4
berger & montague,"gibson, dunn & crutcher",3.4700026805238924,4
bernstein litowitz berger & grossmann,"boies, schiller & flexner",3.4700026805238924,4
bernstein litowitz berger & grossmann,"gibson, dunn & crutcher",3.4700026805238924,4
bernstein litowitz berger & grossmann,sidley austin,3.4700026805238924,4
block & levitón,sidley austin,3.4700026805238924,4
cotchett pitre & mccarthy,davis polk & wardwell,3.4700026805238924,4
cotchett pitre & mccarthy,hughes hubbard & reed,3.4700026805238924,4
cotchett pitre & mccarthy,simpson thacher & bartlett,3.4700026805238924,4
dickstein shapiro,"boies, schiller & flexner",3.4700026805238924,4
dickstein shapiro,"gibson, dunn & crutcher",3.4700026805238924,4
dickstein shapiro,sidley austin,3.4700026805238924,4
freed kanner london & millen,"boies, schiller & flexner",3.4700026805238924,4
freed kanner london & millen,"gibson, dunn & crutcher",3.4700026805238924,4
freed kanner london & millen,sidley austin,3.4700026805238924,4
glancy & binkow,"boies, schiller & flexner",3.4700026805238924,4
glancy & binkow,"gibson, dunn & crutcher",3.4700026805238924,4
glancy & binkow,sidley austin,3.4700026805238924,4
glancy binkow & goldberg,"boies, schiller & flexner",3.4700026805238924,4
goldberg,"boies, schiller & flexner",3.4700026805238924,4
goldberg,"gibson, dunn & crutcher",3.4700026805238924,4
goldberg,sidley austin,3.4700026805238924,4
hausfeld,"boies, schiller & flexner",3.4700026805238924,4
hausfeld,sidley austin,3.4700026805238924,4
heins mills & olson,"boies, schiller & flexner",3.4700026805238924,4
heins mills & olson,"gibson, dunn & crutcher",3.4700026805238924,4
heins mills & olson,sidley austin,3.4700026805238924,4
kaplan fox & kilsheimer,"boies, schiller & flexner",3.4700026805238924,4
kaplan fox & kilsheimer,"gibson, dunn & crutcher",3.4700026805238924,4
"kellogg, huber, hansen, todd, evans & figel","boies, schiller & flexner",3.4700026805238924,4
"kellogg, huber, hansen, todd, evans & figel","gibson, dunn & crutcher",3.4700026805238924,4
"kellogg, huber, hansen, todd, evans & figel",sidley austin,3.4700026805238924,4
kirby mclnerney,"boies, schiller & flexner",3.4700026805238924,4
"lieff, cabraser, heimann & bernstein",sidley austin,3.4700026805238924,4
lowey dannenberg cohen & hart,"boies, schiller & flexner",3.4700026805238924,4
lowey dannenberg cohen & hart,"gibson, dunn & crutcher",3.4700026805238924,4
lowey dannenberg cohen & hart,sidley austin,3.4700026805238924,4
mcculley mccluer,sidley austin,3.4700026805238924,4
morris & morris,"boies, schiller & flexner",3.4700026805238924,4
morris & morris,"gibson, dunn & crutcher",3.4700026805238924,4
morris & morris,sidley austin,3.4700026805238924,4
"robins, kaplan, miller & ciresi",davis polk & wardwell,3.4700026805238924,4
"robins, kaplan, miller & ciresi",hughes hubbard & reed,3.4700026805238924,4
shapiro haber & urmy,"boies, schiller & flexner",3.4700026805238924,4
shapiro haber & urmy,"gibson, dunn & crutcher",3.4700026805238924,4
shapiro haber & urmy,sidley austin,3.4700026805238924,4
"shepherd, finkelman, miller & shah","boies, schiller & flexner",3.4700026805238924,4
"shepherd, finkelman, miller & shah","gibson, dunn & crutcher",3.4700026805238924,4
"shepherd, finkelman, miller & shah",sidley austin,3.4700026805238924,4
united states attorney,"boies, schiller & flexner",3.4700026805238924,4
united states attorney,"gibson, dunn & crutcher",3.4700026805238924,4
united states attorney,sidley austin,3.4700026805238924,4
grant & eisenhofer,morrison & foerster,3.4559535678715174,4
hausfeld,davis polk & wardwell,3.452299741057094,4
bernstein litowitz berger & grossmann,simpson thacher & bartlett,3.446775097353143,4
grant & eisenhofer,hughes hubbard & reed,3.444647121738735,4
obermayer rebmann maxwell & hippel,davis polk & wardwell,3.434596801590295,4
attorney general,attorney general,3.4126210218591364,4
"morgan, lewis & bockius",attorney general,3.4072628081868155,4
hagens berman sobol shapiro,"morgan, lewis & bockius",3.3986409344553845,4
robbins geller rudman & dowd,cahill gordon & reindel,3.378621054054101,4
lovell stewart halebian jacobson,hughes hubbard & reed,3.3733292558854613,4
lovell stewart halebian jacobson,simpson thacher & bartlett,3.3733292558854613,4
"gibson, dunn & crutcher",kirkland & ellis,3.371819675257768,4
"gibson, dunn & crutcher",united states attorney,3.371819675257768,4
wilmer cutler pickering hale & dor,kirkland & ellis,3.371819675257768,4
wilmer cutler pickering hale & dor,williams & connolly,3.371819675257768,4
block & levitón,"milbank, tweed, hadley & mccloy",3.371364777613838,4
obermayer rebmann maxwell & hippel,"skadden, arps, slate, meagher & flom",3.3619950143973467,4
hagens berman sobol shapiro,hughes hubbard & reed,3.345034594138686,4
robbins geller rudman & dowd,hughes hubbard & reed,3.345034594138686,4
mcculley mccluer,davis polk & wardwell,3.3419812403816236,4
covington & burling,attorney general,3.3106371867296183,4
"lieff, cabraser, heimann & bernstein",mayer brown,3.296186569553785,5
scottscott,sullivan & cromwell,3.287082392655474,4
jenner & block,attorney general,3.269513195503289,4
faruqi & faruqi,arnold & porter,3.265607981535629,4
berger & montague,katten muchin rosenman,3.262673262081296,4
"boies, schiller & flexner","paul, weiss, rifkind, wharton & garrison",3.2597237796306584,4
robbins geller rudman & dowd,"skadden, arps, slate, meagher & flom",3.2550256457673323,4
scott & scott,kirkland & ellis,3.2206924103133225,4
attorney general,"weil, gotshal & manges",3.213112053961703,4
"shepherd, finkelman, miller & shah","morgan, lewis & bockius",3.2086814745808323,4
grant & eisenhofer,locke lord bissell & liddell,3.1953618461096798,4
grant & eisenhofer,"locke, liddell & sapp",3.1953618461096798,4
pomerantz,covington & burling,3.169030831032007,4
scott & scott,covington & burling,3.147876798524261,4
robbins geller rudman & dowd,morrison & foerster,3.125399344725944,4
cohen milstein sellers & toll,covington & burling,3.1124709195906632,4
hagens berman sobol shapiro,williams & connolly,3.1020053965417276,4
perkins coie,attorney general,3.101579080052579,4
robbins geller rudman & dowd,dechert,3.039914486024818,4
berger & montague,greenberg traurig,2.994861314629528,4
milberg,"paul, weiss, rifkind, wharton & garrison",2.955770613424569,4
akin gump strauss hauer & feld,attorney general,2.9553881875988224,5
cohen milstein sellers & toll,kirkland & ellis,2.9545223433755887,4
fish & richardson,wilmer cutler pickering hale & dor,2.942268140939099,4
akin gump strauss hauer & feld,kirkland & ellis,2.93643169176322,4
patterson belknap webb & tyler,kirkland & ellis,2.93643169176322,4
grant & eisenhofer,patterson belknap webb & tyler,2.9300166870091013,4
lieff cabraser heimann & bernstein,locke lord bissell & liddell,2.9098834492963213,4
cuneo gilbert & laduca,latham & watkins,2.8978029964090783,3
kirby mclnerney,"morgan, lewis & bockius",2.88722966117286,3
cohen milstein sellers & toll,mccarter & english,2.86294682478398,4
grant & eisenhofer,mccarter & english,2.86294682478398,4
scott & scott,mccarter & english,2.86294682478398,4
pomerantz,"weil, gotshal & manges",2.860483964483879,3
"boies, schiller & flexner","morgan, lewis & bockius",2.852239622026413,3
glancy binkow & goldberg,dla piper us,2.8498347902521677,3
"morris, nichols, arsht & tunnell",goodwin procter,2.8290856864283365,3
cuneo gilbert & laduca,baker & hostetler,2.818947037023243,3
venable,united states attorney,2.816468497015217,3
robbins geller rudman & dowd,ropes & gray,2.7900532014198505,3
blank rome,"paul, weiss, rifkind, wharton & garrison",2.7877704540196846,3
pomerantz,mayer brown,2.769524831868359,3
robbins geller rudman & dowd,"weil, gotshal & manges",2.753730251691587,3
dechert,attorney general,2.7444288141482147,3
grant & eisenhofer,arnold & porter,2.7178506081796976,3
freed kanner london & millen,steptoe & johnson,2.7161673858881867,3
buchanan ingersoll & rooney,baker & hostetler,2.7160868865076107,3
hausfeld,mayer brown,2.7155313287145777,3
lockridge grindal ñauen p,kirkland & ellis,2.7151250844999577,3
lockridge grindal ñauen p,latham & watkins,2.7151250844999577,3
block & levitón,united states attorney,2.7126384328683857,3
susman godfrey,hogan lovells us,2.710013866223385,3
morris & morris,united states attorney,2.708824032596674,3
mcdermott will & emery,united states attorney,2.688735692024287,4
cohen milstein sellers & toll,mayer brown,2.6867405693813535,3
lockridge grindal ñauen p,arnold & porter,2.68194130692748,3
robbins geller rudman & dowd,arnold & porter,2.68194130692748,3
wilmer cutler pickering hale & dor,attorney general,2.6796121320752793,4
freed kanner london & millen,mayer brown,2.6785697207034724,3
faruqi & faruqi,blank rome,2.6781669270184416,3
"orrick, herrington & sutcliffe",greenberg traurig,2.6666416500083594,3
grant & eisenhofer,skadden arps slate meagher & flom,2.6660067404500474,3
hagens berman sobol shapiro,skadden arps slate meagher & flom,2.6660067404500474,3
pomerantz,"paul, weiss, rifkind, wharton & garrison",2.6652389023246945,3
dickstein shapiro,united states attorney,2.664176475170927,3
bernstein litowitz berger & grossmann,mayer brown,2.6613549765418503,3
pomerantz,sidley austin,2.656554472541774,3
kirby mclnerney,"milbank, tweed, hadley & mccloy",2.643091693900861,3
cotchett pitre & mccarthy,hogan lovells us,2.642309472710896,3
robbins geller rudman & dowd,paul weiss rifkind wharton & garrison,2.6379565184120985,3
grant & eisenhofer,quinn emanuel urquhart & sullivan,2.6322900962958267,3
lovell stewart halebian jacobson,covington & burling,2.6303989415874325,3
lovell stewart halebian jacobson,sullivan & cromwell,2.6303989415874325,3
pomerantz,sullivan & cromwell,2.6303989415874325,3
susman godfrey,wilmer cutler pickering hale & dor,2.6303989415874325,3
susman godfrey,"morris, nichols, arsht & tunnell",2.6191027255739634,3
buchanan ingersoll & rooney,kirkland & ellis,2.617013980204954,3
grant & eisenhofer,"milbank, tweed, hadley & mccloy",2.6155634626996993,3
hagens berman sobol shapiro,"milbank, tweed, hadley & mccloy",2.6155634626996993,3
lieff cabraser heimann & bernstein,"milbank, tweed, hadley & mccloy",2.6155634626996993,3
baron & budd,davis polk & wardwell,2.611800987457757,3
baron & budd,hughes hubbard & reed,2.611800987457757,3
baron & budd,simpson thacher & bartlett,2.611800987457757,3
berger & montague,davis polk & wardwell,2.611800987457757,3
berger & montague,hughes hubbard & reed,2.611800987457757,3
berger & montague,simpson thacher & bartlett,2.611800987457757,3
bernstein litowitz berger & grossmann,davis polk & wardwell,2.611800987457757,3
bernstein litowitz berger & grossmann,hughes hubbard & reed,2.611800987457757,3
block & levitón,hughes hubbard & reed,2.611800987457757,3
block & levitón,simpson thacher & bartlett,2.611800987457757,3
dickstein shapiro,davis polk & wardwell,2.611800987457757,3
dickstein shapiro,hughes hubbard & reed,2.611800987457757,3
dickstein shapiro,simpson thacher & bartlett,2.611800987457757,3
freed kanner london & millen,davis polk & wardwell,2.611800987457757,3
freed kanner london & millen,hughes hubbard & reed,2.611800987457757,3
freed kanner london & millen,simpson thacher & bartlett,2.611800987457757,3
glancy & binkow,hughes hubbard & reed,2.611800987457757,3
glancy binkow & goldberg,hughes hubbard & reed,2.611800987457757,3
goldberg,hughes hubbard & reed,2.611800987457757,3
hagens berman sobol shapiro,simpson thacher & bartlett,2.611800987457757,3
hausfeld,hughes hubbard & reed,2.611800987457757,3
hausfeld,simpson thacher & bartlett,2.611800987457757,3
heins mills & olson,davis polk & wardwell,2.611800987457757,3
heins mills & olson,hughes hubbard & reed,2.611800987457757,3
heins mills & olson,simpson thacher & bartlett,2.611800987457757,3
kaplan fox & kilsheimer,hughes hubbard & reed,2.611800987457757,3
kaplan fox & kilsheimer,simpson thacher & bartlett,2.611800987457757,3
"kellogg, huber, hansen, todd, evans & figel",davis polk & wardwell,2.611800987457757,3
"kellogg, huber, hansen, todd, evans & figel",hughes hubbard & reed,2.611800987457757,3
"kellogg, huber, hansen, todd, evans & figel",simpson thacher & bartlett,2.611800987457757,3
kirby mclnerney,davis polk & wardwell,2.611800987457757,3
kirby mclnerney,hughes hubbard & reed,2.611800987457757,3
kirby mclnerney,simpson thacher & bartlett,2.611800987457757,3
lieff cabraser heimann & bernstein,hughes hubbard & reed,2.611800987457757,3
lieff cabraser heimann & bernstein,simpson thacher & bartlett,2.611800987457757,3
"lieff, cabraser, heimann & bernstein",davis polk & wardwell,2.611800987457757,3
"lieff, cabraser, heimann & bernstein",hughes hubbard & reed,2.611800987457757,3
"lieff, cabraser, heimann & bernstein",simpson thacher & bartlett,2.611800987457757,3
lowey dannenberg cohen & hart,davis polk & wardwell,2.611800987457757,3
lowey dannenberg cohen & hart,hughes hubbard & reed,2.611800987457757,3
lowey dannenberg cohen & hart,simpson thacher & bartlett,2.611800987457757,3
mcculley mccluer,hughes hubbard & reed,2.611800987457757,3
mcculley mccluer,simpson thacher & bartlett,2.611800987457757,3
morris & morris,davis polk & wardwell,2.611800987457757,3
morris & morris,hughes hubbard & reed,2.611800987457757,3
morris & morris,simpson thacher & bartlett,2.611800987457757,3
shapiro haber & urmy,davis polk & wardwell,2.611800987457757,3
shapiro haber & urmy,hughes hubbard & reed,2.611800987457757,3
shapiro haber & urmy,simpson thacher & bartlett,2.611800987457757,3
"shepherd, finkelman, miller & shah",davis polk & wardwell,2.611800987457757,3
"shepherd, finkelman, miller & shah",hughes hubbard & reed,2.611800987457757,3
"shepherd, finkelman, miller & shah",simpson thacher & bartlett,2.611800987457757,3
united states attorney,davis polk & wardwell,2.611800987457757,3
united states attorney,hughes hubbard & reed,2.611800987457757,3
united states attorney,simpson thacher & bartlett,2.611800987457757,3
scott & scott,sullivan & cromwell,2.6110128850929373,3
hausfeld,"skadden, arps, slate, meagher & flom",2.6069035937772984,3
"weil, gotshal & manges","weil, gotshal & manges",2.6008587802278678,3
buchanan ingersoll & rooney,venable,2.599164197113317,4
cotchett pitre & mccarthy,cahill gordon & reindel,2.5932030333280816,3
cotchett pitre & mccarthy,flemming zulack williamson zauderer,2.5932030333280816,3
cotchett pitre & mccarthy,katten muchin rosenman,2.5932030333280816,3
cotchett pitre & mccarthy,locke lord bissell & liddell,2.5932030333280816,3
cotchett pitre & mccarthy,"locke, liddell & sapp",2.5932030333280816,3
cotchett pitre & mccarthy,mcdermott will & emery,2.5932030333280816,3
cotchett pitre & mccarthy,"milbank, tweed, hadley & mccloy",2.5932030333280816,3
cotchett pitre & mccarthy,paul weiss rifkind wharton & garrison,2.5932030333280816,3
cotchett pitre & mccarthy,schiff hardin,2.5932030333280816,3
cotchett pitre & mccarthy,united states attorney,2.5932030333280816,3
"robins, kaplan, miller & ciresi",cahill gordon & reindel,2.5932030333280816,3
"robins, kaplan, miller & ciresi",flemming zulack williamson zauderer,2.5932030333280816,3
"robins, kaplan, miller & ciresi",katten muchin rosenman,2.5932030333280816,3
"robins, kaplan, miller & ciresi",locke lord bissell & liddell,2.5932030333280816,3
"robins, kaplan, miller & ciresi","locke, liddell & sapp",2.5932030333280816,3
"robins, kaplan, miller & ciresi",mcdermott will & emery,2.5932030333280816,3
"robins, kaplan, miller & ciresi","milbank, tweed, hadley & mccloy",2.5932030333280816,3
"robins, kaplan, miller & ciresi",paul weiss rifkind wharton & garrison,2.5932030333280816,3
"robins, kaplan, miller & ciresi",schiff hardin,2.5932030333280816,3
"robins, kaplan, miller & ciresi",united states attorney,2.5932030333280816,3
glancy binkow & goldberg,cahill gordon & reindel,2.575500093861283,3
hausfeld,cahill gordon & reindel,2.575500093861283,3
hagens berman sobol shapiro,"skadden, arps, slate, meagher & flom",2.5694938025500513,3
girard gibbs,covington & burling,2.567548879353245,3
"lieff, cabraser, heimann & bernstein",schiff hardin,2.565391559821999,3
hausfeld,kirkland & ellis,2.5584822485312078,3
obermayer rebmann maxwell & hippel,cahill gordon & reindel,2.557797154394484,3
hagens berman sobol shapiro,paul weiss rifkind wharton & garrison,2.5433708979364917,3
cohen milstein sellers & toll,greenberg traurig,2.5330800577074224,3
"boies, schiller & flexner",united states attorney,2.5301167582538064,3
morrison & foerster,kirkland & ellis,2.5288647564433258,3
hagens berman sobol shapiro,hogan lovells us,2.527319790117507,3
kirby mclnerney,mayer brown,2.5246095997564444,3
perkins coie,skadden arps slate meagher & flom,2.5037098922138505,3
robbins geller rudman & dowd,dla piper,2.500354011520702,3
hagens berman sobol shapiro,dechert,2.499000946086599,3
united states attorney,katten muchin rosenman,2.4974313203983654,3
cohen milstein sellers & toll,"skadden, arps, slate, meagher & flom",2.4893670648732185,3
lovell stewart halebian jacobson,sidley austin,2.488218795875107,3
"morris, nichols, arsht & tunnell",winston & strawn,2.4774105167868448,3
kirby mclnerney,mcdermott will & emery,2.4696208417454315,3
mcculley mccluer,cahill gordon & reindel,2.4651815931858128,3
mcculley mccluer,locke lord bissell & liddell,2.4651815931858128,3
mcculley mccluer,"locke, liddell & sapp",2.4651815931858128,3
robbins geller rudman & dowd,"locke, liddell & sapp",2.4651815931858128,3
katten muchin rosenman,united states attorney,2.4589601134939962,3
milberg,sidley austin,2.4510228876157565,3
scottscott,"boies, schiller & flexner",2.4465836390561377,3
cohen milstein sellers & toll,"morgan, lewis & bockius",2.4451850317550927,4
scottscott,cahill gordon & reindel,2.428880699589339,3
scottscott,davis polk & wardwell,2.428880699589339,3
ropes & gray,united states attorney,2.415306369314561,3
scottscott,"skadden, arps, slate, meagher & flom",2.41117776012254,3
grant & eisenhofer,o’melveny & myers,2.4041064686345717,3
simpson thacher & bartlett,simpson thacher & bartlett,2.4001264015158252,3
berger & montague,"milbank, tweed, hadley & mccloy",2.393727685007398,3
bernstein litowitz berger & grossmann,"milbank, tweed, hadley & mccloy",2.393727685007398,3
mcculley mccluer,"milbank, tweed, hadley & mccloy",2.393727685007398,3
sidley austin,attorney general,2.388734336753019,3
berger & montague,united states attorney,2.3627581516030043,3
"orrick, herrington & sutcliffe",united states attorney,2.362474968550602,3
lovell stewart halebian jacobson,"paul, weiss, rifkind, wharton & garrison",2.3543494629773254,3
mcculley mccluer,schiff hardin,2.329368684425006,3
"boies, schiller & flexner",hughes hubbard & reed,2.3261466093872536,3
"boies, schiller & flexner",simpson thacher & bartlett,2.3261466093872536,3
berger & montague,locke lord bissell & liddell,2.3224423947791335,3
hagens berman sobol shapiro,arnold & porter,2.304866625525233,3
grant & eisenhofer,shearman & sterling,2.30085925944707,3
pomerantz,"gibson, dunn & crutcher",2.292231183836196,3
robbins geller rudman & dowd,wilmer cutler pickering hale & dor,2.286728716981009,3
foley & lardner,akin gump strauss hauer & feld,2.2865706398859467,3
foley & lardner,"cravath, swaine & moore",2.2865706398859467,3
foley & lardner,venable,2.2865706398859467,3
hagens berman sobol shapiro,"weil, gotshal & manges",2.2832097300983407,3
faruqi & faruqi,kirkland & ellis,2.2642628006168786,3
milberg,covington & burling,2.2550352755768457,3
milberg,"gibson, dunn & crutcher",2.2550352755768457,3
cohen milstein sellers & toll,williams & connolly,2.1181077695714574,3
faruqi & faruqi,mccarter & english,2.1110433881336195,3
grant & eisenhofer,"paul, weiss, rifkind, wharton & garrison",2.0968052135503767,3
fish & richardson,united states attorney,2.0779513208326508,3
robbins geller rudman & dowd,"orrick, herrington & sutcliffe",1.9853127863258984,2
cuneo gilbert & laduca,mcdermott will & emery,1.9718969098304533,2
morris & morris,jenner & block,1.9623651973491307,2
cuneo gilbert & laduca,morrison & foerster,1.9579760958875752,2
"robins, kaplan, miller & ciresi",fish & richardson,1.956956176750966,2
robbins geller rudman & dowd,sheppard mullin richter & hampton,1.956130953176038,2
mayer brown,attorney general,1.9527415893108524,3
shapiro haber & urmy,ropes & gray,1.9410769330349416,2
ropes & gray,akin gump strauss hauer & feld,1.9317784700859095,2
ropes & gray,goodwin procter,1.9317784700859095,2
quinn emanuel urquhart & sullivan,sullivan & cromwell,1.9231182617928704,2
hughes hubbard & reed,o’melveny & myers,1.92214660032536,2
scott & scott,"morgan, lewis & bockius",1.921551388375729,2
kaplan fox & kilsheimer,"orrick, herrington & sutcliffe",1.9213854747042147,2
hausfeld,latham & watkins,1.9162838904178727,2
robbins geller rudman & dowd,perkins coie,1.9070207331874172,2
"boies, schiller & flexner",latham & watkins,1.9068157465802476,2
labaton sucharow,simpson thacher & bartlett,1.8946124880522028,2
glancy binkow & goldberg,"weil, gotshal & manges",1.8927251846725484,2
labaton sucharow,"gibson, dunn & crutcher",1.8876530430991263,2
kaplan fox & kilsheimer,dla piper,1.8865988239307323,2
jenner & block,mayer brown,1.8862355220627784,2
jenner & block,quinn emanuel urquhart & sullivan,1.8862355220627784,2
"morgan, lewis & bockius",sheppard mullin richter & hampton,1.88161189517385,2
susman godfrey,arnold & porter,1.8781766866661576,2
susman godfrey,foley & lardner,1.8781766866661576,2
robbins geller rudman & dowd,susman godfrey,1.8744381465373596,2
scott & scott,susman godfrey,1.8744381465373596,2
girard gibbs,morrison & foerster,1.8727677422612206,2
robbins geller rudman & dowd,williams & connolly,1.8726179144971031,2
labaton sucharow,"weil, gotshal & manges",1.8701843487142205,2
scottscott,foley & lardner,1.8638224074275058,2
glancy & binkow,mayer brown,1.856334380791211,2
goldberg,mayer brown,1.856334380791211,2
faruqi & faruqi,jenner & block,1.8558215667431173,2
glancy binkow & goldberg,jenner & block,1.8558215667431173,2
cuneo gilbert & laduca,dla piper,1.854937585666125,2
labaton sucharow,dla piper,1.854937585666125,2
cotchett pitre & mccarthy,condon & forsyth,1.8518121731572497,2
cotchett pitre & mccarthy,shriver & jacobso,1.8518121731572497,2
cuneo gilbert & laduca,condon & forsyth,1.8518121731572497,2
cuneo gilbert & laduca,shriver & jacobso,1.8518121731572497,2
freed kanner london & millen,condon & forsyth,1.8518121731572497,2
freed kanner london & millen,shriver & jacobso,1.8518121731572497,2
girard gibbs,condon & forsyth,1.8518121731572497,2
girard gibbs,shriver & jacobso,1.8518121731572497,2
glancy binkow & goldberg,"cravath, swaine & moore",1.8518121731572497,2
glancy binkow & goldberg,latham & watkins,1.8518121731572497,2
glancy binkow & goldberg,steptoe & johnson,1.8518121731572497,2
hausfeld,condon & forsyth,1.8518121731572497,2
hausfeld,shriver & jacobso,1.8518121731572497,2
kaplan fox & kilsheimer,condon & forsyth,1.8518121731572497,2
kaplan fox & kilsheimer,shriver & jacobso,1.8518121731572497,2
labaton sucharow,condon & forsyth,1.8518121731572497,2
labaton sucharow,covington & burling,1.8518121731572497,2
labaton sucharow,shriver & jacobso,1.8518121731572497,2
lockridge grindal ñauen p,condon & forsyth,1.8518121731572497,2
lockridge grindal ñauen p,covington & burling,1.8518121731572497,2
lockridge grindal ñauen p,shriver & jacobso,1.8518121731572497,2
susman godfrey,"cravath, swaine & moore",1.8518121731572497,2
susman godfrey,dla piper,1.8518121731572497,2
susman godfrey,dla piper us,1.8518121731572497,2
susman godfrey,kirkland & ellis,1.8518121731572497,2
susman godfrey,"skadden, arps, slate, meagher & flom",1.8518121731572497,2
susman godfrey,steptoe & johnson,1.8518121731572497,2
kaplan fox & kilsheimer,"skadden, arps, slate, meagher & flom",1.8511774455688252,2
perkins coie,o’melveny & myers,1.8482534642412538,2
"orrick, herrington & sutcliffe",o’melveny & myers,1.8478687699593304,2
sidley austin,o’melveny & myers,1.8478687699593304,2
"morgan, lewis & bockius","gibson, dunn & crutcher",1.8394603944290813,2
"morgan, lewis & bockius",greenberg traurig,1.8394603944290813,2
labaton sucharow,mayer brown,1.8390965376557729,2
hausfeld,dla piper us,1.8387316815187666,2
pomerantz,mcdermott will & emery,1.8366637961349617,2
"morgan, lewis & bockius",quinn emanuel urquhart & sullivan,1.836190174394908,2
"morris, nichols, arsht & tunnell",fish & richardson,1.8347969898403913,2
hausfeld,baker & hostetler,1.8344192933666197,2
labaton sucharow,latham & watkins,1.8288612647287772,2
cuneo gilbert & laduca,"morgan, lewis & bockius",1.8266457377225547,2
bernstein litowitz berger & grossmann,arnold & porter,1.8251282991735505,2
cohen milstein sellers & toll,"paul, weiss, rifkind, wharton & garrison",1.8226959707211585,3
lockridge grindal ñauen p,"skadden, arps, slate, meagher & flom",1.8205155855392912,2
scott & scott,mcdermott will & emery,1.8180658420052862,2
baker & hostetler,davis polk & wardwell,1.817100275874482,2
baker & hostetler,o’melveny & myers,1.817100275874482,2
hagens berman sobol shapiro,wilmer cutler pickering hale & dor,1.8164331150964745,2
foley & lardner,steptoe & johnson,1.816321605731664,2
shapiro haber & urmy,wilmer cutler pickering hale & dor,1.8115979532386972,2
dechert,"morris, nichols, arsht & tunnell",1.810244948153324,2
glancy binkow & goldberg,arnold & porter,1.8052864585929225,2
attorney general,o’melveny & myers,1.8045531862117896,2
berger & montague,wilmer cutler pickering hale & dor,1.8040192073751709,2
robbins geller rudman & dowd,winston & strawn,1.8034036246618932,2
cotchett pitre & mccarthy,mayer brown,1.8027057337744357,2
freed kanner london & millen,dla piper,1.8017700735076616,2
lockridge grindal ñauen p,dla piper,1.8017700735076616,2
lockridge grindal ñauen p,mayer brown,1.8017700735076616,2
girard gibbs,mayer brown,1.7964650454391877,2
robbins geller rudman & dowd,mayer brown,1.7907960176812876,2
berger & montague,steptoe & johnson,1.790261299309562,2
freed kanner london & millen,"morgan, lewis & bockius",1.790261299309562,2
girard gibbs,"morgan, lewis & bockius",1.790261299309562,2
hagens berman sobol shapiro,steptoe & johnson,1.790261299309562,2
heins mills & olson,"morgan, lewis & bockius",1.790261299309562,2
heins mills & olson,steptoe & johnson,1.790261299309562,2
lockridge grindal ñauen p,simpson thacher & bartlett,1.7892189979213327,2
robbins geller rudman & dowd,kirkland & ellis,1.7892189979213327,2
"robins, kaplan, miller & ciresi",arnold & porter,1.7892189979213327,2
"robins, kaplan, miller & ciresi",kirkland & ellis,1.7892189979213327,2
"robins, kaplan, miller & ciresi",latham & watkins,1.7892189979213327,2
scott & scott,arnold & porter,1.7892189979213327,2
scott & scott,latham & watkins,1.7892189979213327,2
"weil, gotshal & manges",arnold & porter,1.7892189979213327,2
"weil, gotshal & manges",kirkland & ellis,1.7892189979213327,2
"weil, gotshal & manges",latham & watkins,1.7892189979213327,2
"weil, gotshal & manges",simpson thacher & bartlett,1.7892189979213327,2
heins mills & olson,dla piper,1.7887393274948282,2
susman godfrey,"shook, hardy & bacon",1.7876052158731115,2
attorney general,skadden arps slate meagher & flom,1.7854446180122945,2
berger & montague,skadden arps slate meagher & flom,1.7854446180122945,2
cohen milstein sellers & toll,skadden arps slate meagher & flom,1.7854446180122945,2
freed kanner london & millen,skadden arps slate meagher & flom,1.7854446180122945,2
girard gibbs,skadden arps slate meagher & flom,1.7854446180122945,2
glancy binkow & goldberg,skadden arps slate meagher & flom,1.7854446180122945,2
heins mills & olson,skadden arps slate meagher & flom,1.7854446180122945,2
labaton sucharow,skadden arps slate meagher & flom,1.7854446180122945,2
lockridge grindal ñauen p,skadden arps slate meagher & flom,1.7854446180122945,2
lowey dannenberg cohen & hart,skadden arps slate meagher & flom,1.7854446180122945,2
pomerantz,skadden arps slate meagher & flom,1.7854446180122945,2
robbins geller rudman & dowd,skadden arps slate meagher & flom,1.7854446180122945,2
"shepherd, finkelman, miller & shah",arnold & porter,1.7854446180122945,2
"shepherd, finkelman, miller & shah",blank rome,1.7854446180122945,2
hagens berman sobol shapiro,winston & strawn,1.7846581126302636,2
freed kanner london & millen,hogan lovells us,1.7841077796447604,2
hausfeld,hogan lovells us,1.7841077796447604,2
kaplan fox & kilsheimer,hogan lovells us,1.7841077796447604,2
pomerantz,paul weiss rifkind wharton & garrison,1.7797548253459632,2
scott & scott,"skadden, arps, slate, meagher & flom",1.778744963770822,2
lockridge grindal ñauen p,winston & strawn,1.770473485889703,2
blank rome,"skadden, arps, slate, meagher & flom",1.761124244875506,2
lieff cabraser heimann & bernstein,"skadden, arps, slate, meagher & flom",1.761124244875506,2
grant & eisenhofer,goodwin procter,1.7561344723052197,2
hagens berman sobol shapiro,goodwin procter,1.7561344723052197,2
lovell stewart halebian jacobson,"boies, schiller & flexner",1.7535992943916217,2
lovell stewart halebian jacobson,davis polk & wardwell,1.7535992943916217,2
lovell stewart halebian jacobson,"gibson, dunn & crutcher",1.7535992943916217,2
obermayer rebmann maxwell & hippel,"boies, schiller & flexner",1.7535992943916217,2
obermayer rebmann maxwell & hippel,hughes hubbard & reed,1.7535992943916217,2
obermayer rebmann maxwell & hippel,sidley austin,1.7535992943916217,2
obermayer rebmann maxwell & hippel,simpson thacher & bartlett,1.7535992943916217,2
pomerantz,"boies, schiller & flexner",1.7535992943916217,2
pomerantz,davis polk & wardwell,1.7535992943916217,2
pomerantz,hughes hubbard & reed,1.7535992943916217,2
berger & montague,mayer brown,1.7526636341248476,2
grant & eisenhofer,mayer brown,1.7526636341248476,2
hagens berman sobol shapiro,mayer brown,1.7526636341248476,2
heins mills & olson,mayer brown,1.7526636341248476,2
berger & montague,quinn emanuel urquhart & sullivan,1.7517279738580736,2
cohen milstein sellers & toll,mcdermott will & emery,1.7517279738580736,2
cohen milstein sellers & toll,quinn emanuel urquhart & sullivan,1.7517279738580736,2
freed kanner london & millen,quinn emanuel urquhart & sullivan,1.7517279738580736,2
heins mills & olson,quinn emanuel urquhart & sullivan,1.7517279738580736,2
lockridge grindal ñauen p,mcdermott will & emery,1.7517279738580736,2
lockridge grindal ñauen p,quinn emanuel urquhart & sullivan,1.7517279738580736,2
scottscott,quinn emanuel urquhart & sullivan,1.7517279738580736,2
"shepherd, finkelman, miller & shah",goodwin procter,1.7511446997349336,2
"morgan, lewis & bockius",wilmer cutler pickering hale & dor,1.7493514957165064,2
akin gump strauss hauer & feld,united states attorney,1.7469830960721144,3
baron & budd,cahill gordon & reindel,1.7350013402619462,2
baron & budd,flemming zulack williamson zauderer,1.7350013402619462,2
baron & budd,katten muchin rosenman,1.7350013402619462,2
baron & budd,locke lord bissell & liddell,1.7350013402619462,2
baron & budd,"locke, liddell & sapp",1.7350013402619462,2
baron & budd,mcdermott will & emery,1.7350013402619462,2
baron & budd,"milbank, tweed, hadley & mccloy",1.7350013402619462,2
baron & budd,paul weiss rifkind wharton & garrison,1.7350013402619462,2
baron & budd,schiff hardin,1.7350013402619462,2
baron & budd,united states attorney,1.7350013402619462,2
berger & montague,cahill gordon & reindel,1.7350013402619462,2
berger & montague,flemming zulack williamson zauderer,1.7350013402619462,2
berger & montague,"locke, liddell & sapp",1.7350013402619462,2
berger & montague,paul weiss rifkind wharton & garrison,1.7350013402619462,2
berger & montague,schiff hardin,1.7350013402619462,2
bernstein litowitz berger & grossmann,cahill gordon & reindel,1.7350013402619462,2
bernstein litowitz berger & grossmann,flemming zulack williamson zauderer,1.7350013402619462,2
bernstein litowitz berger & grossmann,katten muchin rosenman,1.7350013402619462,2
bernstein litowitz berger & grossmann,locke lord bissell & liddell,1.7350013402619462,2
bernstein litowitz berger & grossmann,"locke, liddell & sapp",1.7350013402619462,2
bernstein litowitz berger & grossmann,mcdermott will & emery,1.7350013402619462,2
bernstein litowitz berger & grossmann,paul weiss rifkind wharton & garrison,1.7350013402619462,2
bernstein litowitz berger & grossmann,schiff hardin,1.7350013402619462,2
bernstein litowitz berger & grossmann,united states attorney,1.7350013402619462,2
block & levitón,cahill gordon & reindel,1.7350013402619462,2
block & levitón,flemming zulack williamson zauderer,1.7350013402619462,2
block & levitón,katten muchin rosenman,1.7350013402619462,2
block & levitón,locke lord bissell & liddell,1.7350013402619462,2
block & levitón,"locke, liddell & sapp",1.7350013402619462,2
block & levitón,mcdermott will & emery,1.7350013402619462,2
block & levitón,paul weiss rifkind wharton & garrison,1.7350013402619462,2
block & levitón,schiff hardin,1.7350013402619462,2
dickstein shapiro,cahill gordon & reindel,1.7350013402619462,2
dickstein shapiro,flemming zulack williamson zauderer,1.7350013402619462,2
dickstein shapiro,katten muchin rosenman,1.7350013402619462,2
dickstein shapiro,locke lord bissell & liddell,1.7350013402619462,2
dickstein shapiro,"locke, liddell & sapp",1.7350013402619462,2
dickstein shapiro,mcdermott will & emery,1.7350013402619462,2
dickstein shapiro,"milbank, tweed, hadley & mccloy",1.7350013402619462,2
dickstein shapiro,paul weiss rifkind wharton & garrison,1.7350013402619462,2
dickstein shapiro,schiff hardin,1.7350013402619462,2
freed kanner london & millen,cahill gordon & reindel,1.7350013402619462,2
freed kanner london & millen,flemming zulack williamson zauderer,1.7350013402619462,2
freed kanner london & millen,katten muchin rosenman,1.7350013402619462,2
freed kanner london & millen,locke lord bissell & liddell,1.7350013402619462,2
freed kanner london & millen,"locke, liddell & sapp",1.7350013402619462,2
freed kanner london & millen,"milbank, tweed, hadley & mccloy",1.7350013402619462,2
freed kanner london & millen,paul weiss rifkind wharton & garrison,1.7350013402619462,2
freed kanner london & millen,schiff hardin,1.7350013402619462,2
freed kanner london & millen,united states attorney,1.7350013402619462,2
glancy & binkow,cahill gordon & reindel,1.7350013402619462,2
glancy & binkow,flemming zulack williamson zauderer,1.7350013402619462,2
glancy & binkow,katten muchin rosenman,1.7350013402619462,2
glancy & binkow,locke lord bissell & liddell,1.7350013402619462,2
glancy & binkow,"locke, liddell & sapp",1.7350013402619462,2
glancy & binkow,mcdermott will & emery,1.7350013402619462,2
glancy & binkow,"milbank, tweed, hadley & mccloy",1.7350013402619462,2
glancy & binkow,paul weiss rifkind wharton & garrison,1.7350013402619462,2
glancy & binkow,schiff hardin,1.7350013402619462,2
glancy & binkow,united states attorney,1.7350013402619462,2
glancy binkow & goldberg,flemming zulack williamson zauderer,1.7350013402619462,2
glancy binkow & goldberg,katten muchin rosenman,1.7350013402619462,2
glancy binkow & goldberg,locke lord bissell & liddell,1.7350013402619462,2
glancy binkow & goldberg,"locke, liddell & sapp",1.7350013402619462,2
glancy binkow & goldberg,mcdermott will & emery,1.7350013402619462,2
glancy binkow & goldberg,"milbank, tweed, hadley & mccloy",1.7350013402619462,2
glancy binkow & goldberg,paul weiss rifkind wharton & garrison,1.7350013402619462,2
glancy binkow & goldberg,schiff hardin,1.7350013402619462,2
glancy binkow & goldberg,united states attorney,1.7350013402619462,2
goldberg,cahill gordon & reindel,1.7350013402619462,2
goldberg,flemming zulack williamson zauderer,1.7350013402619462,2
goldberg,katten muchin rosenman,1.7350013402619462,2
goldberg,locke lord bissell & liddell,1.7350013402619462,2
goldberg,"locke, liddell & sapp",1.7350013402619462,2
goldberg,mcdermott will & emery,1.7350013402619462,2
goldberg,"milbank, tweed, hadley & mccloy",1.7350013402619462,2
goldberg,paul weiss rifkind wharton & garrison,1.7350013402619462,2
goldberg,schiff hardin,1.7350013402619462,2
goldberg,united states attorney,1.7350013402619462,2
grant & eisenhofer,flemming zulack williamson zauderer,1.7350013402619462,2
grant & eisenhofer,katten muchin rosenman,1.7350013402619462,2
grant & eisenhofer,paul weiss rifkind wharton & garrison,1.7350013402619462,2
grant & eisenhofer,schiff hardin,1.7350013402619462,2
grant & eisenhofer,united states attorney,1.7350013402619462,2
hagens berman sobol shapiro,cahill gordon & reindel,1.7350013402619462,2
hagens berman sobol shapiro,flemming zulack williamson zauderer,1.7350013402619462,2
hagens berman sobol shapiro,katten muchin rosenman,1.7350013402619462,2
hagens berman sobol shapiro,locke lord bissell & liddell,1.7350013402619462,2
hagens berman sobol shapiro,"locke, liddell & sapp",1.7350013402619462,2
hagens berman sobol shapiro,schiff hardin,1.7350013402619462,2
hagens berman sobol shapiro,united states attorney,1.7350013402619462,2
hausfeld,flemming zulack williamson zauderer,1.7350013402619462,2
hausfeld,katten muchin rosenman,1.7350013402619462,2
hausfeld,locke lord bissell & liddell,1.7350013402619462,2
hausfeld,"locke, liddell & sapp",1.7350013402619462,2
hausfeld,mcdermott will & emery,1.7350013402619462,2
hausfeld,"milbank, tweed, hadley & mccloy",1.7350013402619462,2
hausfeld,paul weiss rifkind wharton & garrison,1.7350013402619462,2
hausfeld,schiff hardin,1.7350013402619462,2
hausfeld,united states attorney,1.7350013402619462,2
heins mills & olson,cahill gordon & reindel,1.7350013402619462,2
heins mills & olson,flemming zulack williamson zauderer,1.7350013402619462,2
heins mills & olson,katten muchin rosenman,1.7350013402619462,2
heins mills & olson,locke lord bissell & liddell,1.7350013402619462,2
heins mills & olson,"locke, liddell & sapp",1.7350013402619462,2
heins mills & olson,"milbank, tweed, hadley & mccloy",1.7350013402619462,2
heins mills & olson,paul weiss rifkind wharton & garrison,1.7350013402619462,2
heins mills & olson,schiff hardin,1.7350013402619462,2
heins mills & olson,united states attorney,1.7350013402619462,2
kaplan fox & kilsheimer,cahill gordon & reindel,1.7350013402619462,2
kaplan fox & kilsheimer,flemming zulack williamson zauderer,1.7350013402619462,2
kaplan fox & kilsheimer,katten muchin rosenman,1.7350013402619462,2
kaplan fox & kilsheimer,locke lord bissell & liddell,1.7350013402619462,2
kaplan fox & kilsheimer,"locke, liddell & sapp",1.7350013402619462,2
kaplan fox & kilsheimer,mcdermott will & emery,1.7350013402619462,2
kaplan fox & kilsheimer,"milbank, tweed, hadley & mccloy",1.7350013402619462,2
kaplan fox & kilsheimer,paul weiss rifkind wharton & garrison,1.7350013402619462,2
kaplan fox & kilsheimer,schiff hardin,1.7350013402619462,2
kaplan fox & kilsheimer,united states attorney,1.7350013402619462,2
"kellogg, huber, hansen, todd, evans & figel",cahill gordon & reindel,1.7350013402619462,2
"kellogg, huber, hansen, todd, evans & figel",flemming zulack williamson zauderer,1.7350013402619462,2
"kellogg, huber, hansen, todd, evans & figel",katten muchin rosenman,1.7350013402619462,2
"kellogg, huber, hansen, todd, evans & figel",locke lord bissell & liddell,1.7350013402619462,2
"kellogg, huber, hansen, todd, evans & figel","locke, liddell & sapp",1.7350013402619462,2
"kellogg, huber, hansen, todd, evans & figel",mcdermott will & emery,1.7350013402619462,2
"kellogg, huber, hansen, todd, evans & figel","milbank, tweed, hadley & mccloy",1.7350013402619462,2
"kellogg, huber, hansen, todd, evans & figel",paul weiss rifkind wharton & garrison,1.7350013402619462,2
"kellogg, huber, hansen, todd, evans & figel",schiff hardin,1.7350013402619462,2
"kellogg, huber, hansen, todd, evans & figel",united states attorney,1.7350013402619462,2
kirby mclnerney,cahill gordon & reindel,1.7350013402619462,2
kirby mclnerney,flemming zulack williamson zauderer,1.7350013402619462,2
kirby mclnerney,katten muchin rosenman,1.7350013402619462,2
kirby mclnerney,locke lord bissell & liddell,1.7350013402619462,2
kirby mclnerney,"locke, liddell & sapp",1.7350013402619462,2
kirby mclnerney,paul weiss rifkind wharton & garrison,1.7350013402619462,2
kirby mclnerney,schiff hardin,1.7350013402619462,2
kirby mclnerney,united states attorney,1.7350013402619462,2
lieff cabraser heimann & bernstein,cahill gordon & reindel,1.7350013402619462,2
lieff cabraser heimann & bernstein,flemming zulack williamson zauderer,1.7350013402619462,2
lieff cabraser heimann & bernstein,katten muchin rosenman,1.7350013402619462,2
lieff cabraser heimann & bernstein,"locke, liddell & sapp",1.7350013402619462,2
lieff cabraser heimann & bernstein,mcdermott will & emery,1.7350013402619462,2
lieff cabraser heimann & bernstein,paul weiss rifkind wharton & garrison,1.7350013402619462,2
lieff cabraser heimann & bernstein,schiff hardin,1.7350013402619462,2
lieff cabraser heimann & bernstein,united states attorney,1.7350013402619462,2
"lieff, cabraser, heimann & bernstein",cahill gordon & reindel,1.7350013402619462,2
"lieff, cabraser, heimann & bernstein",flemming zulack williamson zauderer,1.7350013402619462,2
"lieff, cabraser, heimann & bernstein",katten muchin rosenman,1.7350013402619462,2
"lieff, cabraser, heimann & bernstein",locke lord bissell & liddell,1.7350013402619462,2
"lieff, cabraser, heimann & bernstein","locke, liddell & sapp",1.7350013402619462,2
"lieff, cabraser, heimann & bernstein",mcdermott will & emery,1.7350013402619462,2
"lieff, cabraser, heimann & bernstein","milbank, tweed, hadley & mccloy",1.7350013402619462,2
"lieff, cabraser, heimann & bernstein",paul weiss rifkind wharton & garrison,1.7350013402619462,2
"lieff, cabraser, heimann & bernstein",united states attorney,1.7350013402619462,2
lowey dannenberg cohen & hart,cahill gordon & reindel,1.7350013402619462,2
lowey dannenberg cohen & hart,flemming zulack williamson zauderer,1.7350013402619462,2
lowey dannenberg cohen & hart,katten muchin rosenman,1.7350013402619462,2
lowey dannenberg cohen & hart,locke lord bissell & liddell,1.7350013402619462,2
lowey dannenberg cohen & hart,"locke, liddell & sapp",1.7350013402619462,2
lowey dannenberg cohen & hart,mcdermott will & emery,1.7350013402619462,2
lowey dannenberg cohen & hart,"milbank, tweed, hadley & mccloy",1.7350013402619462,2
lowey dannenberg cohen & hart,paul weiss rifkind wharton & garrison,1.7350013402619462,2
lowey dannenberg cohen & hart,schiff hardin,1.7350013402619462,2
lowey dannenberg cohen & hart,united states attorney,1.7350013402619462,2
mcculley mccluer,flemming zulack williamson zauderer,1.7350013402619462,2
mcculley mccluer,katten muchin rosenman,1.7350013402619462,2
mcculley mccluer,mcdermott will & emery,1.7350013402619462,2
mcculley mccluer,paul weiss rifkind wharton & garrison,1.7350013402619462,2
mcculley mccluer,united states attorney,1.7350013402619462,2
morris & morris,cahill gordon & reindel,1.7350013402619462,2
morris & morris,flemming zulack williamson zauderer,1.7350013402619462,2
morris & morris,katten muchin rosenman,1.7350013402619462,2
morris & morris,locke lord bissell & liddell,1.7350013402619462,2
morris & morris,"locke, liddell & sapp",1.7350013402619462,2
morris & morris,mcdermott will & emery,1.7350013402619462,2
morris & morris,"milbank, tweed, hadley & mccloy",1.7350013402619462,2
morris & morris,paul weiss rifkind wharton & garrison,1.7350013402619462,2
morris & morris,schiff hardin,1.7350013402619462,2
robbins geller rudman & dowd,flemming zulack williamson zauderer,1.7350013402619462,2
robbins geller rudman & dowd,katten muchin rosenman,1.7350013402619462,2
robbins geller rudman & dowd,mcdermott will & emery,1.7350013402619462,2
robbins geller rudman & dowd,"milbank, tweed, hadley & mccloy",1.7350013402619462,2
robbins geller rudman & dowd,schiff hardin,1.7350013402619462,2
robbins geller rudman & dowd,united states attorney,1.7350013402619462,2
shapiro haber & urmy,cahill gordon & reindel,1.7350013402619462,2
shapiro haber & urmy,flemming zulack williamson zauderer,1.7350013402619462,2
shapiro haber & urmy,katten muchin rosenman,1.7350013402619462,2
shapiro haber & urmy,locke lord bissell & liddell,1.7350013402619462,2
shapiro haber & urmy,"locke, liddell & sapp",1.7350013402619462,2
shapiro haber & urmy,mcdermott will & emery,1.7350013402619462,2
shapiro haber & urmy,"milbank, tweed, hadley & mccloy",1.7350013402619462,2
shapiro haber & urmy,paul weiss rifkind wharton & garrison,1.7350013402619462,2
shapiro haber & urmy,schiff hardin,1.7350013402619462,2
shapiro haber & urmy,united states attorney,1.7350013402619462,2
"shepherd, finkelman, miller & shah",flemming zulack williamson zauderer,1.7350013402619462,2
"shepherd, finkelman, miller & shah",katten muchin rosenman,1.7350013402619462,2
"shepherd, finkelman, miller & shah",locke lord bissell & liddell,1.7350013402619462,2
"shepherd, finkelman, miller & shah","locke, liddell & sapp",1.7350013402619462,2
"shepherd, finkelman, miller & shah",mcdermott will & emery,1.7350013402619462,2
"shepherd, finkelman, miller & shah","milbank, tweed, hadley & mccloy",1.7350013402619462,2
"shepherd, finkelman, miller & shah",paul weiss rifkind wharton & garrison,1.7350013402619462,2
"shepherd, finkelman, miller & shah",schiff hardin,1.7350013402619462,2
"shepherd, finkelman, miller & shah",united states attorney,1.7350013402619462,2
united states attorney,cahill gordon & reindel,1.7350013402619462,2
united states attorney,flemming zulack williamson zauderer,1.7350013402619462,2
united states attorney,locke lord bissell & liddell,1.7350013402619462,2
united states attorney,"locke, liddell & sapp",1.7350013402619462,2
united states attorney,mcdermott will & emery,1.7350013402619462,2
united states attorney,"milbank, tweed, hadley & mccloy",1.7350013402619462,2
united states attorney,paul weiss rifkind wharton & garrison,1.7350013402619462,2
united states attorney,schiff hardin,1.7350013402619462,2
scottscott,"morgan, lewis & bockius",1.7181386734223358,2
milberg,"boies, schiller & flexner",1.716403386132271,2
milberg,sullivan & cromwell,1.716403386132271,2
"robins, kaplan, miller & ciresi",hogan lovells us,1.716403386132271,2
scott & scott,"boies, schiller & flexner",1.716403386132271,2
scott & scott,"gibson, dunn & crutcher",1.716403386132271,2
scott & scott,sidley austin,1.716403386132271,2
scottscott,sidley austin,1.716403386132271,2
quinn emanuel urquhart & sullivan,mayer brown,1.7155947247707013,2
lockridge grindal ñauen p,baker & hostetler,1.7118240719679398,2
wilmer cutler pickering hale & dor,steptoe & johnson,1.7100201558120744,2
grant & eisenhofer,greenberg traurig,1.7087101212100144,2
hagens berman sobol shapiro,morrison & foerster,1.7035002073293262,2
united states attorney,mayer brown,1.7019303486152173,2
cohen milstein sellers & toll,arnold & porter,1.7010918666806925,2
berger & montague,o’melveny & myers,1.7001721905960523,2
foley & lardner,simpson thacher & bartlett,1.6985114555996845,2
cohen milstein sellers & toll,cahill gordon & reindel,1.6967012696101367,2
"weil, gotshal & manges","skadden, arps, slate, meagher & flom",1.6965024738583272,2
scottscott,"paul, weiss, rifkind, wharton & garrison",1.6914500298539825,2
berger & montague,goodwin procter,1.6860352419308637,2
hagens berman sobol shapiro,o’melveny & myers,1.6844482950648305,2
labaton sucharow,o’melveny & myers,1.6844482950648305,2
obermayer rebmann maxwell & hippel,kirkland & ellis,1.6809975071986734,2
obermayer rebmann maxwell & hippel,shearman & sterling,1.6809975071986734,2
bernstein litowitz berger & grossmann,"paul, weiss, rifkind, wharton & garrison",1.68065097355827,2
"gibson, dunn & crutcher",attorney general,1.6789496206356365,2
greenberg traurig,attorney general,1.6781208688896676,2
cohen milstein sellers & toll,morrison & foerster,1.664572073685345,2
bernstein litowitz berger & grossmann,"skadden, arps, slate, meagher & flom",1.6632339838315442,2
wilmer cutler pickering hale & dor,"orrick, herrington & sutcliffe",1.6591507081281114,2
hausfeld,greenberg traurig,1.6572160707783856,2
kirby mclnerney,greenberg traurig,1.6572160707783856,2
susman godfrey,greenberg traurig,1.6572160707783856,2
cohen milstein sellers & toll,shearman & sterling,1.656552269274655,2
glancy binkow & goldberg,shearman & sterling,1.656552269274655,2
"orrick, herrington & sutcliffe",mayer brown,1.6503719664966827,2
united states attorney,"morgan, lewis & bockius",1.650261402838813,2
milberg,mayer brown,1.6478099525606336,2
girard gibbs,kirkland & ellis,1.6416427927746198,2
block & levitón,shearman & sterling,1.6363634373518914,2
girard gibbs,"milbank, tweed, hadley & mccloy",1.6363634373518914,2
girard gibbs,shearman & sterling,1.6363634373518914,2
robbins geller rudman & dowd,"paul, weiss, rifkind, wharton & garrison",1.6323071080177152,2
robbins geller rudman & dowd,shearman & sterling,1.6247897518845331,2
lovell stewart halebian jacobson,greenberg traurig,1.6197299614938399,2
latham & watkins,united states attorney,1.61753121422474,3
skadden arps slate meagher & flom,"weil, gotshal & manges",1.6166414906225748,2
lovell stewart halebian jacobson,mayer brown,1.6114191486792961,2
lovell stewart halebian jacobson,mcdermott will & emery,1.6114191486792961,2
"shook, hardy & bacon",kirkland & ellis,1.6029651757920584,2
milberg,davis polk & wardwell,1.600026038889598,2
"orrick, herrington & sutcliffe",attorney general,1.594304673087417,2
milberg,mcdermott will & emery,1.592821194549621,2
scottscott,locke lord bissell & liddell,1.5883819459900022,2
scottscott,"locke, liddell & sapp",1.5883819459900022,2
hagens berman sobol shapiro,patterson belknap webb & tyler,1.5773925729576987,2
hogan lovells us,united states attorney,1.572649017075563,2
arnold & porter,attorney general,1.5716685823458791,2
scottscott,shearman & sterling,1.5706790065232035,2
berger & montague,winston & strawn,1.5683108296563577,2
milberg,hughes hubbard & reed,1.564618340959549,2
milberg,simpson thacher & bartlett,1.564618340959549,2
kirkland & ellis,"morgan, lewis & bockius",1.5638531083724843,2
covington & burling,steptoe & johnson,1.551175214866914,2
"lieff, cabraser, heimann & bernstein",arnold & porter,1.5488279634974114,3
"lieff, cabraser, heimann & bernstein",greenberg traurig,1.5488279634974114,3
"lieff, cabraser, heimann & bernstein","shook, hardy & bacon",1.5488279634974114,3
mcdermott will & emery,goodwin procter,1.536296495596178,2
katten muchin rosenman,akin gump strauss hauer & feld,1.527577293124292,2
katten muchin rosenman,"cravath, swaine & moore",1.527577293124292,2
katten muchin rosenman,venable,1.527577293124292,2
berger & montague,kirkland & ellis,1.526199598259392,2
buchanan ingersoll & rooney,williams & connolly,1.5128058650023817,2
dla piper,covington & burling,1.5080711877485322,2
quinn emanuel urquhart & sullivan,covington & burling,1.5080711877485322,2
cohen milstein sellers & toll,wilmer cutler pickering hale & dor,1.5011034998540982,2
faruqi & faruqi,dla piper,1.480848012894329,2
berger & montague,arnold & porter,1.4801633635233347,2
berger & montague,jenner & block,1.460179153494738,2
perkins coie,united states attorney,1.4447694524052472,2
lovell stewart halebian jacobson,dechert,1.441036149376899,2
milberg,dechert,1.441036149376899,2
berger & montague,mccarter & english,1.43147341239199,2
buchanan ingersoll & rooney,mccarter & english,1.43147341239199,2
cohen milstein sellers & toll,venable,1.43147341239199,2
girard gibbs,mccarter & english,1.43147341239199,2
grant & eisenhofer,venable,1.43147341239199,2
grant & eisenhofer,williams & connolly,1.43147341239199,2
hagens berman sobol shapiro,mccarter & english,1.43147341239199,2
scott & scott,venable,1.43147341239199,2
scott & scott,williams & connolly,1.43147341239199,2
shapiro haber & urmy,mccarter & english,1.43147341239199,2
"shepherd, finkelman, miller & shah",mccarter & english,1.43147341239199,2
"boies, schiller & flexner",dechert,1.4128332957868273,2
"boies, schiller & flexner",kirkland & ellis,1.4128332957868273,2
bernstein litowitz berger & grossmann,goodwin procter,1.40147287979606,2
labaton sucharow,goodwin procter,1.40147287979606,2
milberg,goodwin procter,1.40147287979606,2
mcculley mccluer,shearman & sterling,1.3889065976693185,2
cohen milstein sellers & toll,"boies, schiller & flexner",1.3733758267853227,2
"morgan, lewis & bockius","boies, schiller & flexner",1.3733758267853227,2
susman godfrey,winston & strawn,1.3687529166180925,2
milberg,arnold & porter,1.3383942603280259,2
hagens berman sobol shapiro,kirkland & ellis,1.3083195498281772,2
latham & watkins,attorney general,1.2932494300079294,2
berger & montague,"cravath, swaine & moore",1.2798878972445085,2
mcdermott will & emery,attorney general,1.2324730222865803,2
lieff cabraser heimann & bernstein,arnold & porter,1.1748821090343748,2
lieff cabraser heimann & bernstein,"cravath, swaine & moore",1.1748821090343748,2
"orrick, herrington & sutcliffe",katten muchin rosenman,1.1488399999746504,2
perkins coie,katten muchin rosenman,1.1488399999746504,2
glancy binkow & goldberg,akin gump strauss hauer & feld,0.9948046597678049,1
glancy binkow & goldberg,morrison & foerster,0.9927417446931526,1
pomerantz,morrison & foerster,0.9927417446931526,1
glancy binkow & goldberg,"orrick, herrington & sutcliffe",0.9926563931629492,1
girard gibbs,o’melveny & myers,0.9898419448577692,1
cuneo gilbert & laduca,o’melveny & myers,0.988336638591446,1
"orrick, herrington & sutcliffe",mcdermott will & emery,0.981329857263699,1
baron & budd,buchanan ingersoll & rooney,0.9806943888735884,1
glancy binkow & goldberg,susman godfrey,0.9798286475766932,1
glancy & binkow,"weil, gotshal & manges",0.9795347335954002,1
goldberg,"weil, gotshal & manges",0.9795347335954002,1
"shepherd, finkelman, miller & shah",patterson belknap webb & tyler,0.9795296537659546,1
block & levitón,akin gump strauss hauer & feld,0.9776370926064396,1
block & levitón,cohen milstein sellers & toll,0.9776370926064396,1
block & levitón,dechert,0.9776370926064396,1
block & levitón,morrison & foerster,0.9776370926064396,1
block & levitón,perkins coie,0.9776370926064396,1
block & levitón,steptoe & johnson,0.9776370926064396,1
girard gibbs,akin gump strauss hauer & feld,0.9776370926064396,1
girard gibbs,"boies, schiller & flexner",0.9776370926064396,1
girard gibbs,cohen milstein sellers & toll,0.9776370926064396,1
girard gibbs,davis polk & wardwell,0.9776370926064396,1
girard gibbs,dechert,0.9776370926064396,1
girard gibbs,"gibson, dunn & crutcher",0.9776370926064396,1
girard gibbs,perkins coie,0.9776370926064396,1
girard gibbs,united states attorney,0.9776370926064396,1
lowey dannenberg cohen & hart,"skadden, arps, slate, meagher & flom",0.9766382113576086,1
shapiro haber & urmy,"skadden, arps, slate, meagher & flom",0.9766382113576086,1
hausfeld,"morris, nichols, arsht & tunnell",0.9739903200948228,1
patterson belknap webb & tyler,katten muchin rosenman,0.972577203862778,1
patterson belknap webb & tyler,"weil, gotshal & manges",0.972577203862778,1
cohen milstein sellers & toll,jenner & block,0.9670490670698778,1
quinn emanuel urquhart & sullivan,simpson thacher & bartlett,0.9615591308964352,1
pomerantz,goodwin procter,0.961269776930116,1
scottscott,goodwin procter,0.961269776930116,1
baker & hostetler,fish & richardson,0.9609236959414597,1
kaplan fox & kilsheimer,greenberg traurig,0.9606927373521074,1
kaplan fox & kilsheimer,williams & connolly,0.9606927373521074,1
kaplan fox & kilsheimer,winston & strawn,0.9606927373521074,1
pomerantz,foley & lardner,0.9598641489391508,1
pomerantz,"morgan, lewis & bockius",0.9598641489391508,1
scott & scott,foley & lardner,0.9598641489391508,1
mccarter & english,akin gump strauss hauer & feld,0.95875441645993,1
cotchett pitre & mccarthy,williams & connolly,0.9586215440116264,1
labaton sucharow,williams & connolly,0.9586215440116264,1
"shepherd, finkelman, miller & shah",sheppard mullin richter & hampton,0.954625321871084,1
shapiro haber & urmy,goodwin procter,0.954463673223983,1
dechert,goodwin procter,0.9496280118916248,1
blank rome,foley & lardner,0.9491826187280012,1
scott & scott,jenner & block,0.9487776913711524,1
"weil, gotshal & manges",akin gump strauss hauer & feld,0.9477802294147346,1
shearman & sterling,goodwin procter,0.947187681921309,1
"boies, schiller & flexner",o’melveny & myers,0.9454238754461656,1
"gibson, dunn & crutcher",mayer brown,0.9431177610313892,1
shearman & sterling,mayer brown,0.9431177610313892,1
shearman & sterling,quinn emanuel urquhart & sullivan,0.9431177610313892,1
cuneo gilbert & laduca,arnold & porter,0.9427123510905988,1
cuneo gilbert & laduca,foley & lardner,0.9427123510905988,1
"morris, nichols, arsht & tunnell",o’melveny & myers,0.9398339806198336,1
davis polk & wardwell,"shook, hardy & bacon",0.9350557312469616,1
"kellogg, huber, hansen, todd, evans & figel","cravath, swaine & moore",0.935052478907226,1
"boies, schiller & flexner","cravath, swaine & moore",0.9335771702434048,1
"boies, schiller & flexner","skadden, arps, slate, meagher & flom",0.9335771702434048,1
jenner & block,fish & richardson,0.9323886763453896,1
cuneo gilbert & laduca,"gibson, dunn & crutcher",0.9290314990875,1
cuneo gilbert & laduca,ropes & gray,0.9290314990875,1
glancy binkow & goldberg,ropes & gray,0.9290314990875,1
labaton sucharow,ropes & gray,0.9290314990875,1
blank rome,"morris, nichols, arsht & tunnell",0.9289248214836952,1
"kellogg, huber, hansen, todd, evans & figel","skadden, arps, slate, meagher & flom",0.9282624284451022,1
jenner & block,dla piper us,0.926950189746413,1
cotchett pitre & mccarthy,"cravath, swaine & moore",0.9259060865786248,1
cotchett pitre & mccarthy,dla piper,0.9259060865786248,1
cotchett pitre & mccarthy,dla piper us,0.9259060865786248,1
cotchett pitre & mccarthy,kirkland & ellis,0.9259060865786248,1
cotchett pitre & mccarthy,latham & watkins,0.9259060865786248,1
cotchett pitre & mccarthy,"skadden, arps, slate, meagher & flom",0.9259060865786248,1
cotchett pitre & mccarthy,steptoe & johnson,0.9259060865786248,1
cuneo gilbert & laduca,"cravath, swaine & moore",0.9259060865786248,1
cuneo gilbert & laduca,dla piper us,0.9259060865786248,1
cuneo gilbert & laduca,hogan lovells us,0.9259060865786248,1
cuneo gilbert & laduca,kirkland & ellis,0.9259060865786248,1
cuneo gilbert & laduca,mayer brown,0.9259060865786248,1
cuneo gilbert & laduca,"skadden, arps, slate, meagher & flom",0.9259060865786248,1
cuneo gilbert & laduca,steptoe & johnson,0.9259060865786248,1
freed kanner london & millen,"cravath, swaine & moore",0.9259060865786248,1
freed kanner london & millen,dla piper us,0.9259060865786248,1
freed kanner london & millen,kirkland & ellis,0.9259060865786248,1
freed kanner london & millen,latham & watkins,0.9259060865786248,1
freed kanner london & millen,"skadden, arps, slate, meagher & flom",0.9259060865786248,1
girard gibbs,"cravath, swaine & moore",0.9259060865786248,1
girard gibbs,dla piper,0.9259060865786248,1
girard gibbs,dla piper us,0.9259060865786248,1
girard gibbs,hogan lovells us,0.9259060865786248,1
girard gibbs,latham & watkins,0.9259060865786248,1
girard gibbs,"skadden, arps, slate, meagher & flom",0.9259060865786248,1
hausfeld,"cravath, swaine & moore",0.9259060865786248,1
hausfeld,dla piper,0.9259060865786248,1
hausfeld,steptoe & johnson,0.9259060865786248,1
kaplan fox & kilsheimer,"cravath, swaine & moore",0.9259060865786248,1
kaplan fox & kilsheimer,dla piper us,0.9259060865786248,1
kaplan fox & kilsheimer,kirkland & ellis,0.9259060865786248,1
kaplan fox & kilsheimer,latham & watkins,0.9259060865786248,1
kaplan fox & kilsheimer,steptoe & johnson,0.9259060865786248,1
labaton sucharow,"cravath, swaine & moore",0.9259060865786248,1
labaton sucharow,dla piper us,0.9259060865786248,1
labaton sucharow,hogan lovells us,0.9259060865786248,1
labaton sucharow,kirkland & ellis,0.9259060865786248,1
labaton sucharow,"skadden, arps, slate, meagher & flom",0.9259060865786248,1
labaton sucharow,steptoe & johnson,0.9259060865786248,1
lockridge grindal ñauen p,"cravath, swaine & moore",0.9259060865786248,1
lockridge grindal ñauen p,dla piper us,0.9259060865786248,1
lockridge grindal ñauen p,hogan lovells us,0.9259060865786248,1
lockridge grindal ñauen p,steptoe & johnson,0.9259060865786248,1
winston & strawn,ropes & gray,0.9236572804770976,1
greenberg traurig,arnold & porter,0.9232631623128024,1
"morgan, lewis & bockius",perkins coie,0.9232422556337948,1
dechert,united states attorney,0.920566827684579,1
mayer brown,dla piper,0.9196954490270134,1
susman godfrey,fish & richardson,0.919665682700218,1
"morgan, lewis & bockius",williams & connolly,0.918095087197454,1
"skadden, arps, slate, meagher & flom",o’melveny & myers,0.9179861632437044,1
dickstein shapiro,steptoe & johnson,0.9153186403606997,1
jenner & block,mcdermott will & emery,0.9148571024992368,1
jenner & block,schiff hardin,0.9148571024992368,1
jenner & block,sheppard mullin richter & hampton,0.9148571024992368,1
jenner & block,sidley austin,0.9148571024992368,1
bernstein litowitz berger & grossmann,williams & connolly,0.9139963704854768,1
kirby mclnerney,"weil, gotshal & manges",0.913190451077148,1
milberg,"weil, gotshal & manges",0.913190451077148,1
cohen milstein sellers & toll,dla piper us,0.9128255949401418,1
cohen milstein sellers & toll,sheppard mullin richter & hampton,0.9128255949401418,1
hausfeld,sheppard mullin richter & hampton,0.9128255949401418,1
"boies, schiller & flexner",arnold & porter,0.9125641495867752,1
"gibson, dunn & crutcher",arnold & porter,0.9125641495867752,1
baker & hostetler,goodwin procter,0.908550137937241,1
baker & hostetler,sullivan & cromwell,0.908550137937241,1
kirkland & ellis,akin gump strauss hauer & feld,0.9078779768665546,1
united states attorney,arnold & porter,0.90536176748979,1
labaton sucharow,akin gump strauss hauer & feld,0.9029551781501524,1
labaton sucharow,paul weiss rifkind wharton & garrison,0.9029551781501524,1
labaton sucharow,sidley austin,0.9029551781501524,1
pomerantz,akin gump strauss hauer & feld,0.9029551781501524,1
pomerantz,latham & watkins,0.9029551781501524,1
robbins geller rudman & dowd,akin gump strauss hauer & feld,0.9029551781501524,1
bernstein litowitz berger & grossmann,"weil, gotshal & manges",0.9021268550938484,1
hausfeld,attorney general,0.901838797798313,1
"morgan, lewis & bockius",jenner & block,0.9003641008259263,1
buchanan ingersoll & rooney,winston & strawn,0.90001062050288,1
faruqi & faruqi,perkins coie,0.8996502635054874,1
"morris, nichols, arsht & tunnell","orrick, herrington & sutcliffe",0.8988146312888694,1
berger & montague,morrison & foerster,0.895130649654781,1
freed kanner london & millen,morrison & foerster,0.895130649654781,1
heins mills & olson,morrison & foerster,0.895130649654781,1
baker & hostetler,attorney general,0.8950451649990107,1
lockridge grindal ñauen p,ropes & gray,0.8946094989606663,1
lockridge grindal ñauen p,shearman & sterling,0.8946094989606663,1
lockridge grindal ñauen p,sullivan & cromwell,0.8946094989606663,1
lockridge grindal ñauen p,susman godfrey,0.8946094989606663,1
lockridge grindal ñauen p,"weil, gotshal & manges",0.8946094989606663,1
"robins, kaplan, miller & ciresi",ropes & gray,0.8946094989606663,1
"robins, kaplan, miller & ciresi",shearman & sterling,0.8946094989606663,1
"robins, kaplan, miller & ciresi","skadden, arps, slate, meagher & flom",0.8946094989606663,1
"robins, kaplan, miller & ciresi",susman godfrey,0.8946094989606663,1
"robins, kaplan, miller & ciresi","weil, gotshal & manges",0.8946094989606663,1
"robins, kaplan, miller & ciresi",winston & strawn,0.8946094989606663,1
scott & scott,ropes & gray,0.8946094989606663,1
scott & scott,shearman & sterling,0.8946094989606663,1
scott & scott,"weil, gotshal & manges",0.8946094989606663,1
scott & scott,winston & strawn,0.8946094989606663,1
"weil, gotshal & manges",ropes & gray,0.8946094989606663,1
"weil, gotshal & manges",shearman & sterling,0.8946094989606663,1
"weil, gotshal & manges",sullivan & cromwell,0.8946094989606663,1
"weil, gotshal & manges",susman godfrey,0.8946094989606663,1
"weil, gotshal & manges",winston & strawn,0.8946094989606663,1
bernstein litowitz berger & grossmann,dla piper,0.8934808672140593,1
katten muchin rosenman,"paul, weiss, rifkind, wharton & garrison",0.8927808950960153,1
attorney general,arnold & porter,0.8927223090061472,1
attorney general,blank rome,0.8927223090061472,1
berger & montague,blank rome,0.8927223090061472,1
cohen milstein sellers & toll,blank rome,0.8927223090061472,1
freed kanner london & millen,arnold & porter,0.8927223090061472,1
freed kanner london & millen,blank rome,0.8927223090061472,1
girard gibbs,arnold & porter,0.8927223090061472,1
girard gibbs,blank rome,0.8927223090061472,1
glancy binkow & goldberg,blank rome,0.8927223090061472,1
grant & eisenhofer,blank rome,0.8927223090061472,1
hagens berman sobol shapiro,blank rome,0.8927223090061472,1
hausfeld,arnold & porter,0.8927223090061472,1
hausfeld,blank rome,0.8927223090061472,1
heins mills & olson,arnold & porter,0.8927223090061472,1
heins mills & olson,blank rome,0.8927223090061472,1
labaton sucharow,arnold & porter,0.8927223090061472,1
labaton sucharow,blank rome,0.8927223090061472,1
lockridge grindal ñauen p,blank rome,0.8927223090061472,1
lowey dannenberg cohen & hart,arnold & porter,0.8927223090061472,1
lowey dannenberg cohen & hart,blank rome,0.8927223090061472,1
pomerantz,arnold & porter,0.8927223090061472,1
pomerantz,blank rome,0.8927223090061472,1
robbins geller rudman & dowd,blank rome,0.8927223090061472,1
quinn emanuel urquhart & sullivan,goodwin procter,0.8912912980880676,1
quinn emanuel urquhart & sullivan,morrison & foerster,0.8912912980880676,1
attorney general,"gibson, dunn & crutcher",0.890993361598564,1
wilmer cutler pickering hale & dor,"gibson, dunn & crutcher",0.890993361598564,1
covington & burling,united states attorney,0.8891206113317515,1
morrison & foerster,greenberg traurig,0.8888805500027864,1
shearman & sterling,greenberg traurig,0.8888805500027864,1
arnold & porter,sheppard mullin richter & hampton,0.8881951300317982,1
covington & burling,winston & strawn,0.8854330805646756,1
morrison & foerster,dla piper us,0.8815503164105665,1
morrison & foerster,"paul, weiss, rifkind, wharton & garrison",0.8815503164105665,1
blank rome,"boies, schiller & flexner",0.880562122437753,1
blank rome,davis polk & wardwell,0.880562122437753,1
blank rome,dechert,0.880562122437753,1
blank rome,goodwin procter,0.880562122437753,1
blank rome,"milbank, tweed, hadley & mccloy",0.880562122437753,1
blank rome,quinn emanuel urquhart & sullivan,0.880562122437753,1
blank rome,sidley austin,0.880562122437753,1
blank rome,skadden arps slate meagher & flom,0.880562122437753,1
grant & eisenhofer,dechert,0.880562122437753,1
lieff cabraser heimann & bernstein,dechert,0.880562122437753,1
lieff cabraser heimann & bernstein,goodwin procter,0.880562122437753,1
lieff cabraser heimann & bernstein,quinn emanuel urquhart & sullivan,0.880562122437753,1
lieff cabraser heimann & bernstein,skadden arps slate meagher & flom,0.880562122437753,1
"paul, weiss, rifkind, wharton & garrison",attorney general,0.8793497771258785,1
cohen milstein sellers & toll,latham & watkins,0.8779925101551398,1
"shook, hardy & bacon",arnold & porter,0.8778804969798798,1
"shook, hardy & bacon",latham & watkins,0.8778804969798798,1
"shook, hardy & bacon","shook, hardy & bacon",0.8778804969798798,1
baron & budd,mayer brown,0.8767996471958108,1
baron & budd,wilmer cutler pickering hale & dor,0.8767996471958108,1
bernstein litowitz berger & grossmann,wilmer cutler pickering hale & dor,0.8767996471958108,1
block & levitón,mayer brown,0.8767996471958108,1
block & levitón,wilmer cutler pickering hale & dor,0.8767996471958108,1
cotchett pitre & mccarthy,wilmer cutler pickering hale & dor,0.8767996471958108,1
dickstein shapiro,mayer brown,0.8767996471958108,1
dickstein shapiro,wilmer cutler pickering hale & dor,0.8767996471958108,1
freed kanner london & millen,wilmer cutler pickering hale & dor,0.8767996471958108,1
glancy & binkow,wilmer cutler pickering hale & dor,0.8767996471958108,1
glancy binkow & goldberg,wilmer cutler pickering hale & dor,0.8767996471958108,1
goldberg,wilmer cutler pickering hale & dor,0.8767996471958108,1
grant & eisenhofer,wilmer cutler pickering hale & dor,0.8767996471958108,1
hausfeld,wilmer cutler pickering hale & dor,0.8767996471958108,1
heins mills & olson,wilmer cutler pickering hale & dor,0.8767996471958108,1
kaplan fox & kilsheimer,wilmer cutler pickering hale & dor,0.8767996471958108,1
"kellogg, huber, hansen, todd, evans & figel",mayer brown,0.8767996471958108,1
"kellogg, huber, hansen, todd, evans & figel",wilmer cutler pickering hale & dor,0.8767996471958108,1
kirby mclnerney,wilmer cutler pickering hale & dor,0.8767996471958108,1
lieff cabraser heimann & bernstein,mayer brown,0.8767996471958108,1
lieff cabraser heimann & bernstein,wilmer cutler pickering hale & dor,0.8767996471958108,1
"lieff, cabraser, heimann & bernstein",wilmer cutler pickering hale & dor,0.8767996471958108,1
lovell stewart halebian jacobson,cahill gordon & reindel,0.8767996471958108,1
lovell stewart halebian jacobson,flemming zulack williamson zauderer,0.8767996471958108,1
lovell stewart halebian jacobson,katten muchin rosenman,0.8767996471958108,1
lovell stewart halebian jacobson,locke lord bissell & liddell,0.8767996471958108,1
lovell stewart halebian jacobson,"locke, liddell & sapp",0.8767996471958108,1
lovell stewart halebian jacobson,"milbank, tweed, hadley & mccloy",0.8767996471958108,1
lovell stewart halebian jacobson,paul weiss rifkind wharton & garrison,0.8767996471958108,1
lovell stewart halebian jacobson,schiff hardin,0.8767996471958108,1
lovell stewart halebian jacobson,united states attorney,0.8767996471958108,1
lovell stewart halebian jacobson,wilmer cutler pickering hale & dor,0.8767996471958108,1
lowey dannenberg cohen & hart,mayer brown,0.8767996471958108,1
lowey dannenberg cohen & hart,wilmer cutler pickering hale & dor,0.8767996471958108,1
mcculley mccluer,mayer brown,0.8767996471958108,1
mcculley mccluer,wilmer cutler pickering hale & dor,0.8767996471958108,1
morris & morris,mayer brown,0.8767996471958108,1
morris & morris,wilmer cutler pickering hale & dor,0.8767996471958108,1
obermayer rebmann maxwell & hippel,flemming zulack williamson zauderer,0.8767996471958108,1
obermayer rebmann maxwell & hippel,katten muchin rosenman,0.8767996471958108,1
obermayer rebmann maxwell & hippel,locke lord bissell & liddell,0.8767996471958108,1
obermayer rebmann maxwell & hippel,"locke, liddell & sapp",0.8767996471958108,1
obermayer rebmann maxwell & hippel,mayer brown,0.8767996471958108,1
obermayer rebmann maxwell & hippel,mcdermott will & emery,0.8767996471958108,1
obermayer rebmann maxwell & hippel,"milbank, tweed, hadley & mccloy",0.8767996471958108,1
obermayer rebmann maxwell & hippel,paul weiss rifkind wharton & garrison,0.8767996471958108,1
obermayer rebmann maxwell & hippel,schiff hardin,0.8767996471958108,1
obermayer rebmann maxwell & hippel,united states attorney,0.8767996471958108,1
obermayer rebmann maxwell & hippel,wilmer cutler pickering hale & dor,0.8767996471958108,1
pomerantz,cahill gordon & reindel,0.8767996471958108,1
pomerantz,flemming zulack williamson zauderer,0.8767996471958108,1
pomerantz,katten muchin rosenman,0.8767996471958108,1
pomerantz,locke lord bissell & liddell,0.8767996471958108,1
pomerantz,"locke, liddell & sapp",0.8767996471958108,1
pomerantz,"milbank, tweed, hadley & mccloy",0.8767996471958108,1
pomerantz,schiff hardin,0.8767996471958108,1
pomerantz,united states attorney,0.8767996471958108,1
pomerantz,wilmer cutler pickering hale & dor,0.8767996471958108,1
"robins, kaplan, miller & ciresi",mayer brown,0.8767996471958108,1
"robins, kaplan, miller & ciresi",wilmer cutler pickering hale & dor,0.8767996471958108,1
shapiro haber & urmy,mayer brown,0.8767996471958108,1
"shepherd, finkelman, miller & shah",mayer brown,0.8767996471958108,1
"shepherd, finkelman, miller & shah",wilmer cutler pickering hale & dor,0.8767996471958108,1
united states attorney,wilmer cutler pickering hale & dor,0.8767996471958108,1
berger & montague,dla piper,0.8758639869290368,1
berger & montague,foley & lardner,0.8758639869290368,1
cohen milstein sellers & toll,dla piper,0.8758639869290368,1
cohen milstein sellers & toll,foley & lardner,0.8758639869290368,1
cohen milstein sellers & toll,winston & strawn,0.8758639869290368,1
freed kanner london & millen,foley & lardner,0.8758639869290368,1
freed kanner london & millen,greenberg traurig,0.8758639869290368,1
freed kanner london & millen,winston & strawn,0.8758639869290368,1
grant & eisenhofer,dla piper,0.8758639869290368,1
grant & eisenhofer,foley & lardner,0.8758639869290368,1
grant & eisenhofer,winston & strawn,0.8758639869290368,1
hagens berman sobol shapiro,dla piper,0.8758639869290368,1
hagens berman sobol shapiro,foley & lardner,0.8758639869290368,1
hagens berman sobol shapiro,greenberg traurig,0.8758639869290368,1
heins mills & olson,foley & lardner,0.8758639869290368,1
heins mills & olson,greenberg traurig,0.8758639869290368,1
heins mills & olson,winston & strawn,0.8758639869290368,1
lockridge grindal ñauen p,foley & lardner,0.8758639869290368,1
lockridge grindal ñauen p,greenberg traurig,0.8758639869290368,1
scottscott,dla piper,0.8758639869290368,1
scottscott,greenberg traurig,0.8758639869290368,1
scottscott,mayer brown,0.8758639869290368,1
scottscott,winston & strawn,0.8758639869290368,1
cohen milstein sellers & toll,goodwin procter,0.8755723498674668,1
faruqi & faruqi,goodwin procter,0.8755723498674668,1
glancy binkow & goldberg,goodwin procter,0.8755723498674668,1
heins mills & olson,goodwin procter,0.8755723498674668,1
lockridge grindal ñauen p,goodwin procter,0.8755723498674668,1
lowey dannenberg cohen & hart,goodwin procter,0.8755723498674668,1
robbins geller rudman & dowd,goodwin procter,0.8755723498674668,1
dickstein shapiro,attorney general,0.8753825965426439,1
winston & strawn,buchanan ingersoll & rooney,0.8735459615864213,1
kirkland & ellis,kirkland & ellis,0.8719620647889654,1
morrison & foerster,morrison & foerster,0.8708032083970514,1
scott & scott,baker & hostetler,0.8647739447751505,1
covington & burling,"robins, kaplan, miller & ciresi",0.8616547021619643,1
sidley austin,united states attorney,0.8613298053717093,1
"morgan, lewis & bockius",united states attorney,0.8586124439868129,1
baron & budd,hogan lovells us,0.8582016930661355,1
berger & montague,hogan lovells us,0.8582016930661355,1
bernstein litowitz berger & grossmann,hogan lovells us,0.8582016930661355,1
block & levitón,hogan lovells us,0.8582016930661355,1
dickstein shapiro,hogan lovells us,0.8582016930661355,1
glancy & binkow,hogan lovells us,0.8582016930661355,1
goldberg,hogan lovells us,0.8582016930661355,1
grant & eisenhofer,hogan lovells us,0.8582016930661355,1
heins mills & olson,hogan lovells us,0.8582016930661355,1
"kellogg, huber, hansen, todd, evans & figel",hogan lovells us,0.8582016930661355,1
kirby mclnerney,hogan lovells us,0.8582016930661355,1
lieff cabraser heimann & bernstein,hogan lovells us,0.8582016930661355,1
"lieff, cabraser, heimann & bernstein",hogan lovells us,0.8582016930661355,1
lowey dannenberg cohen & hart,hogan lovells us,0.8582016930661355,1
mcculley mccluer,hogan lovells us,0.8582016930661355,1
milberg,cahill gordon & reindel,0.8582016930661355,1
milberg,flemming zulack williamson zauderer,0.8582016930661355,1
milberg,hogan lovells us,0.8582016930661355,1
milberg,katten muchin rosenman,0.8582016930661355,1
milberg,locke lord bissell & liddell,0.8582016930661355,1
milberg,"locke, liddell & sapp",0.8582016930661355,1
milberg,"milbank, tweed, hadley & mccloy",0.8582016930661355,1
milberg,paul weiss rifkind wharton & garrison,0.8582016930661355,1
milberg,schiff hardin,0.8582016930661355,1
milberg,united states attorney,0.8582016930661355,1
morris & morris,hogan lovells us,0.8582016930661355,1
robbins geller rudman & dowd,hogan lovells us,0.8582016930661355,1
scott & scott,cahill gordon & reindel,0.8582016930661355,1
scott & scott,davis polk & wardwell,0.8582016930661355,1
scott & scott,flemming zulack williamson zauderer,0.8582016930661355,1
scott & scott,hogan lovells us,0.8582016930661355,1
scott & scott,hughes hubbard & reed,0.8582016930661355,1
scott & scott,katten muchin rosenman,0.8582016930661355,1
scott & scott,locke lord bissell & liddell,0.8582016930661355,1
scott & scott,"locke, liddell & sapp",0.8582016930661355,1
scott & scott,"milbank, tweed, hadley & mccloy",0.8582016930661355,1
scott & scott,paul weiss rifkind wharton & garrison,0.8582016930661355,1
scott & scott,schiff hardin,0.8582016930661355,1
scott & scott,united states attorney,0.8582016930661355,1
scottscott,flemming zulack williamson zauderer,0.8582016930661355,1
scottscott,hogan lovells us,0.8582016930661355,1
scottscott,hughes hubbard & reed,0.8582016930661355,1
scottscott,katten muchin rosenman,0.8582016930661355,1
scottscott,"milbank, tweed, hadley & mccloy",0.8582016930661355,1
scottscott,paul weiss rifkind wharton & garrison,0.8582016930661355,1
scottscott,schiff hardin,0.8582016930661355,1
scottscott,simpson thacher & bartlett,0.8582016930661355,1
scottscott,united states attorney,0.8582016930661355,1
shapiro haber & urmy,hogan lovells us,0.8582016930661355,1
"shepherd, finkelman, miller & shah",hogan lovells us,0.8582016930661355,1
united states attorney,hogan lovells us,0.8582016930661355,1
williams & connolly,attorney general,0.8573388551539671,1
attorney general,buchanan ingersoll & rooney,0.8562025160108,1
attorney general,cahill gordon & reindel,0.8562025160108,1
attorney general,perkins coie,0.8562025160108,1
attorney general,"shook, hardy & bacon",0.8562025160108,1
cahill gordon & reindel,buchanan ingersoll & rooney,0.8562025160108,1
cahill gordon & reindel,cahill gordon & reindel,0.8562025160108,1
cahill gordon & reindel,morrison & foerster,0.8562025160108,1
cahill gordon & reindel,perkins coie,0.8562025160108,1
cahill gordon & reindel,"shook, hardy & bacon",0.8562025160108,1
cohen milstein sellers & toll,buchanan ingersoll & rooney,0.8562025160108,1
cohen milstein sellers & toll,perkins coie,0.8562025160108,1
cohen milstein sellers & toll,"shook, hardy & bacon",0.8562025160108,1
mayer brown,steptoe & johnson,0.8550100779060372,1
sullivan & cromwell,attorney general,0.8526205369247167,1
"morris, nichols, arsht & tunnell",simpson thacher & bartlett,0.8492557277998423,1
berger & montague,baker & hostetler,0.8470501271927894,1
lockridge grindal ñauen p,"morgan, lewis & bockius",0.8470501271927894,1
lowey dannenberg cohen & hart,baker & hostetler,0.8470501271927894,1
lowey dannenberg cohen & hart,"morgan, lewis & bockius",0.8470501271927894,1
"skadden, arps, slate, meagher & flom",attorney general,0.844739471738035,1
baker & hostetler,united states attorney,0.8444974562025216,1
grant & eisenhofer,"cravath, swaine & moore",0.8434749218802524,1
blank rome,buchanan ingersoll & rooney,0.8420338137565773,1
cohen milstein sellers & toll,davis polk & wardwell,0.8404987535993367,1
cohen milstein sellers & toll,sullivan & cromwell,0.8404987535993367,1
hausfeld,shearman & sterling,0.8404987535993367,1
scottscott,kirkland & ellis,0.8404987535993367,1
katten muchin rosenman,"boies, schiller & flexner",0.8396044174968235,1
"gibson, dunn & crutcher",sidley austin,0.838847830902772,1
goodwin procter,kirkland & ellis,0.836339580443505,1
venable,kirkland & ellis,0.836339580443505,1
sidley austin,covington & burling,0.8328410573825235,1
"cravath, swaine & moore",greenberg traurig,0.8322096710136595,1
"cravath, swaine & moore",latham & watkins,0.8322096710136595,1
sidley austin,greenberg traurig,0.8322096710136595,1
sidley austin,latham & watkins,0.8322096710136595,1
"boies, schiller & flexner","orrick, herrington & sutcliffe",0.8286080353891928,1
cohen milstein sellers & toll,"orrick, herrington & sutcliffe",0.8286080353891928,1
hausfeld,"orrick, herrington & sutcliffe",0.8286080353891928,1
kirby mclnerney,"orrick, herrington & sutcliffe",0.8286080353891928,1
susman godfrey,"orrick, herrington & sutcliffe",0.8286080353891928,1
united states attorney,dla piper,0.8251307014194065,1
united states attorney,goodwin procter,0.8251307014194065,1
arnold & porter,greenberg traurig,0.8242180973451806,1
perkins coie,"morgan, lewis & bockius",0.8211638220504043,1
williams & connolly,united states attorney,0.8195023003971145,1
mcdermott will & emery,fish & richardson,0.8166229993646397,1
"milbank, tweed, hadley & mccloy",winston & strawn,0.8127575908315952,1
attorney general,goodwin procter,0.8104628920633971,1
attorney general,katten muchin rosenman,0.8104628920633971,1
attorney general,kirkland & ellis,0.8104628920633971,1
cohen milstein sellers & toll,patterson belknap webb & tyler,0.8083695576745452,1
cohen milstein sellers & toll,paul weiss rifkind wharton & garrison,0.8083695576745452,1
hagens berman sobol shapiro,"paul, weiss, rifkind, wharton & garrison",0.8083695576745452,1
skadden arps slate meagher & flom,simpson thacher & bartlett,0.8083207453112874,1
akin gump strauss hauer & feld,wilmer cutler pickering hale & dor,0.8083153138765845,1
attorney general,wilmer cutler pickering hale & dor,0.8083153138765845,1
greenberg traurig,wilmer cutler pickering hale & dor,0.8083153138765845,1
"weil, gotshal & manges",skadden arps slate meagher & flom,0.8018929748976609,1
"shook, hardy & bacon",hogan lovells us,0.8014825878960292,1
winston & strawn,united states attorney,0.8005236642624357,1
akin gump strauss hauer & feld,williams & connolly,0.7970691588063866,1
grant & eisenhofer,akin gump strauss hauer & feld,0.7947528942673693,1
grant & eisenhofer,obermayer rebmann maxwell & hippel,0.7947528942673693,1
hausfeld,patterson belknap webb & tyler,0.7920774083532465,1
perkins coie,"paul, weiss, rifkind, wharton & garrison",0.7915736947977453,1
berger & montague,fish & richardson,0.7905018234883339,1
"shepherd, finkelman, miller & shah",morrison & foerster,0.7839426610995427,1
"shepherd, finkelman, miller & shah",o’melveny & myers,0.7839426610995427,1
"shepherd, finkelman, miller & shah","skadden, arps, slate, meagher & flom",0.7839426610995427,1
kirkland & ellis,"weil, gotshal & manges",0.7819265541862421,1
kirkland & ellis,winston & strawn,0.7819265541862421,1
bernstein litowitz berger & grossmann,"cravath, swaine & moore",0.7801776222498816,1
mccarter & english,steptoe & johnson,0.775587607433457,1
ropes & gray,attorney general,0.7753730263171772,1
wilmer cutler pickering hale & dor,katten muchin rosenman,0.7662846573079125,1
ropes & gray,ropes & gray,0.7650788136762995,1
dla piper,mayer brown,0.7540355938742661,1
mcdermott will & emery,akin gump strauss hauer & feld,0.75267037202976,1
mcdermott will & emery,steptoe & johnson,0.75267037202976,1
sidley austin,katten muchin rosenman,0.7512586718415631,1
grant & eisenhofer,buchanan ingersoll & rooney,0.7510013283900684,1
milberg,buchanan ingersoll & rooney,0.7510013283900684,1
latham & watkins,perkins coie,0.7467159507817129,1
berger & montague,sheppard mullin richter & hampton,0.745592944299364,1
united states attorney,venable,0.7394902656361998,1
shearman & sterling,hughes hubbard & reed,0.738816671903161,1
girard gibbs,"paul, weiss, rifkind, wharton & garrison",0.7362103455832483,1
kirby mclnerney,arnold & porter,0.7346195014834854,1
kirby mclnerney,dechert,0.7346195014834854,1
kirby mclnerney,"paul, weiss, rifkind, wharton & garrison",0.7346195014834854,1
kirby mclnerney,winston & strawn,0.7346195014834854,1
lovell stewart halebian jacobson,arnold & porter,0.7346195014834854,1
lovell stewart halebian jacobson,winston & strawn,0.7346195014834854,1
milberg,winston & strawn,0.7346195014834854,1
arnold & porter,hughes hubbard & reed,0.7321864682662216,1
jenner & block,united states attorney,0.7304527827787259,1
mcculley mccluer,"morgan, lewis & bockius",0.7301802529238667,1
mcculley mccluer,patterson belknap webb & tyler,0.7301802529238667,1
mcculley mccluer,"paul, weiss, rifkind, wharton & garrison",0.7301802529238667,1
mcculley mccluer,"skadden, arps, slate, meagher & flom",0.7301802529238667,1
robbins geller rudman & dowd,"morgan, lewis & bockius",0.7301802529238667,1
robbins geller rudman & dowd,patterson belknap webb & tyler,0.7301802529238667,1
scottscott,patterson belknap webb & tyler,0.7301802529238667,1
berger & montague,venable,0.715736706195995,1
berger & montague,williams & connolly,0.715736706195995,1
buchanan ingersoll & rooney,covington & burling,0.715736706195995,1
faruqi & faruqi,covington & burling,0.715736706195995,1
faruqi & faruqi,venable,0.715736706195995,1
faruqi & faruqi,williams & connolly,0.715736706195995,1
girard gibbs,venable,0.715736706195995,1
girard gibbs,williams & connolly,0.715736706195995,1
hagens berman sobol shapiro,venable,0.715736706195995,1
shapiro haber & urmy,kirkland & ellis,0.715736706195995,1
shapiro haber & urmy,venable,0.715736706195995,1
shapiro haber & urmy,williams & connolly,0.715736706195995,1
"shepherd, finkelman, miller & shah",kirkland & ellis,0.715736706195995,1
"shepherd, finkelman, miller & shah",venable,0.715736706195995,1
"shepherd, finkelman, miller & shah",williams & connolly,0.715736706195995,1
o’melveny & myers,united states attorney,0.7079262489197748,1
lovell stewart halebian jacobson,kirkland & ellis,0.7064166478934136,1
milberg,greenberg traurig,0.7064166478934136,1
milberg,kirkland & ellis,0.7064166478934136,1
fish & richardson,kirkland & ellis,0.6880105407359908,1
patterson belknap webb & tyler,attorney general,0.6846507770592483,1
robbins geller rudman & dowd,dla piper us,0.6778416452191427,1
skadden arps slate meagher & flom,attorney general,0.6753335197475998,1
heins mills & olson,dechert,0.6749800600366742,1
"kellogg, huber, hansen, todd, evans & figel",skadden arps slate meagher & flom,0.6719871426759915,1
kirkland & ellis,venable,0.6664124179256488,1
steptoe & johnson,united states attorney,0.6663162189094991,1
o’melveny & myers,attorney general,0.6616335118896036,1
berger & montague,shearman & sterling,0.6587263447454519,1
bernstein litowitz berger & grossmann,shearman & sterling,0.6587263447454519,1
faruqi & faruqi,ropes & gray,0.6383147303630734,1
goodwin procter,"gibson, dunn & crutcher",0.6321360449881961,1
goodwin procter,"morgan, lewis & bockius",0.6321360449881961,1
steptoe & johnson,attorney general,0.6228028461274695,1
mayer brown,united states attorney,0.6010115374267543,1
goodwin procter,attorney general,0.5975978000263824,1
mcculley mccluer,williams & connolly,0.5943673441630596,1
"lieff, cabraser, heimann & bernstein",kirkland & ellis,0.5925828436321823,1
milberg,morrison & foerster,0.5885625558887759,1
faruqi & faruqi,"cravath, swaine & moore",0.5874410545171874,1
faruqi & faruqi,locke lord bissell & liddell,0.5874410545171874,1
o’melveny & myers,covington & burling,0.5850725706962258,1
williams & connolly,venable,0.5801552455228446,1
perkins coie,venable,0.5773471971015374,1
mayer brown,jenner & block,0.5706778474379608,1
cohen milstein sellers & toll,attorney general,0.5628364799516888,1
lieff cabraser heimann & bernstein,greenberg traurig,0.5620598003920123,1
attorney general,steptoe & johnson,0.5465175094217782,1
mayer brown,"gibson, dunn & crutcher",0.520594558608545,1
cohen milstein sellers & toll,o’melveny & myers,0.5071632065233067,1
akin gump strauss hauer & feld,arnold & porter,0.5032107494532461,1
cohen milstein sellers & toll,united states attorney,0.5006589708051717,1
