CaseId,PlaintiffFirm,DefendantFirm,CaseType,Court,Outcome,Weight,PredDefWinProba,Year
3594648,quinn emanuel urquhart & sullivan,covington & burling,contract,,PlaintiffWin,0.7540355938742661,0.7540355938742661,2013
3594648,quinn emanuel urquhart & sullivan,covington & burling,contract,,PlaintiffWin,0.7540355938742661,0.7540355938742661,2013
3594648,quinn emanuel urquhart & sullivan,mayer brown,contract,,PlaintiffWin,0.7540355938742661,0.7540355938742661,2013
3594648,dla piper,covington & burling,contract,,PlaintiffWin,0.7540355938742661,0.7540355938742661,2013
3594648,dla piper,covington & burling,contract,,PlaintiffWin,0.7540355938742661,0.7540355938742661,2013
3594648,dla piper,mayer brown,contract,,PlaintiffWin,0.7540355938742661,0.7540355938742661,2013
3823183,mcdermott will & emery,goodwin procter,other,,PlaintiffWin,0.768148247798089,0.768148247798089,2013
3823183,mcdermott will & emery,goodwin procter,other,,PlaintiffWin,0.768148247798089,0.768148247798089,2013
3823260,susman godfrey,foley & lardner,other,,PlaintiffWin,0.9427123510905988,0.9427123510905988,2013
3823260,susman godfrey,arnold & porter,other,,PlaintiffWin,0.9427123510905988,0.9427123510905988,2013
3828669,robbins geller rudman & dowd,latham & watkins,other,,PlaintiffWin,0.8923366058896484,0.8923366058896484,2013
3828669,robbins geller rudman & dowd,"gibson, dunn & crutcher",other,,PlaintiffWin,0.8923366058896484,0.8923366058896484,2013
3828669,hagens berman sobol shapiro,latham & watkins,other,,PlaintiffWin,0.8923366058896484,0.8923366058896484,2013
3828669,hagens berman sobol shapiro,"gibson, dunn & crutcher",other,,PlaintiffWin,0.8923366058896484,0.8923366058896484,2013
3828669,hagens berman sobol shapiro,latham & watkins,other,,PlaintiffWin,0.8923366058896484,0.8923366058896484,2013
3828669,hagens berman sobol shapiro,"gibson, dunn & crutcher",other,,PlaintiffWin,0.8923366058896484,0.8923366058896484,2013
3832070,foley & lardner,united states attorney,contract,,PlaintiffWin,0.673478573177958,0.673478573177958,2013
3834311,glancy binkow & goldberg,dla piper,torts,,PlaintiffWin,0.7404240064471646,0.7404240064471646,2013
3877383,berger & montague,arnold & porter,other,,PlaintiffWin,0.5874410545171874,0.5874410545171874,2013
3877383,berger & montague,locke lord bissell & liddell,other,,PlaintiffWin,0.5874410545171874,0.5874410545171874,2013
3877383,lieff cabraser heimann & bernstein,arnold & porter,other,,PlaintiffWin,0.5874410545171874,0.5874410545171874,2013
3877383,lieff cabraser heimann & bernstein,locke lord bissell & liddell,other,,PlaintiffWin,0.5874410545171874,0.5874410545171874,2013
3877383,lieff cabraser heimann & bernstein,arnold & porter,other,,PlaintiffWin,0.5874410545171874,0.5874410545171874,2013
3877383,lieff cabraser heimann & bernstein,locke lord bissell & liddell,other,,PlaintiffWin,0.5874410545171874,0.5874410545171874,2013
3877681,united states attorney,"morgan, lewis & bockius",other,,PlaintiffWin,0.8251307014194065,0.8251307014194065,2013
3877681,united states attorney,"morgan, lewis & bockius",other,,PlaintiffWin,0.8251307014194065,0.8251307014194065,2013
3877681,united states attorney,mayer brown,other,,PlaintiffWin,0.8251307014194065,0.8251307014194065,2013
3877681,united states attorney,goodwin procter,other,,PlaintiffWin,0.8251307014194065,0.8251307014194065,2013
3877681,united states attorney,dla piper,other,,PlaintiffWin,0.8251307014194065,0.8251307014194065,2013
3881783,robbins geller rudman & dowd,kirkland & ellis,other,,PlaintiffWin,0.8946094989606663,0.8946094989606663,2013
3881783,robbins geller rudman & dowd,"weil, gotshal & manges",other,,PlaintiffWin,0.8946094989606663,0.8946094989606663,2013
3881783,robbins geller rudman & dowd,"skadden, arps, slate, meagher & flom",other,,PlaintiffWin,0.8946094989606663,0.8946094989606663,2013
3881783,robbins geller rudman & dowd,sullivan & cromwell,other,,PlaintiffWin,0.8946094989606663,0.8946094989606663,2013
3881783,robbins geller rudman & dowd,latham & watkins,other,,PlaintiffWin,0.8946094989606663,0.8946094989606663,2013
3881783,robbins geller rudman & dowd,simpson thacher & bartlett,other,,PlaintiffWin,0.8946094989606663,0.8946094989606663,2013
3881783,robbins geller rudman & dowd,latham & watkins,other,,PlaintiffWin,0.8946094989606663,0.8946094989606663,2013
3881783,robbins geller rudman & dowd,arnold & porter,other,,PlaintiffWin,0.8946094989606663,0.8946094989606663,2013
3881783,robbins geller rudman & dowd,simpson thacher & bartlett,other,,PlaintiffWin,0.8946094989606663,0.8946094989606663,2013
3881783,robbins geller rudman & dowd,kirkland & ellis,other,,PlaintiffWin,0.8946094989606663,0.8946094989606663,2013
3881783,robbins geller rudman & dowd,arnold & porter,other,,PlaintiffWin,0.8946094989606663,0.8946094989606663,2013
3881783,robbins geller rudman & dowd,susman godfrey,other,,PlaintiffWin,0.8946094989606663,0.8946094989606663,2013
3881783,"robins, kaplan, miller & ciresi",kirkland & ellis,other,,PlaintiffWin,0.8946094989606663,0.8946094989606663,2013
3881783,"robins, kaplan, miller & ciresi","weil, gotshal & manges",other,,PlaintiffWin,0.8946094989606663,0.8946094989606663,2013
3881783,"robins, kaplan, miller & ciresi","skadden, arps, slate, meagher & flom",other,,PlaintiffWin,0.8946094989606663,0.8946094989606663,2013
3881783,"robins, kaplan, miller & ciresi",sullivan & cromwell,other,,PlaintiffWin,0.8946094989606663,0.8946094989606663,2013
3881783,"robins, kaplan, miller & ciresi",latham & watkins,other,,PlaintiffWin,0.8946094989606663,0.8946094989606663,2013
3881783,"robins, kaplan, miller & ciresi",simpson thacher & bartlett,other,,PlaintiffWin,0.8946094989606663,0.8946094989606663,2013
3881783,"robins, kaplan, miller & ciresi",latham & watkins,other,,PlaintiffWin,0.8946094989606663,0.8946094989606663,2013
3881783,"robins, kaplan, miller & ciresi",arnold & porter,other,,PlaintiffWin,0.8946094989606663,0.8946094989606663,2013
3881783,"robins, kaplan, miller & ciresi",simpson thacher & bartlett,other,,PlaintiffWin,0.8946094989606663,0.8946094989606663,2013
3881783,"robins, kaplan, miller & ciresi",kirkland & ellis,other,,PlaintiffWin,0.8946094989606663,0.8946094989606663,2013
3881783,"robins, kaplan, miller & ciresi",arnold & porter,other,,PlaintiffWin,0.8946094989606663,0.8946094989606663,2013
3881783,"robins, kaplan, miller & ciresi",susman godfrey,other,,PlaintiffWin,0.8946094989606663,0.8946094989606663,2013
3881783,"weil, gotshal & manges",kirkland & ellis,other,,PlaintiffWin,0.8946094989606663,0.8946094989606663,2013
3881783,"weil, gotshal & manges","weil, gotshal & manges",other,,PlaintiffWin,0.8946094989606663,0.8946094989606663,2013
3881783,"weil, gotshal & manges","skadden, arps, slate, meagher & flom",other,,PlaintiffWin,0.8946094989606663,0.8946094989606663,2013
3881783,"weil, gotshal & manges",sullivan & cromwell,other,,PlaintiffWin,0.8946094989606663,0.8946094989606663,2013
3881783,"weil, gotshal & manges",latham & watkins,other,,PlaintiffWin,0.8946094989606663,0.8946094989606663,2013
3881783,"weil, gotshal & manges",simpson thacher & bartlett,other,,PlaintiffWin,0.8946094989606663,0.8946094989606663,2013
3881783,"weil, gotshal & manges",latham & watkins,other,,PlaintiffWin,0.8946094989606663,0.8946094989606663,2013
3881783,"weil, gotshal & manges",arnold & porter,other,,PlaintiffWin,0.8946094989606663,0.8946094989606663,2013
3881783,"weil, gotshal & manges",simpson thacher & bartlett,other,,PlaintiffWin,0.8946094989606663,0.8946094989606663,2013
3881783,"weil, gotshal & manges",kirkland & ellis,other,,PlaintiffWin,0.8946094989606663,0.8946094989606663,2013
3881783,"weil, gotshal & manges",arnold & porter,other,,PlaintiffWin,0.8946094989606663,0.8946094989606663,2013
3881783,"weil, gotshal & manges",susman godfrey,other,,PlaintiffWin,0.8946094989606663,0.8946094989606663,2013
3885123,kaplan fox & kilsheimer,"weil, gotshal & manges",other,,PlaintiffWin,0.988563430838514,0.988563430838514,2013
3889548,united states attorney,arnold & porter,real_property,,PlaintiffWin,0.90536176748979,0.90536176748979,2013
3897633,united states attorney,united states attorney,other,,PlaintiffWin,0.8582016930661355,0.8582016930661355,2013
3897633,united states attorney,"gibson, dunn & crutcher",other,,PlaintiffWin,0.8582016930661355,0.8582016930661355,2013
3897633,united states attorney,mcdermott will & emery,other,,PlaintiffWin,0.8582016930661355,0.8582016930661355,2013
3897633,united states attorney,"boies, schiller & flexner",other,,PlaintiffWin,0.8582016930661355,0.8582016930661355,2013
3897633,united states attorney,sullivan & cromwell,other,,PlaintiffWin,0.8582016930661355,0.8582016930661355,2013
3897633,united states attorney,"gibson, dunn & crutcher",other,,PlaintiffWin,0.8582016930661355,0.8582016930661355,2013
3897633,united states attorney,covington & burling,other,,PlaintiffWin,0.8582016930661355,0.8582016930661355,2013
3897633,united states attorney,simpson thacher & bartlett,other,,PlaintiffWin,0.8582016930661355,0.8582016930661355,2013
3897633,united states attorney,"milbank, tweed, hadley & mccloy",other,,PlaintiffWin,0.8582016930661355,0.8582016930661355,2013
3897633,united states attorney,hughes hubbard & reed,other,,PlaintiffWin,0.8582016930661355,0.8582016930661355,2013
3897633,united states attorney,locke lord bissell & liddell,other,,PlaintiffWin,0.8582016930661355,0.8582016930661355,2013
3897633,united states attorney,paul weiss rifkind wharton & garrison,other,,PlaintiffWin,0.8582016930661355,0.8582016930661355,2013
3897633,united states attorney,cahill gordon & reindel,other,,PlaintiffWin,0.8582016930661355,0.8582016930661355,2013
3897633,united states attorney,covington & burling,other,,PlaintiffWin,0.8582016930661355,0.8582016930661355,2013
3897633,united states attorney,"boies, schiller & flexner",other,,PlaintiffWin,0.8582016930661355,0.8582016930661355,2013
3897633,united states attorney,davis polk & wardwell,other,,PlaintiffWin,0.8582016930661355,0.8582016930661355,2013
3897633,united states attorney,katten muchin rosenman,other,,PlaintiffWin,0.8582016930661355,0.8582016930661355,2013
3897633,united states attorney,sidley austin,other,,PlaintiffWin,0.8582016930661355,0.8582016930661355,2013
3897633,united states attorney,schiff hardin,other,,PlaintiffWin,0.8582016930661355,0.8582016930661355,2013
3897633,united states attorney,sidley austin,other,,PlaintiffWin,0.8582016930661355,0.8582016930661355,2013
3897633,united states attorney,sullivan & cromwell,other,,PlaintiffWin,0.8582016930661355,0.8582016930661355,2013
3897633,freed kanner london & millen,united states attorney,other,,PlaintiffWin,0.8582016930661355,0.8582016930661355,2013
3897633,freed kanner london & millen,"gibson, dunn & crutcher",other,,PlaintiffWin,0.8582016930661355,0.8582016930661355,2013
3897633,freed kanner london & millen,mcdermott will & emery,other,,PlaintiffWin,0.8582016930661355,0.8582016930661355,2013
3897633,freed kanner london & millen,"boies, schiller & flexner",other,,PlaintiffWin,0.8582016930661355,0.8582016930661355,2013
3897633,freed kanner london & millen,sullivan & cromwell,other,,PlaintiffWin,0.8582016930661355,0.8582016930661355,2013
3897633,freed kanner london & millen,"gibson, dunn & crutcher",other,,PlaintiffWin,0.8582016930661355,0.8582016930661355,2013
3897633,freed kanner london & millen,covington & burling,other,,PlaintiffWin,0.8582016930661355,0.8582016930661355,2013
3897633,freed kanner london & millen,simpson thacher & bartlett,other,,PlaintiffWin,0.8582016930661355,0.8582016930661355,2013
3897633,freed kanner london & millen,"milbank, tweed, hadley & mccloy",other,,PlaintiffWin,0.8582016930661355,0.8582016930661355,2013
3897633,freed kanner london & millen,hughes hubbard & reed,other,,PlaintiffWin,0.8582016930661355,0.8582016930661355,2013
3897633,freed kanner london & millen,locke lord bissell & liddell,other,,PlaintiffWin,0.8582016930661355,0.8582016930661355,2013
3897633,freed kanner london & millen,paul weiss rifkind wharton & garrison,other,,PlaintiffWin,0.8582016930661355,0.8582016930661355,2013
3897633,freed kanner london & millen,cahill gordon & reindel,other,,PlaintiffWin,0.8582016930661355,0.8582016930661355,2013
3897633,freed kanner london & millen,covington & burling,other,,PlaintiffWin,0.8582016930661355,0.8582016930661355,2013
3897633,freed kanner london & millen,"boies, schiller & flexner",other,,PlaintiffWin,0.8582016930661355,0.8582016930661355,2013
3897633,freed kanner london & millen,davis polk & wardwell,other,,PlaintiffWin,0.8582016930661355,0.8582016930661355,2013
3897633,freed kanner london & millen,katten muchin rosenman,other,,PlaintiffWin,0.8582016930661355,0.8582016930661355,2013
3897633,freed kanner london & millen,sidley austin,other,,PlaintiffWin,0.8582016930661355,0.8582016930661355,2013
3897633,freed kanner london & millen,schiff hardin,other,,PlaintiffWin,0.8582016930661355,0.8582016930661355,2013
3897633,freed kanner london & millen,sidley austin,other,,PlaintiffWin,0.8582016930661355,0.8582016930661355,2013
3897633,freed kanner london & millen,sullivan & cromwell,other,,PlaintiffWin,0.8582016930661355,0.8582016930661355,2013
3897633,"shepherd, finkelman, miller & shah",united states attorney,other,,PlaintiffWin,0.8582016930661355,0.8582016930661355,2013
3897633,"shepherd, finkelman, miller & shah","gibson, dunn & crutcher",other,,PlaintiffWin,0.8582016930661355,0.8582016930661355,2013
3897633,"shepherd, finkelman, miller & shah",mcdermott will & emery,other,,PlaintiffWin,0.8582016930661355,0.8582016930661355,2013
3897633,"shepherd, finkelman, miller & shah","boies, schiller & flexner",other,,PlaintiffWin,0.8582016930661355,0.8582016930661355,2013
3897633,"shepherd, finkelman, miller & shah",sullivan & cromwell,other,,PlaintiffWin,0.8582016930661355,0.8582016930661355,2013
3897633,"shepherd, finkelman, miller & shah","gibson, dunn & crutcher",other,,PlaintiffWin,0.8582016930661355,0.8582016930661355,2013
3897633,"shepherd, finkelman, miller & shah",covington & burling,other,,PlaintiffWin,0.8582016930661355,0.8582016930661355,2013
3897633,"shepherd, finkelman, miller & shah",simpson thacher & bartlett,other,,PlaintiffWin,0.8582016930661355,0.8582016930661355,2013
3897633,"shepherd, finkelman, miller & shah","milbank, tweed, hadley & mccloy",other,,PlaintiffWin,0.8582016930661355,0.8582016930661355,2013
3897633,"shepherd, finkelman, miller & shah",hughes hubbard & reed,other,,PlaintiffWin,0.8582016930661355,0.8582016930661355,2013
3897633,"shepherd, finkelman, miller & shah",locke lord bissell & liddell,other,,PlaintiffWin,0.8582016930661355,0.8582016930661355,2013
3897633,"shepherd, finkelman, miller & shah",paul weiss rifkind wharton & garrison,other,,PlaintiffWin,0.8582016930661355,0.8582016930661355,2013
3897633,"shepherd, finkelman, miller & shah",cahill gordon & reindel,other,,PlaintiffWin,0.8582016930661355,0.8582016930661355,2013
3897633,"shepherd, finkelman, miller & shah",covington & burling,other,,PlaintiffWin,0.8582016930661355,0.8582016930661355,2013
3897633,"shepherd, finkelman, miller & shah","boies, schiller & flexner",other,,PlaintiffWin,0.8582016930661355,0.8582016930661355,2013
3897633,"shepherd, finkelman, miller & shah",davis polk & wardwell,other,,PlaintiffWin,0.8582016930661355,0.8582016930661355,2013
3897633,"shepherd, finkelman, miller & shah",katten muchin rosenman,other,,PlaintiffWin,0.8582016930661355,0.8582016930661355,2013
3897633,"shepherd, finkelman, miller & shah",sidley austin,other,,PlaintiffWin,0.8582016930661355,0.8582016930661355,2013
3897633,"shepherd, finkelman, miller & shah",schiff hardin,other,,PlaintiffWin,0.8582016930661355,0.8582016930661355,2013
3897633,"shepherd, finkelman, miller & shah",sidley austin,other,,PlaintiffWin,0.8582016930661355,0.8582016930661355,2013
3897633,"shepherd, finkelman, miller & shah",sullivan & cromwell,other,,PlaintiffWin,0.8582016930661355,0.8582016930661355,2013
3897633,"robins, kaplan, miller & ciresi",united states attorney,other,,PlaintiffWin,0.8582016930661355,0.8582016930661355,2013
3897633,"robins, kaplan, miller & ciresi","gibson, dunn & crutcher",other,,PlaintiffWin,0.8582016930661355,0.8582016930661355,2013
3897633,"robins, kaplan, miller & ciresi",mcdermott will & emery,other,,PlaintiffWin,0.8582016930661355,0.8582016930661355,2013
3897633,"robins, kaplan, miller & ciresi","boies, schiller & flexner",other,,PlaintiffWin,0.8582016930661355,0.8582016930661355,2013
3897633,"robins, kaplan, miller & ciresi",sullivan & cromwell,other,,PlaintiffWin,0.8582016930661355,0.8582016930661355,2013
3897633,"robins, kaplan, miller & ciresi","gibson, dunn & crutcher",other,,PlaintiffWin,0.8582016930661355,0.8582016930661355,2013
3897633,"robins, kaplan, miller & ciresi",covington & burling,other,,PlaintiffWin,0.8582016930661355,0.8582016930661355,2013
3897633,"robins, kaplan, miller & ciresi",simpson thacher & bartlett,other,,PlaintiffWin,0.8582016930661355,0.8582016930661355,2013
3897633,"robins, kaplan, miller & ciresi","milbank, tweed, hadley & mccloy",other,,PlaintiffWin,0.8582016930661355,0.8582016930661355,2013
3897633,"robins, kaplan, miller & ciresi",hughes hubbard & reed,other,,PlaintiffWin,0.8582016930661355,0.8582016930661355,2013
3897633,"robins, kaplan, miller & ciresi",locke lord bissell & liddell,other,,PlaintiffWin,0.8582016930661355,0.8582016930661355,2013
3897633,"robins, kaplan, miller & ciresi",paul weiss rifkind wharton & garrison,other,,PlaintiffWin,0.8582016930661355,0.8582016930661355,2013
3897633,"robins, kaplan, miller & ciresi",cahill gordon & reindel,other,,PlaintiffWin,0.8582016930661355,0.8582016930661355,2013
3897633,"robins, kaplan, miller & ciresi",covington & burling,other,,PlaintiffWin,0.8582016930661355,0.8582016930661355,2013
3897633,"robins, kaplan, miller & ciresi","boies, schiller & flexner",other,,PlaintiffWin,0.8582016930661355,0.8582016930661355,2013
3897633,"robins, kaplan, miller & ciresi",davis polk & wardwell,other,,PlaintiffWin,0.8582016930661355,0.8582016930661355,2013
3897633,"robins, kaplan, miller & ciresi",katten muchin rosenman,other,,PlaintiffWin,0.8582016930661355,0.8582016930661355,2013
3897633,"robins, kaplan, miller & ciresi",sidley austin,other,,PlaintiffWin,0.8582016930661355,0.8582016930661355,2013
3897633,"robins, kaplan, miller & ciresi",schiff hardin,other,,PlaintiffWin,0.8582016930661355,0.8582016930661355,2013
3897633,"robins, kaplan, miller & ciresi",sidley austin,other,,PlaintiffWin,0.8582016930661355,0.8582016930661355,2013
3897633,"robins, kaplan, miller & ciresi",sullivan & cromwell,other,,PlaintiffWin,0.8582016930661355,0.8582016930661355,2013
3897633,robbins geller rudman & dowd,united states attorney,other,,PlaintiffWin,0.8582016930661355,0.8582016930661355,2013
3897633,robbins geller rudman & dowd,"gibson, dunn & crutcher",other,,PlaintiffWin,0.8582016930661355,0.8582016930661355,2013
3897633,robbins geller rudman & dowd,mcdermott will & emery,other,,PlaintiffWin,0.8582016930661355,0.8582016930661355,2013
3897633,robbins geller rudman & dowd,"boies, schiller & flexner",other,,PlaintiffWin,0.8582016930661355,0.8582016930661355,2013
3897633,robbins geller rudman & dowd,sullivan & cromwell,other,,PlaintiffWin,0.8582016930661355,0.8582016930661355,2013
3897633,robbins geller rudman & dowd,"gibson, dunn & crutcher",other,,PlaintiffWin,0.8582016930661355,0.8582016930661355,2013
3897633,robbins geller rudman & dowd,covington & burling,other,,PlaintiffWin,0.8582016930661355,0.8582016930661355,2013
3897633,robbins geller rudman & dowd,simpson thacher & bartlett,other,,PlaintiffWin,0.8582016930661355,0.8582016930661355,2013
3897633,robbins geller rudman & dowd,"milbank, tweed, hadley & mccloy",other,,PlaintiffWin,0.8582016930661355,0.8582016930661355,2013
3897633,robbins geller rudman & dowd,hughes hubbard & reed,other,,PlaintiffWin,0.8582016930661355,0.8582016930661355,2013
3897633,robbins geller rudman & dowd,locke lord bissell & liddell,other,,PlaintiffWin,0.8582016930661355,0.8582016930661355,2013
3897633,robbins geller rudman & dowd,paul weiss rifkind wharton & garrison,other,,PlaintiffWin,0.8582016930661355,0.8582016930661355,2013
3897633,robbins geller rudman & dowd,cahill gordon & reindel,other,,PlaintiffWin,0.8582016930661355,0.8582016930661355,2013
3897633,robbins geller rudman & dowd,covington & burling,other,,PlaintiffWin,0.8582016930661355,0.8582016930661355,2013
3897633,robbins geller rudman & dowd,"boies, schiller & flexner",other,,PlaintiffWin,0.8582016930661355,0.8582016930661355,2013
3897633,robbins geller rudman & dowd,davis polk & wardwell,other,,PlaintiffWin,0.8582016930661355,0.8582016930661355,2013
3897633,robbins geller rudman & dowd,katten muchin rosenman,other,,PlaintiffWin,0.8582016930661355,0.8582016930661355,2013
3897633,robbins geller rudman & dowd,sidley austin,other,,PlaintiffWin,0.8582016930661355,0.8582016930661355,2013
3897633,robbins geller rudman & dowd,schiff hardin,other,,PlaintiffWin,0.8582016930661355,0.8582016930661355,2013
3897633,robbins geller rudman & dowd,sidley austin,other,,PlaintiffWin,0.8582016930661355,0.8582016930661355,2013
3897633,robbins geller rudman & dowd,sullivan & cromwell,other,,PlaintiffWin,0.8582016930661355,0.8582016930661355,2013
3897633,berger & montague,united states attorney,other,,PlaintiffWin,0.8582016930661355,0.8582016930661355,2013
3897633,berger & montague,"gibson, dunn & crutcher",other,,PlaintiffWin,0.8582016930661355,0.8582016930661355,2013
3897633,berger & montague,mcdermott will & emery,other,,PlaintiffWin,0.8582016930661355,0.8582016930661355,2013
3897633,berger & montague,"boies, schiller & flexner",other,,PlaintiffWin,0.8582016930661355,0.8582016930661355,2013
3897633,berger & montague,sullivan & cromwell,other,,PlaintiffWin,0.8582016930661355,0.8582016930661355,2013
3897633,berger & montague,"gibson, dunn & crutcher",other,,PlaintiffWin,0.8582016930661355,0.8582016930661355,2013
3897633,berger & montague,covington & burling,other,,PlaintiffWin,0.8582016930661355,0.8582016930661355,2013
3897633,berger & montague,simpson thacher & bartlett,other,,PlaintiffWin,0.8582016930661355,0.8582016930661355,2013
3897633,berger & montague,"milbank, tweed, hadley & mccloy",other,,PlaintiffWin,0.8582016930661355,0.8582016930661355,2013
3897633,berger & montague,hughes hubbard & reed,other,,PlaintiffWin,0.8582016930661355,0.8582016930661355,2013
3897633,berger & montague,locke lord bissell & liddell,other,,PlaintiffWin,0.8582016930661355,0.8582016930661355,2013
3897633,berger & montague,paul weiss rifkind wharton & garrison,other,,PlaintiffWin,0.8582016930661355,0.8582016930661355,2013
3897633,berger & montague,cahill gordon & reindel,other,,PlaintiffWin,0.8582016930661355,0.8582016930661355,2013
3897633,berger & montague,covington & burling,other,,PlaintiffWin,0.8582016930661355,0.8582016930661355,2013
3897633,berger & montague,"boies, schiller & flexner",other,,PlaintiffWin,0.8582016930661355,0.8582016930661355,2013
3897633,berger & montague,davis polk & wardwell,other,,PlaintiffWin,0.8582016930661355,0.8582016930661355,2013
3897633,berger & montague,katten muchin rosenman,other,,PlaintiffWin,0.8582016930661355,0.8582016930661355,2013
3897633,berger & montague,sidley austin,other,,PlaintiffWin,0.8582016930661355,0.8582016930661355,2013
3897633,berger & montague,schiff hardin,other,,PlaintiffWin,0.8582016930661355,0.8582016930661355,2013
3897633,berger & montague,sidley austin,other,,PlaintiffWin,0.8582016930661355,0.8582016930661355,2013
3897633,berger & montague,sullivan & cromwell,other,,PlaintiffWin,0.8582016930661355,0.8582016930661355,2013
3897633,kaplan fox & kilsheimer,united states attorney,other,,PlaintiffWin,0.8582016930661355,0.8582016930661355,2013
3897633,kaplan fox & kilsheimer,"gibson, dunn & crutcher",other,,PlaintiffWin,0.8582016930661355,0.8582016930661355,2013
3897633,kaplan fox & kilsheimer,mcdermott will & emery,other,,PlaintiffWin,0.8582016930661355,0.8582016930661355,2013
3897633,kaplan fox & kilsheimer,"boies, schiller & flexner",other,,PlaintiffWin,0.8582016930661355,0.8582016930661355,2013
3897633,kaplan fox & kilsheimer,sullivan & cromwell,other,,PlaintiffWin,0.8582016930661355,0.8582016930661355,2013
3897633,kaplan fox & kilsheimer,"gibson, dunn & crutcher",other,,PlaintiffWin,0.8582016930661355,0.8582016930661355,2013
3897633,kaplan fox & kilsheimer,covington & burling,other,,PlaintiffWin,0.8582016930661355,0.8582016930661355,2013
3897633,kaplan fox & kilsheimer,simpson thacher & bartlett,other,,PlaintiffWin,0.8582016930661355,0.8582016930661355,2013
3897633,kaplan fox & kilsheimer,"milbank, tweed, hadley & mccloy",other,,PlaintiffWin,0.8582016930661355,0.8582016930661355,2013
3897633,kaplan fox & kilsheimer,hughes hubbard & reed,other,,PlaintiffWin,0.8582016930661355,0.8582016930661355,2013
3897633,kaplan fox & kilsheimer,locke lord bissell & liddell,other,,PlaintiffWin,0.8582016930661355,0.8582016930661355,2013
3897633,kaplan fox & kilsheimer,paul weiss rifkind wharton & garrison,other,,PlaintiffWin,0.8582016930661355,0.8582016930661355,2013
3897633,kaplan fox & kilsheimer,cahill gordon & reindel,other,,PlaintiffWin,0.8582016930661355,0.8582016930661355,2013
3897633,kaplan fox & kilsheimer,covington & burling,other,,PlaintiffWin,0.8582016930661355,0.8582016930661355,2013
3897633,kaplan fox & kilsheimer,"boies, schiller & flexner",other,,PlaintiffWin,0.8582016930661355,0.8582016930661355,2013
3897633,kaplan fox & kilsheimer,davis polk & wardwell,other,,PlaintiffWin,0.8582016930661355,0.8582016930661355,2013
3897633,kaplan fox & kilsheimer,katten muchin rosenman,other,,PlaintiffWin,0.8582016930661355,0.8582016930661355,2013
3897633,kaplan fox & kilsheimer,sidley austin,other,,PlaintiffWin,0.8582016930661355,0.8582016930661355,2013
3897633,kaplan fox & kilsheimer,schiff hardin,other,,PlaintiffWin,0.8582016930661355,0.8582016930661355,2013
3897633,kaplan fox & kilsheimer,sidley austin,other,,PlaintiffWin,0.8582016930661355,0.8582016930661355,2013
3897633,kaplan fox & kilsheimer,sullivan & cromwell,other,,PlaintiffWin,0.8582016930661355,0.8582016930661355,2013
3897633,glancy binkow & goldberg,united states attorney,other,,PlaintiffWin,0.8582016930661355,0.8582016930661355,2013
3897633,glancy binkow & goldberg,"gibson, dunn & crutcher",other,,PlaintiffWin,0.8582016930661355,0.8582016930661355,2013
3897633,glancy binkow & goldberg,mcdermott will & emery,other,,PlaintiffWin,0.8582016930661355,0.8582016930661355,2013
3897633,glancy binkow & goldberg,"boies, schiller & flexner",other,,PlaintiffWin,0.8582016930661355,0.8582016930661355,2013
3897633,glancy binkow & goldberg,sullivan & cromwell,other,,PlaintiffWin,0.8582016930661355,0.8582016930661355,2013
3897633,glancy binkow & goldberg,"gibson, dunn & crutcher",other,,PlaintiffWin,0.8582016930661355,0.8582016930661355,2013
3897633,glancy binkow & goldberg,covington & burling,other,,PlaintiffWin,0.8582016930661355,0.8582016930661355,2013
3897633,glancy binkow & goldberg,simpson thacher & bartlett,other,,PlaintiffWin,0.8582016930661355,0.8582016930661355,2013
3897633,glancy binkow & goldberg,"milbank, tweed, hadley & mccloy",other,,PlaintiffWin,0.8582016930661355,0.8582016930661355,2013
3897633,glancy binkow & goldberg,hughes hubbard & reed,other,,PlaintiffWin,0.8582016930661355,0.8582016930661355,2013
3897633,glancy binkow & goldberg,locke lord bissell & liddell,other,,PlaintiffWin,0.8582016930661355,0.8582016930661355,2013
3897633,glancy binkow & goldberg,paul weiss rifkind wharton & garrison,other,,PlaintiffWin,0.8582016930661355,0.8582016930661355,2013
3897633,glancy binkow & goldberg,cahill gordon & reindel,other,,PlaintiffWin,0.8582016930661355,0.8582016930661355,2013
3897633,glancy binkow & goldberg,covington & burling,other,,PlaintiffWin,0.8582016930661355,0.8582016930661355,2013
3897633,glancy binkow & goldberg,"boies, schiller & flexner",other,,PlaintiffWin,0.8582016930661355,0.8582016930661355,2013
3897633,glancy binkow & goldberg,davis polk & wardwell,other,,PlaintiffWin,0.8582016930661355,0.8582016930661355,2013
3897633,glancy binkow & goldberg,katten muchin rosenman,other,,PlaintiffWin,0.8582016930661355,0.8582016930661355,2013
3897633,glancy binkow & goldberg,sidley austin,other,,PlaintiffWin,0.8582016930661355,0.8582016930661355,2013
3897633,glancy binkow & goldberg,schiff hardin,other,,PlaintiffWin,0.8582016930661355,0.8582016930661355,2013
3897633,glancy binkow & goldberg,sidley austin,other,,PlaintiffWin,0.8582016930661355,0.8582016930661355,2013
3897633,glancy binkow & goldberg,sullivan & cromwell,other,,PlaintiffWin,0.8582016930661355,0.8582016930661355,2013
3897633,"robins, kaplan, miller & ciresi",united states attorney,other,,PlaintiffWin,0.8582016930661355,0.8582016930661355,2013
3897633,"robins, kaplan, miller & ciresi","gibson, dunn & crutcher",other,,PlaintiffWin,0.8582016930661355,0.8582016930661355,2013
3897633,"robins, kaplan, miller & ciresi",mcdermott will & emery,other,,PlaintiffWin,0.8582016930661355,0.8582016930661355,2013
3897633,"robins, kaplan, miller & ciresi","boies, schiller & flexner",other,,PlaintiffWin,0.8582016930661355,0.8582016930661355,2013
3897633,"robins, kaplan, miller & ciresi",sullivan & cromwell,other,,PlaintiffWin,0.8582016930661355,0.8582016930661355,2013
3897633,"robins, kaplan, miller & ciresi","gibson, dunn & crutcher",other,,PlaintiffWin,0.8582016930661355,0.8582016930661355,2013
3897633,"robins, kaplan, miller & ciresi",covington & burling,other,,PlaintiffWin,0.8582016930661355,0.8582016930661355,2013
3897633,"robins, kaplan, miller & ciresi",simpson thacher & bartlett,other,,PlaintiffWin,0.8582016930661355,0.8582016930661355,2013
3897633,"robins, kaplan, miller & ciresi","milbank, tweed, hadley & mccloy",other,,PlaintiffWin,0.8582016930661355,0.8582016930661355,2013
3897633,"robins, kaplan, miller & ciresi",hughes hubbard & reed,other,,PlaintiffWin,0.8582016930661355,0.8582016930661355,2013
3897633,"robins, kaplan, miller & ciresi",locke lord bissell & liddell,other,,PlaintiffWin,0.8582016930661355,0.8582016930661355,2013
3897633,"robins, kaplan, miller & ciresi",paul weiss rifkind wharton & garrison,other,,PlaintiffWin,0.8582016930661355,0.8582016930661355,2013
3897633,"robins, kaplan, miller & ciresi",cahill gordon & reindel,other,,PlaintiffWin,0.8582016930661355,0.8582016930661355,2013
3897633,"robins, kaplan, miller & ciresi",covington & burling,other,,PlaintiffWin,0.8582016930661355,0.8582016930661355,2013
3897633,"robins, kaplan, miller & ciresi","boies, schiller & flexner",other,,PlaintiffWin,0.8582016930661355,0.8582016930661355,2013
3897633,"robins, kaplan, miller & ciresi",davis polk & wardwell,other,,PlaintiffWin,0.8582016930661355,0.8582016930661355,2013
3897633,"robins, kaplan, miller & ciresi",katten muchin rosenman,other,,PlaintiffWin,0.8582016930661355,0.8582016930661355,2013
3897633,"robins, kaplan, miller & ciresi",sidley austin,other,,PlaintiffWin,0.8582016930661355,0.8582016930661355,2013
3897633,"robins, kaplan, miller & ciresi",schiff hardin,other,,PlaintiffWin,0.8582016930661355,0.8582016930661355,2013
3897633,"robins, kaplan, miller & ciresi",sidley austin,other,,PlaintiffWin,0.8582016930661355,0.8582016930661355,2013
3897633,"robins, kaplan, miller & ciresi",sullivan & cromwell,other,,PlaintiffWin,0.8582016930661355,0.8582016930661355,2013
3897633,lieff cabraser heimann & bernstein,united states attorney,other,,PlaintiffWin,0.8582016930661355,0.8582016930661355,2013
3897633,lieff cabraser heimann & bernstein,"gibson, dunn & crutcher",other,,PlaintiffWin,0.8582016930661355,0.8582016930661355,2013
3897633,lieff cabraser heimann & bernstein,mcdermott will & emery,other,,PlaintiffWin,0.8582016930661355,0.8582016930661355,2013
3897633,lieff cabraser heimann & bernstein,"boies, schiller & flexner",other,,PlaintiffWin,0.8582016930661355,0.8582016930661355,2013
3897633,lieff cabraser heimann & bernstein,sullivan & cromwell,other,,PlaintiffWin,0.8582016930661355,0.8582016930661355,2013
3897633,lieff cabraser heimann & bernstein,"gibson, dunn & crutcher",other,,PlaintiffWin,0.8582016930661355,0.8582016930661355,2013
3897633,lieff cabraser heimann & bernstein,covington & burling,other,,PlaintiffWin,0.8582016930661355,0.8582016930661355,2013
3897633,lieff cabraser heimann & bernstein,simpson thacher & bartlett,other,,PlaintiffWin,0.8582016930661355,0.8582016930661355,2013
3897633,lieff cabraser heimann & bernstein,"milbank, tweed, hadley & mccloy",other,,PlaintiffWin,0.8582016930661355,0.8582016930661355,2013
3897633,lieff cabraser heimann & bernstein,hughes hubbard & reed,other,,PlaintiffWin,0.8582016930661355,0.8582016930661355,2013
3897633,lieff cabraser heimann & bernstein,locke lord bissell & liddell,other,,PlaintiffWin,0.8582016930661355,0.8582016930661355,2013
3897633,lieff cabraser heimann & bernstein,paul weiss rifkind wharton & garrison,other,,PlaintiffWin,0.8582016930661355,0.8582016930661355,2013
3897633,lieff cabraser heimann & bernstein,cahill gordon & reindel,other,,PlaintiffWin,0.8582016930661355,0.8582016930661355,2013
3897633,lieff cabraser heimann & bernstein,covington & burling,other,,PlaintiffWin,0.8582016930661355,0.8582016930661355,2013
3897633,lieff cabraser heimann & bernstein,"boies, schiller & flexner",other,,PlaintiffWin,0.8582016930661355,0.8582016930661355,2013
3897633,lieff cabraser heimann & bernstein,davis polk & wardwell,other,,PlaintiffWin,0.8582016930661355,0.8582016930661355,2013
3897633,lieff cabraser heimann & bernstein,katten muchin rosenman,other,,PlaintiffWin,0.8582016930661355,0.8582016930661355,2013
3897633,lieff cabraser heimann & bernstein,sidley austin,other,,PlaintiffWin,0.8582016930661355,0.8582016930661355,2013
3897633,lieff cabraser heimann & bernstein,schiff hardin,other,,PlaintiffWin,0.8582016930661355,0.8582016930661355,2013
3897633,lieff cabraser heimann & bernstein,sidley austin,other,,PlaintiffWin,0.8582016930661355,0.8582016930661355,2013
3897633,lieff cabraser heimann & bernstein,sullivan & cromwell,other,,PlaintiffWin,0.8582016930661355,0.8582016930661355,2013
3897633,grant & eisenhofer,united states attorney,other,,PlaintiffWin,0.8582016930661355,0.8582016930661355,2013
3897633,grant & eisenhofer,"gibson, dunn & crutcher",other,,PlaintiffWin,0.8582016930661355,0.8582016930661355,2013
3897633,grant & eisenhofer,mcdermott will & emery,other,,PlaintiffWin,0.8582016930661355,0.8582016930661355,2013
3897633,grant & eisenhofer,"boies, schiller & flexner",other,,PlaintiffWin,0.8582016930661355,0.8582016930661355,2013
3897633,grant & eisenhofer,sullivan & cromwell,other,,PlaintiffWin,0.8582016930661355,0.8582016930661355,2013
3897633,grant & eisenhofer,"gibson, dunn & crutcher",other,,PlaintiffWin,0.8582016930661355,0.8582016930661355,2013
3897633,grant & eisenhofer,covington & burling,other,,PlaintiffWin,0.8582016930661355,0.8582016930661355,2013
3897633,grant & eisenhofer,simpson thacher & bartlett,other,,PlaintiffWin,0.8582016930661355,0.8582016930661355,2013
3897633,grant & eisenhofer,"milbank, tweed, hadley & mccloy",other,,PlaintiffWin,0.8582016930661355,0.8582016930661355,2013
3897633,grant & eisenhofer,hughes hubbard & reed,other,,PlaintiffWin,0.8582016930661355,0.8582016930661355,2013
3897633,grant & eisenhofer,locke lord bissell & liddell,other,,PlaintiffWin,0.8582016930661355,0.8582016930661355,2013
3897633,grant & eisenhofer,paul weiss rifkind wharton & garrison,other,,PlaintiffWin,0.8582016930661355,0.8582016930661355,2013
3897633,grant & eisenhofer,cahill gordon & reindel,other,,PlaintiffWin,0.8582016930661355,0.8582016930661355,2013
3897633,grant & eisenhofer,covington & burling,other,,PlaintiffWin,0.8582016930661355,0.8582016930661355,2013
3897633,grant & eisenhofer,"boies, schiller & flexner",other,,PlaintiffWin,0.8582016930661355,0.8582016930661355,2013
3897633,grant & eisenhofer,davis polk & wardwell,other,,PlaintiffWin,0.8582016930661355,0.8582016930661355,2013
3897633,grant & eisenhofer,katten muchin rosenman,other,,PlaintiffWin,0.8582016930661355,0.8582016930661355,2013
3897633,grant & eisenhofer,sidley austin,other,,PlaintiffWin,0.8582016930661355,0.8582016930661355,2013
3897633,grant & eisenhofer,schiff hardin,other,,PlaintiffWin,0.8582016930661355,0.8582016930661355,2013
3897633,grant & eisenhofer,sidley austin,other,,PlaintiffWin,0.8582016930661355,0.8582016930661355,2013
3897633,grant & eisenhofer,sullivan & cromwell,other,,PlaintiffWin,0.8582016930661355,0.8582016930661355,2013
3897633,susman godfrey,united states attorney,other,,PlaintiffWin,0.8582016930661355,0.8582016930661355,2013
3897633,susman godfrey,"gibson, dunn & crutcher",other,,PlaintiffWin,0.8582016930661355,0.8582016930661355,2013
3897633,susman godfrey,mcdermott will & emery,other,,PlaintiffWin,0.8582016930661355,0.8582016930661355,2013
3897633,susman godfrey,"boies, schiller & flexner",other,,PlaintiffWin,0.8582016930661355,0.8582016930661355,2013
3897633,susman godfrey,sullivan & cromwell,other,,PlaintiffWin,0.8582016930661355,0.8582016930661355,2013
3897633,susman godfrey,"gibson, dunn & crutcher",other,,PlaintiffWin,0.8582016930661355,0.8582016930661355,2013
3897633,susman godfrey,covington & burling,other,,PlaintiffWin,0.8582016930661355,0.8582016930661355,2013
3897633,susman godfrey,simpson thacher & bartlett,other,,PlaintiffWin,0.8582016930661355,0.8582016930661355,2013
3897633,susman godfrey,"milbank, tweed, hadley & mccloy",other,,PlaintiffWin,0.8582016930661355,0.8582016930661355,2013
3897633,susman godfrey,hughes hubbard & reed,other,,PlaintiffWin,0.8582016930661355,0.8582016930661355,2013
3897633,susman godfrey,locke lord bissell & liddell,other,,PlaintiffWin,0.8582016930661355,0.8582016930661355,2013
3897633,susman godfrey,paul weiss rifkind wharton & garrison,other,,PlaintiffWin,0.8582016930661355,0.8582016930661355,2013
3897633,susman godfrey,cahill gordon & reindel,other,,PlaintiffWin,0.8582016930661355,0.8582016930661355,2013
3897633,susman godfrey,covington & burling,other,,PlaintiffWin,0.8582016930661355,0.8582016930661355,2013
3897633,susman godfrey,"boies, schiller & flexner",other,,PlaintiffWin,0.8582016930661355,0.8582016930661355,2013
3897633,susman godfrey,davis polk & wardwell,other,,PlaintiffWin,0.8582016930661355,0.8582016930661355,2013
3897633,susman godfrey,katten muchin rosenman,other,,PlaintiffWin,0.8582016930661355,0.8582016930661355,2013
3897633,susman godfrey,sidley austin,other,,PlaintiffWin,0.8582016930661355,0.8582016930661355,2013
3897633,susman godfrey,schiff hardin,other,,PlaintiffWin,0.8582016930661355,0.8582016930661355,2013
3897633,susman godfrey,sidley austin,other,,PlaintiffWin,0.8582016930661355,0.8582016930661355,2013
3897633,susman godfrey,sullivan & cromwell,other,,PlaintiffWin,0.8582016930661355,0.8582016930661355,2013
3897633,cotchett pitre & mccarthy,united states attorney,other,,PlaintiffWin,0.8582016930661355,0.8582016930661355,2013
3897633,cotchett pitre & mccarthy,"gibson, dunn & crutcher",other,,PlaintiffWin,0.8582016930661355,0.8582016930661355,2013
3897633,cotchett pitre & mccarthy,mcdermott will & emery,other,,PlaintiffWin,0.8582016930661355,0.8582016930661355,2013
3897633,cotchett pitre & mccarthy,"boies, schiller & flexner",other,,PlaintiffWin,0.8582016930661355,0.8582016930661355,2013
3897633,cotchett pitre & mccarthy,sullivan & cromwell,other,,PlaintiffWin,0.8582016930661355,0.8582016930661355,2013
3897633,cotchett pitre & mccarthy,"gibson, dunn & crutcher",other,,PlaintiffWin,0.8582016930661355,0.8582016930661355,2013
3897633,cotchett pitre & mccarthy,covington & burling,other,,PlaintiffWin,0.8582016930661355,0.8582016930661355,2013
3897633,cotchett pitre & mccarthy,simpson thacher & bartlett,other,,PlaintiffWin,0.8582016930661355,0.8582016930661355,2013
3897633,cotchett pitre & mccarthy,"milbank, tweed, hadley & mccloy",other,,PlaintiffWin,0.8582016930661355,0.8582016930661355,2013
3897633,cotchett pitre & mccarthy,hughes hubbard & reed,other,,PlaintiffWin,0.8582016930661355,0.8582016930661355,2013
3897633,cotchett pitre & mccarthy,locke lord bissell & liddell,other,,PlaintiffWin,0.8582016930661355,0.8582016930661355,2013
3897633,cotchett pitre & mccarthy,paul weiss rifkind wharton & garrison,other,,PlaintiffWin,0.8582016930661355,0.8582016930661355,2013
3897633,cotchett pitre & mccarthy,cahill gordon & reindel,other,,PlaintiffWin,0.8582016930661355,0.8582016930661355,2013
3897633,cotchett pitre & mccarthy,covington & burling,other,,PlaintiffWin,0.8582016930661355,0.8582016930661355,2013
3897633,cotchett pitre & mccarthy,"boies, schiller & flexner",other,,PlaintiffWin,0.8582016930661355,0.8582016930661355,2013
3897633,cotchett pitre & mccarthy,davis polk & wardwell,other,,PlaintiffWin,0.8582016930661355,0.8582016930661355,2013
3897633,cotchett pitre & mccarthy,katten muchin rosenman,other,,PlaintiffWin,0.8582016930661355,0.8582016930661355,2013
3897633,cotchett pitre & mccarthy,sidley austin,other,,PlaintiffWin,0.8582016930661355,0.8582016930661355,2013
3897633,cotchett pitre & mccarthy,schiff hardin,other,,PlaintiffWin,0.8582016930661355,0.8582016930661355,2013
3897633,cotchett pitre & mccarthy,sidley austin,other,,PlaintiffWin,0.8582016930661355,0.8582016930661355,2013
3897633,cotchett pitre & mccarthy,sullivan & cromwell,other,,PlaintiffWin,0.8582016930661355,0.8582016930661355,2013
3897633,cotchett pitre & mccarthy,united states attorney,other,,PlaintiffWin,0.8582016930661355,0.8582016930661355,2013
3897633,cotchett pitre & mccarthy,"gibson, dunn & crutcher",other,,PlaintiffWin,0.8582016930661355,0.8582016930661355,2013
3897633,cotchett pitre & mccarthy,mcdermott will & emery,other,,PlaintiffWin,0.8582016930661355,0.8582016930661355,2013
3897633,cotchett pitre & mccarthy,"boies, schiller & flexner",other,,PlaintiffWin,0.8582016930661355,0.8582016930661355,2013
3897633,cotchett pitre & mccarthy,sullivan & cromwell,other,,PlaintiffWin,0.8582016930661355,0.8582016930661355,2013
3897633,cotchett pitre & mccarthy,"gibson, dunn & crutcher",other,,PlaintiffWin,0.8582016930661355,0.8582016930661355,2013
3897633,cotchett pitre & mccarthy,covington & burling,other,,PlaintiffWin,0.8582016930661355,0.8582016930661355,2013
3897633,cotchett pitre & mccarthy,simpson thacher & bartlett,other,,PlaintiffWin,0.8582016930661355,0.8582016930661355,2013
3897633,cotchett pitre & mccarthy,"milbank, tweed, hadley & mccloy",other,,PlaintiffWin,0.8582016930661355,0.8582016930661355,2013
3897633,cotchett pitre & mccarthy,hughes hubbard & reed,other,,PlaintiffWin,0.8582016930661355,0.8582016930661355,2013
3897633,cotchett pitre & mccarthy,locke lord bissell & liddell,other,,PlaintiffWin,0.8582016930661355,0.8582016930661355,2013
3897633,cotchett pitre & mccarthy,paul weiss rifkind wharton & garrison,other,,PlaintiffWin,0.8582016930661355,0.8582016930661355,2013
3897633,cotchett pitre & mccarthy,cahill gordon & reindel,other,,PlaintiffWin,0.8582016930661355,0.8582016930661355,2013
3897633,cotchett pitre & mccarthy,covington & burling,other,,PlaintiffWin,0.8582016930661355,0.8582016930661355,2013
3897633,cotchett pitre & mccarthy,"boies, schiller & flexner",other,,PlaintiffWin,0.8582016930661355,0.8582016930661355,2013
3897633,cotchett pitre & mccarthy,davis polk & wardwell,other,,PlaintiffWin,0.8582016930661355,0.8582016930661355,2013
3897633,cotchett pitre & mccarthy,katten muchin rosenman,other,,PlaintiffWin,0.8582016930661355,0.8582016930661355,2013
3897633,cotchett pitre & mccarthy,sidley austin,other,,PlaintiffWin,0.8582016930661355,0.8582016930661355,2013
3897633,cotchett pitre & mccarthy,schiff hardin,other,,PlaintiffWin,0.8582016930661355,0.8582016930661355,2013
3897633,cotchett pitre & mccarthy,sidley austin,other,,PlaintiffWin,0.8582016930661355,0.8582016930661355,2013
3897633,cotchett pitre & mccarthy,sullivan & cromwell,other,,PlaintiffWin,0.8582016930661355,0.8582016930661355,2013
3897633,hausfeld,united states attorney,other,,PlaintiffWin,0.8582016930661355,0.8582016930661355,2013
3897633,hausfeld,"gibson, dunn & crutcher",other,,PlaintiffWin,0.8582016930661355,0.8582016930661355,2013
3897633,hausfeld,mcdermott will & emery,other,,PlaintiffWin,0.8582016930661355,0.8582016930661355,2013
3897633,hausfeld,"boies, schiller & flexner",other,,PlaintiffWin,0.8582016930661355,0.8582016930661355,2013
3897633,hausfeld,sullivan & cromwell,other,,PlaintiffWin,0.8582016930661355,0.8582016930661355,2013
3897633,hausfeld,"gibson, dunn & crutcher",other,,PlaintiffWin,0.8582016930661355,0.8582016930661355,2013
3897633,hausfeld,covington & burling,other,,PlaintiffWin,0.8582016930661355,0.8582016930661355,2013
3897633,hausfeld,simpson thacher & bartlett,other,,PlaintiffWin,0.8582016930661355,0.8582016930661355,2013
3897633,hausfeld,"milbank, tweed, hadley & mccloy",other,,PlaintiffWin,0.8582016930661355,0.8582016930661355,2013
3897633,hausfeld,hughes hubbard & reed,other,,PlaintiffWin,0.8582016930661355,0.8582016930661355,2013
3897633,hausfeld,locke lord bissell & liddell,other,,PlaintiffWin,0.8582016930661355,0.8582016930661355,2013
3897633,hausfeld,paul weiss rifkind wharton & garrison,other,,PlaintiffWin,0.8582016930661355,0.8582016930661355,2013
3897633,hausfeld,cahill gordon & reindel,other,,PlaintiffWin,0.8582016930661355,0.8582016930661355,2013
3897633,hausfeld,covington & burling,other,,PlaintiffWin,0.8582016930661355,0.8582016930661355,2013
3897633,hausfeld,"boies, schiller & flexner",other,,PlaintiffWin,0.8582016930661355,0.8582016930661355,2013
3897633,hausfeld,davis polk & wardwell,other,,PlaintiffWin,0.8582016930661355,0.8582016930661355,2013
3897633,hausfeld,katten muchin rosenman,other,,PlaintiffWin,0.8582016930661355,0.8582016930661355,2013
3897633,hausfeld,sidley austin,other,,PlaintiffWin,0.8582016930661355,0.8582016930661355,2013
3897633,hausfeld,schiff hardin,other,,PlaintiffWin,0.8582016930661355,0.8582016930661355,2013
3897633,hausfeld,sidley austin,other,,PlaintiffWin,0.8582016930661355,0.8582016930661355,2013
3897633,hausfeld,sullivan & cromwell,other,,PlaintiffWin,0.8582016930661355,0.8582016930661355,2013
3897633,hagens berman sobol shapiro,united states attorney,other,,PlaintiffWin,0.8582016930661355,0.8582016930661355,2013
3897633,hagens berman sobol shapiro,"gibson, dunn & crutcher",other,,PlaintiffWin,0.8582016930661355,0.8582016930661355,2013
3897633,hagens berman sobol shapiro,mcdermott will & emery,other,,PlaintiffWin,0.8582016930661355,0.8582016930661355,2013
3897633,hagens berman sobol shapiro,"boies, schiller & flexner",other,,PlaintiffWin,0.8582016930661355,0.8582016930661355,2013
3897633,hagens berman sobol shapiro,sullivan & cromwell,other,,PlaintiffWin,0.8582016930661355,0.8582016930661355,2013
3897633,hagens berman sobol shapiro,"gibson, dunn & crutcher",other,,PlaintiffWin,0.8582016930661355,0.8582016930661355,2013
3897633,hagens berman sobol shapiro,covington & burling,other,,PlaintiffWin,0.8582016930661355,0.8582016930661355,2013
3897633,hagens berman sobol shapiro,simpson thacher & bartlett,other,,PlaintiffWin,0.8582016930661355,0.8582016930661355,2013
3897633,hagens berman sobol shapiro,"milbank, tweed, hadley & mccloy",other,,PlaintiffWin,0.8582016930661355,0.8582016930661355,2013
3897633,hagens berman sobol shapiro,hughes hubbard & reed,other,,PlaintiffWin,0.8582016930661355,0.8582016930661355,2013
3897633,hagens berman sobol shapiro,locke lord bissell & liddell,other,,PlaintiffWin,0.8582016930661355,0.8582016930661355,2013
3897633,hagens berman sobol shapiro,paul weiss rifkind wharton & garrison,other,,PlaintiffWin,0.8582016930661355,0.8582016930661355,2013
3897633,hagens berman sobol shapiro,cahill gordon & reindel,other,,PlaintiffWin,0.8582016930661355,0.8582016930661355,2013
3897633,hagens berman sobol shapiro,covington & burling,other,,PlaintiffWin,0.8582016930661355,0.8582016930661355,2013
3897633,hagens berman sobol shapiro,"boies, schiller & flexner",other,,PlaintiffWin,0.8582016930661355,0.8582016930661355,2013
3897633,hagens berman sobol shapiro,davis polk & wardwell,other,,PlaintiffWin,0.8582016930661355,0.8582016930661355,2013
3897633,hagens berman sobol shapiro,katten muchin rosenman,other,,PlaintiffWin,0.8582016930661355,0.8582016930661355,2013
3897633,hagens berman sobol shapiro,sidley austin,other,,PlaintiffWin,0.8582016930661355,0.8582016930661355,2013
3897633,hagens berman sobol shapiro,schiff hardin,other,,PlaintiffWin,0.8582016930661355,0.8582016930661355,2013
3897633,hagens berman sobol shapiro,sidley austin,other,,PlaintiffWin,0.8582016930661355,0.8582016930661355,2013
3897633,hagens berman sobol shapiro,sullivan & cromwell,other,,PlaintiffWin,0.8582016930661355,0.8582016930661355,2013
3908150,grant & eisenhofer,sullivan & cromwell,other,,PlaintiffWin,0.8328461342809778,0.8328461342809778,2013
3908150,grant & eisenhofer,"gibson, dunn & crutcher",other,,PlaintiffWin,0.8328461342809778,0.8328461342809778,2013
3908150,grant & eisenhofer,morrison & foerster,other,,PlaintiffWin,0.8328461342809778,0.8328461342809778,2013
3908150,grant & eisenhofer,morrison & foerster,other,,PlaintiffWin,0.8328461342809778,0.8328461342809778,2013
3908150,grant & eisenhofer,sullivan & cromwell,other,,PlaintiffWin,0.8328461342809778,0.8328461342809778,2013
3908150,grant & eisenhofer,greenberg traurig,other,,PlaintiffWin,0.8328461342809778,0.8328461342809778,2013
3908150,grant & eisenhofer,hughes hubbard & reed,other,,PlaintiffWin,0.8328461342809778,0.8328461342809778,2013
3916131,robbins geller rudman & dowd,davis polk & wardwell,other,,PlaintiffWin,0.704964534892599,0.704964534892599,2013
3916131,robbins geller rudman & dowd,"skadden, arps, slate, meagher & flom",other,,PlaintiffWin,0.704964534892599,0.704964534892599,2013
3916131,robbins geller rudman & dowd,wilmer cutler pickering hale & dor,other,,PlaintiffWin,0.704964534892599,0.704964534892599,2013
3916131,robbins geller rudman & dowd,wilmer cutler pickering hale & dor,other,,PlaintiffWin,0.704964534892599,0.704964534892599,2013
3928563,"boies, schiller & flexner",kirkland & ellis,contract,,PlaintiffWin,0.7064166478934136,0.7064166478934136,2013
3928563,"boies, schiller & flexner",hughes hubbard & reed,contract,,PlaintiffWin,0.7064166478934136,0.7064166478934136,2013
3928563,"boies, schiller & flexner",simpson thacher & bartlett,contract,,PlaintiffWin,0.7064166478934136,0.7064166478934136,2013
3928563,"boies, schiller & flexner",greenberg traurig,contract,,PlaintiffWin,0.7064166478934136,0.7064166478934136,2013
3928563,"boies, schiller & flexner",kirkland & ellis,contract,,PlaintiffWin,0.7064166478934136,0.7064166478934136,2013
3928563,"boies, schiller & flexner",hughes hubbard & reed,contract,,PlaintiffWin,0.7064166478934136,0.7064166478934136,2013
3928563,"boies, schiller & flexner",simpson thacher & bartlett,contract,,PlaintiffWin,0.7064166478934136,0.7064166478934136,2013
3928563,"boies, schiller & flexner",greenberg traurig,contract,,PlaintiffWin,0.7064166478934136,0.7064166478934136,2013
3939721,goodwin procter,attorney general,civil_rights,,PlaintiffWin,0.5975978000263824,0.5975978000263824,2013
3940173,hagens berman sobol shapiro,covington & burling,other,,PlaintiffWin,0.8530597248699808,0.8530597248699808,2013
3940173,hagens berman sobol shapiro,"weil, gotshal & manges",other,,PlaintiffWin,0.8530597248699808,0.8530597248699808,2013
3940173,hagens berman sobol shapiro,covington & burling,other,,PlaintiffWin,0.8530597248699808,0.8530597248699808,2013
3940173,hagens berman sobol shapiro,latham & watkins,other,,PlaintiffWin,0.8530597248699808,0.8530597248699808,2013
3946925,susman godfrey,arnold & porter,other,,PlaintiffWin,0.9354643355755587,0.9354643355755587,2013
3946925,susman godfrey,foley & lardner,other,,PlaintiffWin,0.9354643355755587,0.9354643355755587,2013
3948261,robbins geller rudman & dowd,susman godfrey,other,,PlaintiffWin,0.9798286475766932,0.9798286475766932,2013
3948261,glancy binkow & goldberg,susman godfrey,other,,PlaintiffWin,0.9798286475766932,0.9798286475766932,2013
3971806,united states attorney,united states attorney,civil_rights,,PlaintiffWin,0.7931494690093925,0.7931494690093925,2014
4017172,"boies, schiller & flexner","morgan, lewis & bockius",other,,PlaintiffWin,0.9454238754461656,0.9454238754461656,2015
4024243,hagens berman sobol shapiro,"weil, gotshal & manges",torts,,PlaintiffWin,0.71507500261418,0.71507500261418,2015
4024243,hagens berman sobol shapiro,latham & watkins,torts,,PlaintiffWin,0.71507500261418,0.71507500261418,2015
4024243,hagens berman sobol shapiro,latham & watkins,torts,,PlaintiffWin,0.71507500261418,0.71507500261418,2015
4024243,hagens berman sobol shapiro,"weil, gotshal & manges",torts,,PlaintiffWin,0.71507500261418,0.71507500261418,2015
4024243,hagens berman sobol shapiro,latham & watkins,torts,,PlaintiffWin,0.71507500261418,0.71507500261418,2015
4024243,hagens berman sobol shapiro,latham & watkins,torts,,PlaintiffWin,0.71507500261418,0.71507500261418,2015
4024720,hausfeld,"gibson, dunn & crutcher",other,,PlaintiffWin,0.9739903200948228,0.9739903200948228,2015
4026421,greenberg traurig,arnold & porter,other,,PlaintiffWin,0.9232631623128024,0.9232631623128024,2013
4044804,cohen milstein sellers & toll,"gibson, dunn & crutcher",civil_rights,,PlaintiffWin,0.6005882298457496,0.6005882298457496,2013
4044804,cohen milstein sellers & toll,"gibson, dunn & crutcher",civil_rights,,PlaintiffWin,0.6005882298457496,0.6005882298457496,2013
4044804,cohen milstein sellers & toll,"gibson, dunn & crutcher",civil_rights,,PlaintiffWin,0.6005882298457496,0.6005882298457496,2013
4044804,cohen milstein sellers & toll,"gibson, dunn & crutcher",civil_rights,,PlaintiffWin,0.6005882298457496,0.6005882298457496,2013
4044823,glancy binkow & goldberg,"morgan, lewis & bockius",other,,PlaintiffWin,0.96240988705762,0.96240988705762,2013
4044823,glancy binkow & goldberg,"morgan, lewis & bockius",other,,PlaintiffWin,0.96240988705762,0.96240988705762,2013
4044823,glancy binkow & goldberg,"morgan, lewis & bockius",other,,PlaintiffWin,0.96240988705762,0.96240988705762,2013
4049874,mayer brown,dla piper,contract,,PlaintiffWin,0.9196954490270134,0.0803045509729866,2013
4052045,robbins geller rudman & dowd,dla piper,other,,PlaintiffWin,0.6778416452191427,0.6778416452191427,2014
4060090,"morgan, lewis & bockius",kirkland & ellis,torts,,PlaintiffWin,0.800130741774078,0.800130741774078,2014
4060090,"morgan, lewis & bockius",kirkland & ellis,torts,,PlaintiffWin,0.800130741774078,0.800130741774078,2014
4060090,"morgan, lewis & bockius",kirkland & ellis,torts,,PlaintiffWin,0.800130741774078,0.800130741774078,2014
4060090,"morgan, lewis & bockius",kirkland & ellis,torts,,PlaintiffWin,0.800130741774078,0.800130741774078,2014
4061483,sidley austin,katten muchin rosenman,other,,DefendantWin,0.7512586718415631,0.7512586718415631,2013
4065692,foley & lardner,united states attorney,other,,PlaintiffWin,0.7494846494849616,0.7494846494849616,2014
4066944,foley & lardner,united states attorney,other,,PlaintiffWin,0.7494846494849616,0.7494846494849616,2014
4068721,"boies, schiller & flexner","skadden, arps, slate, meagher & flom",other,,PlaintiffWin,0.9335771702434048,0.9335771702434048,2014
4069178,cohen milstein sellers & toll,greenberg traurig,other,,PlaintiffWin,0.8286080353891928,0.8286080353891928,2014
4069178,cohen milstein sellers & toll,greenberg traurig,other,,PlaintiffWin,0.8286080353891928,0.8286080353891928,2014
4069178,"boies, schiller & flexner",greenberg traurig,other,,PlaintiffWin,0.8286080353891928,0.8286080353891928,2014
4069178,"boies, schiller & flexner",greenberg traurig,other,,PlaintiffWin,0.8286080353891928,0.8286080353891928,2014
4069178,susman godfrey,greenberg traurig,other,,PlaintiffWin,0.8286080353891928,0.8286080353891928,2014
4069178,susman godfrey,greenberg traurig,other,,PlaintiffWin,0.8286080353891928,0.8286080353891928,2014
4069178,hausfeld,greenberg traurig,other,,PlaintiffWin,0.8286080353891928,0.8286080353891928,2014
4069178,hausfeld,greenberg traurig,other,,PlaintiffWin,0.8286080353891928,0.8286080353891928,2014
4077547,foley & lardner,united states attorney,other,,PlaintiffWin,0.7494846494849616,0.7494846494849616,2013
4090096,hagens berman sobol shapiro,covington & burling,other,,PlaintiffWin,0.8728893053540471,0.8728893053540471,2014
4090096,hagens berman sobol shapiro,latham & watkins,other,,PlaintiffWin,0.8728893053540471,0.8728893053540471,2014
4091963,"boies, schiller & flexner",latham & watkins,other,,PlaintiffWin,0.9534078732901238,0.9534078732901238,2015
4091963,"boies, schiller & flexner","morgan, lewis & bockius",other,,PlaintiffWin,0.9534078732901238,0.9534078732901238,2015
4094351,simpson thacher & bartlett,covington & burling,contract,,PlaintiffWin,0.8000421338386084,0.8000421338386084,2014
4094351,simpson thacher & bartlett,simpson thacher & bartlett,contract,,PlaintiffWin,0.8000421338386084,0.8000421338386084,2014
4122445,simpson thacher & bartlett,covington & burling,contract,,PlaintiffWin,0.8000421338386084,0.8000421338386084,2014
4122445,simpson thacher & bartlett,simpson thacher & bartlett,contract,,PlaintiffWin,0.8000421338386084,0.8000421338386084,2014
4123930,grant & eisenhofer,"morgan, lewis & bockius",other,,PlaintiffWin,0.8251055177138944,0.8251055177138944,2013
4123930,grant & eisenhofer,"morgan, lewis & bockius",other,,PlaintiffWin,0.8251055177138944,0.8251055177138944,2013
4125527,grant & eisenhofer,"shook, hardy & bacon",other,,DefendantWin,0.880562122437753,0.880562122437753,2014
4125527,grant & eisenhofer,"boies, schiller & flexner",other,,DefendantWin,0.880562122437753,0.880562122437753,2014
4125527,grant & eisenhofer,skadden arps slate meagher & flom,other,,DefendantWin,0.880562122437753,0.880562122437753,2014
4125527,grant & eisenhofer,quinn emanuel urquhart & sullivan,other,,DefendantWin,0.880562122437753,0.880562122437753,2014
4125527,grant & eisenhofer,"skadden, arps, slate, meagher & flom",other,,DefendantWin,0.880562122437753,0.880562122437753,2014
4125527,grant & eisenhofer,davis polk & wardwell,other,,DefendantWin,0.880562122437753,0.880562122437753,2014
4125527,grant & eisenhofer,"skadden, arps, slate, meagher & flom",other,,DefendantWin,0.880562122437753,0.880562122437753,2014
4125527,grant & eisenhofer,"shook, hardy & bacon",other,,DefendantWin,0.880562122437753,0.880562122437753,2014
4125527,grant & eisenhofer,"shook, hardy & bacon",other,,DefendantWin,0.880562122437753,0.880562122437753,2014
4125527,grant & eisenhofer,"shook, hardy & bacon",other,,DefendantWin,0.880562122437753,0.880562122437753,2014
4125527,grant & eisenhofer,"milbank, tweed, hadley & mccloy",other,,DefendantWin,0.880562122437753,0.880562122437753,2014
4125527,grant & eisenhofer,goodwin procter,other,,DefendantWin,0.880562122437753,0.880562122437753,2014
4125527,grant & eisenhofer,sidley austin,other,,DefendantWin,0.880562122437753,0.880562122437753,2014
4125527,lieff cabraser heimann & bernstein,"shook, hardy & bacon",other,,DefendantWin,0.880562122437753,0.880562122437753,2014
4125527,lieff cabraser heimann & bernstein,"boies, schiller & flexner",other,,DefendantWin,0.880562122437753,0.880562122437753,2014
4125527,lieff cabraser heimann & bernstein,skadden arps slate meagher & flom,other,,DefendantWin,0.880562122437753,0.880562122437753,2014
4125527,lieff cabraser heimann & bernstein,quinn emanuel urquhart & sullivan,other,,DefendantWin,0.880562122437753,0.880562122437753,2014
4125527,lieff cabraser heimann & bernstein,"skadden, arps, slate, meagher & flom",other,,DefendantWin,0.880562122437753,0.880562122437753,2014
4125527,lieff cabraser heimann & bernstein,davis polk & wardwell,other,,DefendantWin,0.880562122437753,0.880562122437753,2014
4125527,lieff cabraser heimann & bernstein,"skadden, arps, slate, meagher & flom",other,,DefendantWin,0.880562122437753,0.880562122437753,2014
4125527,lieff cabraser heimann & bernstein,"shook, hardy & bacon",other,,DefendantWin,0.880562122437753,0.880562122437753,2014
4125527,lieff cabraser heimann & bernstein,"shook, hardy & bacon",other,,DefendantWin,0.880562122437753,0.880562122437753,2014
4125527,lieff cabraser heimann & bernstein,"shook, hardy & bacon",other,,DefendantWin,0.880562122437753,0.880562122437753,2014
4125527,lieff cabraser heimann & bernstein,"milbank, tweed, hadley & mccloy",other,,DefendantWin,0.880562122437753,0.880562122437753,2014
4125527,lieff cabraser heimann & bernstein,goodwin procter,other,,DefendantWin,0.880562122437753,0.880562122437753,2014
4125527,lieff cabraser heimann & bernstein,sidley austin,other,,DefendantWin,0.880562122437753,0.880562122437753,2014
4125527,hagens berman sobol shapiro,"shook, hardy & bacon",other,,DefendantWin,0.880562122437753,0.880562122437753,2014
4125527,hagens berman sobol shapiro,"boies, schiller & flexner",other,,DefendantWin,0.880562122437753,0.880562122437753,2014
4125527,hagens berman sobol shapiro,skadden arps slate meagher & flom,other,,DefendantWin,0.880562122437753,0.880562122437753,2014
4125527,hagens berman sobol shapiro,quinn emanuel urquhart & sullivan,other,,DefendantWin,0.880562122437753,0.880562122437753,2014
4125527,hagens berman sobol shapiro,"skadden, arps, slate, meagher & flom",other,,DefendantWin,0.880562122437753,0.880562122437753,2014
4125527,hagens berman sobol shapiro,davis polk & wardwell,other,,DefendantWin,0.880562122437753,0.880562122437753,2014
4125527,hagens berman sobol shapiro,"skadden, arps, slate, meagher & flom",other,,DefendantWin,0.880562122437753,0.880562122437753,2014
4125527,hagens berman sobol shapiro,"shook, hardy & bacon",other,,DefendantWin,0.880562122437753,0.880562122437753,2014
4125527,hagens berman sobol shapiro,"shook, hardy & bacon",other,,DefendantWin,0.880562122437753,0.880562122437753,2014
4125527,hagens berman sobol shapiro,"shook, hardy & bacon",other,,DefendantWin,0.880562122437753,0.880562122437753,2014
4125527,hagens berman sobol shapiro,"milbank, tweed, hadley & mccloy",other,,DefendantWin,0.880562122437753,0.880562122437753,2014
4125527,hagens berman sobol shapiro,goodwin procter,other,,DefendantWin,0.880562122437753,0.880562122437753,2014
4125527,hagens berman sobol shapiro,sidley austin,other,,DefendantWin,0.880562122437753,0.880562122437753,2014
4125867,attorney general,attorney general,other,,PlaintiffWin,0.8684234393190184,0.8684234393190184,2014
4128539,cohen milstein sellers & toll,"morgan, lewis & bockius",labor,,PlaintiffWin,0.6469214768998118,0.6469214768998118,2014
4128539,cohen milstein sellers & toll,"morgan, lewis & bockius",labor,,PlaintiffWin,0.6469214768998118,0.6469214768998118,2014
4128846,kirkland & ellis,attorney general,civil_rights,,DefendantWin,0.7705526897007787,0.7705526897007787,2014
4129862,"gibson, dunn & crutcher",attorney general,civil_rights,,DefendantWin,0.8394748103178182,0.8394748103178182,2014
4129862,"boies, schiller & flexner",attorney general,civil_rights,,DefendantWin,0.8394748103178182,0.8394748103178182,2014
4129862,"boies, schiller & flexner",attorney general,civil_rights,,DefendantWin,0.8394748103178182,0.8394748103178182,2014
4129862,"gibson, dunn & crutcher",attorney general,civil_rights,,DefendantWin,0.8394748103178182,0.8394748103178182,2014
4134204,kaplan fox & kilsheimer,"weil, gotshal & manges",other,,PlaintiffWin,0.988563430838514,0.988563430838514,2014
4136648,kaplan fox & kilsheimer,williams & connolly,other,,PlaintiffWin,0.9606927373521074,0.9606927373521074,2013
4136648,kaplan fox & kilsheimer,"weil, gotshal & manges",other,,PlaintiffWin,0.9606927373521074,0.9606927373521074,2013
4136648,kaplan fox & kilsheimer,davis polk & wardwell,other,,PlaintiffWin,0.9606927373521074,0.9606927373521074,2013
4136648,kaplan fox & kilsheimer,dla piper,other,,PlaintiffWin,0.9606927373521074,0.9606927373521074,2013
4136648,kaplan fox & kilsheimer,sidley austin,other,,PlaintiffWin,0.9606927373521074,0.9606927373521074,2013
4136648,kaplan fox & kilsheimer,mayer brown,other,,PlaintiffWin,0.9606927373521074,0.9606927373521074,2013
4136648,kaplan fox & kilsheimer,greenberg traurig,other,,PlaintiffWin,0.9606927373521074,0.9606927373521074,2013
4136648,kaplan fox & kilsheimer,sidley austin,other,,PlaintiffWin,0.9606927373521074,0.9606927373521074,2013
4137357,simpson thacher & bartlett,covington & burling,contract,,PlaintiffWin,0.8000421338386084,0.8000421338386084,2014
4137357,simpson thacher & bartlett,simpson thacher & bartlett,contract,,PlaintiffWin,0.8000421338386084,0.8000421338386084,2014
4137556,simpson thacher & bartlett,covington & burling,contract,,PlaintiffWin,0.7955668781733614,0.7955668781733614,2014
4137556,simpson thacher & bartlett,covington & burling,contract,,PlaintiffWin,0.7955668781733614,0.7955668781733614,2014
4153041,morrison & foerster,greenberg traurig,other,,DefendantWin,0.8888805500027864,0.8888805500027864,2015
4153041,"boies, schiller & flexner",greenberg traurig,other,,DefendantWin,0.8888805500027864,0.8888805500027864,2015
4153626,attorney general,morrison & foerster,other,,DefendantWin,0.8652139388470471,0.8652139388470471,2015
4153626,attorney general,morrison & foerster,other,,DefendantWin,0.8652139388470471,0.8652139388470471,2015
4168184,mcdermott will & emery,attorney general,civil_rights,,PlaintiffWin,0.6162365111432901,0.3837634888567098,2014
4171181,kirkland & ellis,attorney general,civil_rights,,DefendantWin,0.6664124179256488,0.6664124179256488,2013
4171488,morrison & foerster,attorney general,other,,PlaintiffWin,0.91934650804129,0.91934650804129,2013
4172917,greenberg traurig,attorney general,civil_rights,,PlaintiffWin,0.8390604344448338,0.8390604344448338,2014
4173978,grant & eisenhofer,kirkland & ellis,other,,PlaintiffWin,0.6775787728081215,0.6775787728081215,2014
4175764,steptoe & johnson,attorney general,civil_rights,,PlaintiffWin,0.6228028461274695,0.6228028461274695,2014
4178093,hagens berman sobol shapiro,quinn emanuel urquhart & sullivan,contract,,PlaintiffWin,0.809219411824423,0.809219411824423,2015
4178093,hagens berman sobol shapiro,quinn emanuel urquhart & sullivan,contract,,PlaintiffWin,0.809219411824423,0.809219411824423,2015
4178093,hagens berman sobol shapiro,quinn emanuel urquhart & sullivan,contract,,PlaintiffWin,0.809219411824423,0.809219411824423,2015
4178093,hagens berman sobol shapiro,quinn emanuel urquhart & sullivan,contract,,PlaintiffWin,0.809219411824423,0.809219411824423,2015
4178392,katten muchin rosenman,"boies, schiller & flexner",other,,PlaintiffWin,0.8396044174968235,0.8396044174968235,2015
4178625,cohen milstein sellers & toll,latham & watkins,other,,PlaintiffWin,0.8779925101551398,0.8779925101551398,2014
4192225,hausfeld,attorney general,civil_rights,,PlaintiffWin,0.901838797798313,0.901838797798313,2014
4192531,"gibson, dunn & crutcher",quinn emanuel urquhart & sullivan,other,,DefendantWin,0.918095087197454,0.918095087197454,2014
4192531,"gibson, dunn & crutcher",quinn emanuel urquhart & sullivan,other,,DefendantWin,0.918095087197454,0.918095087197454,2014
4192531,"gibson, dunn & crutcher",williams & connolly,other,,DefendantWin,0.918095087197454,0.918095087197454,2014
4192531,"gibson, dunn & crutcher",quinn emanuel urquhart & sullivan,other,,DefendantWin,0.918095087197454,0.918095087197454,2014
4192531,"gibson, dunn & crutcher",quinn emanuel urquhart & sullivan,other,,DefendantWin,0.918095087197454,0.918095087197454,2014
4192531,"gibson, dunn & crutcher",williams & connolly,other,,DefendantWin,0.918095087197454,0.918095087197454,2014
4192531,"gibson, dunn & crutcher",quinn emanuel urquhart & sullivan,other,,DefendantWin,0.918095087197454,0.918095087197454,2014
4192531,"gibson, dunn & crutcher",quinn emanuel urquhart & sullivan,other,,DefendantWin,0.918095087197454,0.918095087197454,2014
4192531,"gibson, dunn & crutcher",williams & connolly,other,,DefendantWin,0.918095087197454,0.918095087197454,2014
4192531,morrison & foerster,quinn emanuel urquhart & sullivan,other,,DefendantWin,0.918095087197454,0.918095087197454,2014
4192531,morrison & foerster,quinn emanuel urquhart & sullivan,other,,DefendantWin,0.918095087197454,0.918095087197454,2014
4192531,morrison & foerster,williams & connolly,other,,DefendantWin,0.918095087197454,0.918095087197454,2014
4192531,morrison & foerster,quinn emanuel urquhart & sullivan,other,,DefendantWin,0.918095087197454,0.918095087197454,2014
4192531,morrison & foerster,quinn emanuel urquhart & sullivan,other,,DefendantWin,0.918095087197454,0.918095087197454,2014
4192531,morrison & foerster,williams & connolly,other,,DefendantWin,0.918095087197454,0.918095087197454,2014
4192531,morrison & foerster,quinn emanuel urquhart & sullivan,other,,DefendantWin,0.918095087197454,0.918095087197454,2014
4192531,morrison & foerster,quinn emanuel urquhart & sullivan,other,,DefendantWin,0.918095087197454,0.918095087197454,2014
4192531,morrison & foerster,williams & connolly,other,,DefendantWin,0.918095087197454,0.918095087197454,2014
4192531,"gibson, dunn & crutcher",quinn emanuel urquhart & sullivan,other,,DefendantWin,0.918095087197454,0.918095087197454,2014
4192531,"gibson, dunn & crutcher",quinn emanuel urquhart & sullivan,other,,DefendantWin,0.918095087197454,0.918095087197454,2014
4192531,"gibson, dunn & crutcher",williams & connolly,other,,DefendantWin,0.918095087197454,0.918095087197454,2014
4192531,morrison & foerster,quinn emanuel urquhart & sullivan,other,,DefendantWin,0.918095087197454,0.918095087197454,2014
4192531,morrison & foerster,quinn emanuel urquhart & sullivan,other,,DefendantWin,0.918095087197454,0.918095087197454,2014
4192531,morrison & foerster,williams & connolly,other,,DefendantWin,0.918095087197454,0.918095087197454,2014
4192531,"morgan, lewis & bockius",quinn emanuel urquhart & sullivan,other,,DefendantWin,0.918095087197454,0.918095087197454,2014
4192531,"morgan, lewis & bockius",quinn emanuel urquhart & sullivan,other,,DefendantWin,0.918095087197454,0.918095087197454,2014
4192531,"morgan, lewis & bockius",williams & connolly,other,,DefendantWin,0.918095087197454,0.918095087197454,2014
4193989,robbins geller rudman & dowd,locke lord bissell & liddell,other,,PlaintiffWin,0.978065476588019,0.978065476588019,2014
4193989,robbins geller rudman & dowd,locke lord bissell & liddell,other,,PlaintiffWin,0.978065476588019,0.978065476588019,2014
4196442,freed kanner london & millen,kirkland & ellis,other,,PlaintiffWin,0.9259060865786248,0.9259060865786248,2014
4196442,freed kanner london & millen,covington & burling,other,,PlaintiffWin,0.9259060865786248,0.9259060865786248,2014
4196442,freed kanner london & millen,latham & watkins,other,,PlaintiffWin,0.9259060865786248,0.9259060865786248,2014
4196442,freed kanner london & millen,covington & burling,other,,PlaintiffWin,0.9259060865786248,0.9259060865786248,2014
4196442,freed kanner london & millen,"skadden, arps, slate, meagher & flom",other,,PlaintiffWin,0.9259060865786248,0.9259060865786248,2014
4196442,freed kanner london & millen,steptoe & johnson,other,,PlaintiffWin,0.9259060865786248,0.9259060865786248,2014
4196442,freed kanner london & millen,mayer brown,other,,PlaintiffWin,0.9259060865786248,0.9259060865786248,2014
4196442,freed kanner london & millen,dla piper,other,,PlaintiffWin,0.9259060865786248,0.9259060865786248,2014
4196442,glancy binkow & goldberg,kirkland & ellis,other,,PlaintiffWin,0.9259060865786248,0.9259060865786248,2014
4196442,glancy binkow & goldberg,covington & burling,other,,PlaintiffWin,0.9259060865786248,0.9259060865786248,2014
4196442,glancy binkow & goldberg,latham & watkins,other,,PlaintiffWin,0.9259060865786248,0.9259060865786248,2014
4196442,glancy binkow & goldberg,covington & burling,other,,PlaintiffWin,0.9259060865786248,0.9259060865786248,2014
4196442,glancy binkow & goldberg,"skadden, arps, slate, meagher & flom",other,,PlaintiffWin,0.9259060865786248,0.9259060865786248,2014
4196442,glancy binkow & goldberg,steptoe & johnson,other,,PlaintiffWin,0.9259060865786248,0.9259060865786248,2014
4196442,glancy binkow & goldberg,mayer brown,other,,PlaintiffWin,0.9259060865786248,0.9259060865786248,2014
4196442,glancy binkow & goldberg,dla piper,other,,PlaintiffWin,0.9259060865786248,0.9259060865786248,2014
4196442,glancy binkow & goldberg,kirkland & ellis,other,,PlaintiffWin,0.9259060865786248,0.9259060865786248,2014
4196442,glancy binkow & goldberg,covington & burling,other,,PlaintiffWin,0.9259060865786248,0.9259060865786248,2014
4196442,glancy binkow & goldberg,latham & watkins,other,,PlaintiffWin,0.9259060865786248,0.9259060865786248,2014
4196442,glancy binkow & goldberg,covington & burling,other,,PlaintiffWin,0.9259060865786248,0.9259060865786248,2014
4196442,glancy binkow & goldberg,"skadden, arps, slate, meagher & flom",other,,PlaintiffWin,0.9259060865786248,0.9259060865786248,2014
4196442,glancy binkow & goldberg,steptoe & johnson,other,,PlaintiffWin,0.9259060865786248,0.9259060865786248,2014
4196442,glancy binkow & goldberg,mayer brown,other,,PlaintiffWin,0.9259060865786248,0.9259060865786248,2014
4196442,glancy binkow & goldberg,dla piper,other,,PlaintiffWin,0.9259060865786248,0.9259060865786248,2014
4196442,kaplan fox & kilsheimer,kirkland & ellis,other,,PlaintiffWin,0.9259060865786248,0.9259060865786248,2014
4196442,kaplan fox & kilsheimer,covington & burling,other,,PlaintiffWin,0.9259060865786248,0.9259060865786248,2014
4196442,kaplan fox & kilsheimer,latham & watkins,other,,PlaintiffWin,0.9259060865786248,0.9259060865786248,2014
4196442,kaplan fox & kilsheimer,covington & burling,other,,PlaintiffWin,0.9259060865786248,0.9259060865786248,2014
4196442,kaplan fox & kilsheimer,"skadden, arps, slate, meagher & flom",other,,PlaintiffWin,0.9259060865786248,0.9259060865786248,2014
4196442,kaplan fox & kilsheimer,steptoe & johnson,other,,PlaintiffWin,0.9259060865786248,0.9259060865786248,2014
4196442,kaplan fox & kilsheimer,mayer brown,other,,PlaintiffWin,0.9259060865786248,0.9259060865786248,2014
4196442,kaplan fox & kilsheimer,dla piper,other,,PlaintiffWin,0.9259060865786248,0.9259060865786248,2014
4196442,susman godfrey,kirkland & ellis,other,,PlaintiffWin,0.9259060865786248,0.9259060865786248,2014
4196442,susman godfrey,covington & burling,other,,PlaintiffWin,0.9259060865786248,0.9259060865786248,2014
4196442,susman godfrey,latham & watkins,other,,PlaintiffWin,0.9259060865786248,0.9259060865786248,2014
4196442,susman godfrey,covington & burling,other,,PlaintiffWin,0.9259060865786248,0.9259060865786248,2014
4196442,susman godfrey,"skadden, arps, slate, meagher & flom",other,,PlaintiffWin,0.9259060865786248,0.9259060865786248,2014
4196442,susman godfrey,steptoe & johnson,other,,PlaintiffWin,0.9259060865786248,0.9259060865786248,2014
4196442,susman godfrey,mayer brown,other,,PlaintiffWin,0.9259060865786248,0.9259060865786248,2014
4196442,susman godfrey,dla piper,other,,PlaintiffWin,0.9259060865786248,0.9259060865786248,2014
4196442,hausfeld,kirkland & ellis,other,,PlaintiffWin,0.9259060865786248,0.9259060865786248,2014
4196442,hausfeld,covington & burling,other,,PlaintiffWin,0.9259060865786248,0.9259060865786248,2014
4196442,hausfeld,latham & watkins,other,,PlaintiffWin,0.9259060865786248,0.9259060865786248,2014
4196442,hausfeld,covington & burling,other,,PlaintiffWin,0.9259060865786248,0.9259060865786248,2014
4196442,hausfeld,"skadden, arps, slate, meagher & flom",other,,PlaintiffWin,0.9259060865786248,0.9259060865786248,2014
4196442,hausfeld,steptoe & johnson,other,,PlaintiffWin,0.9259060865786248,0.9259060865786248,2014
4196442,hausfeld,mayer brown,other,,PlaintiffWin,0.9259060865786248,0.9259060865786248,2014
4196442,hausfeld,dla piper,other,,PlaintiffWin,0.9259060865786248,0.9259060865786248,2014
4196442,susman godfrey,kirkland & ellis,other,,PlaintiffWin,0.9259060865786248,0.9259060865786248,2014
4196442,susman godfrey,covington & burling,other,,PlaintiffWin,0.9259060865786248,0.9259060865786248,2014
4196442,susman godfrey,latham & watkins,other,,PlaintiffWin,0.9259060865786248,0.9259060865786248,2014
4196442,susman godfrey,covington & burling,other,,PlaintiffWin,0.9259060865786248,0.9259060865786248,2014
4196442,susman godfrey,"skadden, arps, slate, meagher & flom",other,,PlaintiffWin,0.9259060865786248,0.9259060865786248,2014
4196442,susman godfrey,steptoe & johnson,other,,PlaintiffWin,0.9259060865786248,0.9259060865786248,2014
4196442,susman godfrey,mayer brown,other,,PlaintiffWin,0.9259060865786248,0.9259060865786248,2014
4196442,susman godfrey,dla piper,other,,PlaintiffWin,0.9259060865786248,0.9259060865786248,2014
4196442,cotchett pitre & mccarthy,kirkland & ellis,other,,PlaintiffWin,0.9259060865786248,0.9259060865786248,2014
4196442,cotchett pitre & mccarthy,covington & burling,other,,PlaintiffWin,0.9259060865786248,0.9259060865786248,2014
4196442,cotchett pitre & mccarthy,latham & watkins,other,,PlaintiffWin,0.9259060865786248,0.9259060865786248,2014
4196442,cotchett pitre & mccarthy,covington & burling,other,,PlaintiffWin,0.9259060865786248,0.9259060865786248,2014
4196442,cotchett pitre & mccarthy,"skadden, arps, slate, meagher & flom",other,,PlaintiffWin,0.9259060865786248,0.9259060865786248,2014
4196442,cotchett pitre & mccarthy,steptoe & johnson,other,,PlaintiffWin,0.9259060865786248,0.9259060865786248,2014
4196442,cotchett pitre & mccarthy,mayer brown,other,,PlaintiffWin,0.9259060865786248,0.9259060865786248,2014
4196442,cotchett pitre & mccarthy,dla piper,other,,PlaintiffWin,0.9259060865786248,0.9259060865786248,2014
4197234,berger & montague,united states attorney,other,,PlaintiffWin,0.6277568113410581,0.6277568113410581,2014
4197234,berger & montague,sullivan & cromwell,other,,PlaintiffWin,0.6277568113410581,0.6277568113410581,2014
4199087,glancy binkow & goldberg,kirkland & ellis,other,,PlaintiffWin,0.9948046597678049,0.9948046597678049,2015
4204901,"boies, schiller & flexner","shook, hardy & bacon",other,,DefendantWin,0.9159625013881576,0.9159625013881576,2014
4204901,"boies, schiller & flexner",greenberg traurig,other,,DefendantWin,0.9159625013881576,0.9159625013881576,2014
4204901,"boies, schiller & flexner","shook, hardy & bacon",other,,DefendantWin,0.9159625013881576,0.9159625013881576,2014
4204901,"boies, schiller & flexner",greenberg traurig,other,,DefendantWin,0.9159625013881576,0.9159625013881576,2014
4205148,"boies, schiller & flexner","shook, hardy & bacon",other,,DefendantWin,0.9501668985633478,0.9501668985633478,2014
4205148,"boies, schiller & flexner","shook, hardy & bacon",other,,DefendantWin,0.9501668985633478,0.9501668985633478,2014
4208221,cohen milstein sellers & toll,"skadden, arps, slate, meagher & flom",other,,PlaintiffWin,0.8083695576745452,0.8083695576745452,2013
4208221,cohen milstein sellers & toll,morrison & foerster,other,,PlaintiffWin,0.8083695576745452,0.8083695576745452,2013
4208221,cohen milstein sellers & toll,paul weiss rifkind wharton & garrison,other,,PlaintiffWin,0.8083695576745452,0.8083695576745452,2013
4208221,cohen milstein sellers & toll,arnold & porter,other,,PlaintiffWin,0.8083695576745452,0.8083695576745452,2013
4208221,hagens berman sobol shapiro,"skadden, arps, slate, meagher & flom",other,,PlaintiffWin,0.8083695576745452,0.8083695576745452,2013
4208221,hagens berman sobol shapiro,morrison & foerster,other,,PlaintiffWin,0.8083695576745452,0.8083695576745452,2013
4208221,hagens berman sobol shapiro,paul weiss rifkind wharton & garrison,other,,PlaintiffWin,0.8083695576745452,0.8083695576745452,2013
4208221,hagens berman sobol shapiro,arnold & porter,other,,PlaintiffWin,0.8083695576745452,0.8083695576745452,2013
4209008,grant & eisenhofer,arnold & porter,other,,PlaintiffWin,0.9125641495867752,0.9125641495867752,2014
4209008,glancy binkow & goldberg,arnold & porter,other,,PlaintiffWin,0.9125641495867752,0.9125641495867752,2014
4209008,"boies, schiller & flexner",arnold & porter,other,,PlaintiffWin,0.9125641495867752,0.9125641495867752,2014
4209008,grant & eisenhofer,arnold & porter,other,,PlaintiffWin,0.9125641495867752,0.9125641495867752,2014
4209008,"gibson, dunn & crutcher",arnold & porter,other,,PlaintiffWin,0.9125641495867752,0.9125641495867752,2014
4209157,"boies, schiller & flexner",attorney general,other,,PlaintiffWin,0.9384013770347852,0.9384013770347852,2014
4210422,arnold & porter,hughes hubbard & reed,other,,PlaintiffWin,0.7321864682662216,0.7321864682662216,2014
4210764,foley & lardner,steptoe & johnson,other,,PlaintiffWin,0.908160802865832,0.908160802865832,2014
4210764,foley & lardner,steptoe & johnson,other,,PlaintiffWin,0.908160802865832,0.908160802865832,2014
4211219,covington & burling,"robins, kaplan, miller & ciresi",other,,PlaintiffWin,0.8616547021619643,0.8616547021619643,2013
4213835,morrison & foerster,united states attorney,other,,PlaintiffWin,0.8387583271685828,0.8387583271685828,2014
4215790,"shepherd, finkelman, miller & shah","morgan, lewis & bockius",other,,PlaintiffWin,0.8082462711604299,0.8082462711604299,2014
4215790,"shepherd, finkelman, miller & shah",cahill gordon & reindel,other,,PlaintiffWin,0.8082462711604299,0.8082462711604299,2014
4215790,"shepherd, finkelman, miller & shah","morgan, lewis & bockius",other,,PlaintiffWin,0.8082462711604299,0.8082462711604299,2014
4215790,"shepherd, finkelman, miller & shah",cahill gordon & reindel,other,,PlaintiffWin,0.8082462711604299,0.8082462711604299,2014
4215790,"shepherd, finkelman, miller & shah","morgan, lewis & bockius",other,,PlaintiffWin,0.8082462711604299,0.8082462711604299,2014
4215790,"shepherd, finkelman, miller & shah",cahill gordon & reindel,other,,PlaintiffWin,0.8082462711604299,0.8082462711604299,2014
4216288,"shepherd, finkelman, miller & shah","skadden, arps, slate, meagher & flom",other,,PlaintiffWin,0.7839426610995427,0.7839426610995427,2014
4216288,"shepherd, finkelman, miller & shah",covington & burling,other,,PlaintiffWin,0.7839426610995427,0.7839426610995427,2014
4216288,"shepherd, finkelman, miller & shah","morgan, lewis & bockius",other,,PlaintiffWin,0.7839426610995427,0.7839426610995427,2014
4216288,"shepherd, finkelman, miller & shah",covington & burling,other,,PlaintiffWin,0.7839426610995427,0.7839426610995427,2014
4216288,"shepherd, finkelman, miller & shah",morrison & foerster,other,,PlaintiffWin,0.7839426610995427,0.7839426610995427,2014
4216288,"shepherd, finkelman, miller & shah",cahill gordon & reindel,other,,PlaintiffWin,0.7839426610995427,0.7839426610995427,2014
4218273,kirkland & ellis,attorney general,civil_rights,,DefendantWin,0.7705526897007787,0.7705526897007787,2014
4218305,kirkland & ellis,attorney general,civil_rights,,DefendantWin,0.7705526897007787,0.7705526897007787,2014
4219848,attorney general,kirkland & ellis,torts,,PlaintiffWin,0.8104628920633971,0.8104628920633971,2014
4219848,attorney general,katten muchin rosenman,torts,,PlaintiffWin,0.8104628920633971,0.8104628920633971,2014
4219848,attorney general,goodwin procter,torts,,PlaintiffWin,0.8104628920633971,0.8104628920633971,2014
4219848,berger & montague,kirkland & ellis,torts,,PlaintiffWin,0.8104628920633971,0.8104628920633971,2014
4219848,berger & montague,katten muchin rosenman,torts,,PlaintiffWin,0.8104628920633971,0.8104628920633971,2014
4219848,berger & montague,goodwin procter,torts,,PlaintiffWin,0.8104628920633971,0.8104628920633971,2014
4222587,robbins geller rudman & dowd,"weil, gotshal & manges",other,,PlaintiffWin,0.9021268550938484,0.9021268550938484,2014
4222786,attorney general,attorney general,other,,DefendantWin,0.8948899265368622,0.8948899265368622,2014
4223310,sidley austin,united states attorney,other,,PlaintiffWin,0.8613298053717093,0.8613298053717093,2013
4223883,robbins geller rudman & dowd,"gibson, dunn & crutcher",other,,PlaintiffWin,0.5061199663267085,0.5061199663267085,2014
4223883,robbins geller rudman & dowd,"gibson, dunn & crutcher",other,,PlaintiffWin,0.5061199663267085,0.5061199663267085,2014
4223921,"gibson, dunn & crutcher",quinn emanuel urquhart & sullivan,other,,PlaintiffWin,0.9431177610313892,0.9431177610313892,2013
4223921,"gibson, dunn & crutcher",mayer brown,other,,PlaintiffWin,0.9431177610313892,0.9431177610313892,2013
4225942,grant & eisenhofer,"gibson, dunn & crutcher",other,,PlaintiffWin,0.8404987535993367,0.8404987535993367,2015
4225942,grant & eisenhofer,"skadden, arps, slate, meagher & flom",other,,PlaintiffWin,0.8404987535993367,0.8404987535993367,2015
4225942,grant & eisenhofer,"gibson, dunn & crutcher",other,,PlaintiffWin,0.8404987535993367,0.8404987535993367,2015
4225942,grant & eisenhofer,kirkland & ellis,other,,PlaintiffWin,0.8404987535993367,0.8404987535993367,2015
4225942,grant & eisenhofer,covington & burling,other,,PlaintiffWin,0.8404987535993367,0.8404987535993367,2015
4225942,grant & eisenhofer,davis polk & wardwell,other,,PlaintiffWin,0.8404987535993367,0.8404987535993367,2015
4225942,grant & eisenhofer,"skadden, arps, slate, meagher & flom",other,,PlaintiffWin,0.8404987535993367,0.8404987535993367,2015
4225942,grant & eisenhofer,cahill gordon & reindel,other,,PlaintiffWin,0.8404987535993367,0.8404987535993367,2015
4225942,grant & eisenhofer,covington & burling,other,,PlaintiffWin,0.8404987535993367,0.8404987535993367,2015
4225942,grant & eisenhofer,sullivan & cromwell,other,,PlaintiffWin,0.8404987535993367,0.8404987535993367,2015
4225942,cohen milstein sellers & toll,"gibson, dunn & crutcher",other,,PlaintiffWin,0.8404987535993367,0.8404987535993367,2015
4225942,cohen milstein sellers & toll,"skadden, arps, slate, meagher & flom",other,,PlaintiffWin,0.8404987535993367,0.8404987535993367,2015
4225942,cohen milstein sellers & toll,"gibson, dunn & crutcher",other,,PlaintiffWin,0.8404987535993367,0.8404987535993367,2015
4225942,cohen milstein sellers & toll,kirkland & ellis,other,,PlaintiffWin,0.8404987535993367,0.8404987535993367,2015
4225942,cohen milstein sellers & toll,covington & burling,other,,PlaintiffWin,0.8404987535993367,0.8404987535993367,2015
4225942,cohen milstein sellers & toll,davis polk & wardwell,other,,PlaintiffWin,0.8404987535993367,0.8404987535993367,2015
4225942,cohen milstein sellers & toll,"skadden, arps, slate, meagher & flom",other,,PlaintiffWin,0.8404987535993367,0.8404987535993367,2015
4225942,cohen milstein sellers & toll,cahill gordon & reindel,other,,PlaintiffWin,0.8404987535993367,0.8404987535993367,2015
4225942,cohen milstein sellers & toll,covington & burling,other,,PlaintiffWin,0.8404987535993367,0.8404987535993367,2015
4225942,cohen milstein sellers & toll,sullivan & cromwell,other,,PlaintiffWin,0.8404987535993367,0.8404987535993367,2015
4225942,glancy binkow & goldberg,"gibson, dunn & crutcher",other,,PlaintiffWin,0.8404987535993367,0.8404987535993367,2015
4225942,glancy binkow & goldberg,"skadden, arps, slate, meagher & flom",other,,PlaintiffWin,0.8404987535993367,0.8404987535993367,2015
4225942,glancy binkow & goldberg,"gibson, dunn & crutcher",other,,PlaintiffWin,0.8404987535993367,0.8404987535993367,2015
4225942,glancy binkow & goldberg,kirkland & ellis,other,,PlaintiffWin,0.8404987535993367,0.8404987535993367,2015
4225942,glancy binkow & goldberg,covington & burling,other,,PlaintiffWin,0.8404987535993367,0.8404987535993367,2015
4225942,glancy binkow & goldberg,davis polk & wardwell,other,,PlaintiffWin,0.8404987535993367,0.8404987535993367,2015
4225942,glancy binkow & goldberg,"skadden, arps, slate, meagher & flom",other,,PlaintiffWin,0.8404987535993367,0.8404987535993367,2015
4225942,glancy binkow & goldberg,cahill gordon & reindel,other,,PlaintiffWin,0.8404987535993367,0.8404987535993367,2015
4225942,glancy binkow & goldberg,covington & burling,other,,PlaintiffWin,0.8404987535993367,0.8404987535993367,2015
4225942,glancy binkow & goldberg,sullivan & cromwell,other,,PlaintiffWin,0.8404987535993367,0.8404987535993367,2015
4225942,hausfeld,"gibson, dunn & crutcher",other,,PlaintiffWin,0.8404987535993367,0.8404987535993367,2015
4225942,hausfeld,"skadden, arps, slate, meagher & flom",other,,PlaintiffWin,0.8404987535993367,0.8404987535993367,2015
4225942,hausfeld,"gibson, dunn & crutcher",other,,PlaintiffWin,0.8404987535993367,0.8404987535993367,2015
4225942,hausfeld,kirkland & ellis,other,,PlaintiffWin,0.8404987535993367,0.8404987535993367,2015
4225942,hausfeld,covington & burling,other,,PlaintiffWin,0.8404987535993367,0.8404987535993367,2015
4225942,hausfeld,davis polk & wardwell,other,,PlaintiffWin,0.8404987535993367,0.8404987535993367,2015
4225942,hausfeld,"skadden, arps, slate, meagher & flom",other,,PlaintiffWin,0.8404987535993367,0.8404987535993367,2015
4225942,hausfeld,cahill gordon & reindel,other,,PlaintiffWin,0.8404987535993367,0.8404987535993367,2015
4225942,hausfeld,covington & burling,other,,PlaintiffWin,0.8404987535993367,0.8404987535993367,2015
4225942,hausfeld,sullivan & cromwell,other,,PlaintiffWin,0.8404987535993367,0.8404987535993367,2015
4226189,"morgan, lewis & bockius",attorney general,prisoner_petitions,,PlaintiffWin,0.8951066384253341,0.8951066384253341,2014
4226482,attorney general,arnold & porter,other,,PlaintiffWin,0.8927223090061472,0.8927223090061472,2014
4226482,attorney general,skadden arps slate meagher & flom,other,,PlaintiffWin,0.8927223090061472,0.8927223090061472,2014
4226482,attorney general,skadden arps slate meagher & flom,other,,PlaintiffWin,0.8927223090061472,0.8927223090061472,2014
4226482,cohen milstein sellers & toll,arnold & porter,other,,PlaintiffWin,0.8927223090061472,0.8927223090061472,2014
4226482,cohen milstein sellers & toll,skadden arps slate meagher & flom,other,,PlaintiffWin,0.8927223090061472,0.8927223090061472,2014
4226482,cohen milstein sellers & toll,skadden arps slate meagher & flom,other,,PlaintiffWin,0.8927223090061472,0.8927223090061472,2014
4226482,glancy binkow & goldberg,arnold & porter,other,,PlaintiffWin,0.8927223090061472,0.8927223090061472,2014
4226482,glancy binkow & goldberg,skadden arps slate meagher & flom,other,,PlaintiffWin,0.8927223090061472,0.8927223090061472,2014
4226482,glancy binkow & goldberg,skadden arps slate meagher & flom,other,,PlaintiffWin,0.8927223090061472,0.8927223090061472,2014
4226482,freed kanner london & millen,arnold & porter,other,,PlaintiffWin,0.8927223090061472,0.8927223090061472,2014
4226482,freed kanner london & millen,skadden arps slate meagher & flom,other,,PlaintiffWin,0.8927223090061472,0.8927223090061472,2014
4226482,freed kanner london & millen,skadden arps slate meagher & flom,other,,PlaintiffWin,0.8927223090061472,0.8927223090061472,2014
4226482,"shepherd, finkelman, miller & shah",arnold & porter,other,,PlaintiffWin,0.8927223090061472,0.8927223090061472,2014
4226482,"shepherd, finkelman, miller & shah",skadden arps slate meagher & flom,other,,PlaintiffWin,0.8927223090061472,0.8927223090061472,2014
4226482,"shepherd, finkelman, miller & shah",skadden arps slate meagher & flom,other,,PlaintiffWin,0.8927223090061472,0.8927223090061472,2014
4226482,"shepherd, finkelman, miller & shah",arnold & porter,other,,PlaintiffWin,0.8927223090061472,0.8927223090061472,2014
4226482,"shepherd, finkelman, miller & shah",skadden arps slate meagher & flom,other,,PlaintiffWin,0.8927223090061472,0.8927223090061472,2014
4226482,"shepherd, finkelman, miller & shah",skadden arps slate meagher & flom,other,,PlaintiffWin,0.8927223090061472,0.8927223090061472,2014
4226482,berger & montague,arnold & porter,other,,PlaintiffWin,0.8927223090061472,0.8927223090061472,2014
4226482,berger & montague,skadden arps slate meagher & flom,other,,PlaintiffWin,0.8927223090061472,0.8927223090061472,2014
4226482,berger & montague,skadden arps slate meagher & flom,other,,PlaintiffWin,0.8927223090061472,0.8927223090061472,2014
4226482,grant & eisenhofer,arnold & porter,other,,PlaintiffWin,0.8927223090061472,0.8927223090061472,2014
4226482,grant & eisenhofer,skadden arps slate meagher & flom,other,,PlaintiffWin,0.8927223090061472,0.8927223090061472,2014
4226482,grant & eisenhofer,skadden arps slate meagher & flom,other,,PlaintiffWin,0.8927223090061472,0.8927223090061472,2014
4226482,robbins geller rudman & dowd,arnold & porter,other,,PlaintiffWin,0.8927223090061472,0.8927223090061472,2014
4226482,robbins geller rudman & dowd,skadden arps slate meagher & flom,other,,PlaintiffWin,0.8927223090061472,0.8927223090061472,2014
4226482,robbins geller rudman & dowd,skadden arps slate meagher & flom,other,,PlaintiffWin,0.8927223090061472,0.8927223090061472,2014
4226482,hagens berman sobol shapiro,arnold & porter,other,,PlaintiffWin,0.8927223090061472,0.8927223090061472,2014
4226482,hagens berman sobol shapiro,skadden arps slate meagher & flom,other,,PlaintiffWin,0.8927223090061472,0.8927223090061472,2014
4226482,hagens berman sobol shapiro,skadden arps slate meagher & flom,other,,PlaintiffWin,0.8927223090061472,0.8927223090061472,2014
4226482,hausfeld,arnold & porter,other,,PlaintiffWin,0.8927223090061472,0.8927223090061472,2014
4226482,hausfeld,skadden arps slate meagher & flom,other,,PlaintiffWin,0.8927223090061472,0.8927223090061472,2014
4226482,hausfeld,skadden arps slate meagher & flom,other,,PlaintiffWin,0.8927223090061472,0.8927223090061472,2014
4226638,robbins geller rudman & dowd,sullivan & cromwell,other,,PlaintiffWin,0.9535103665937086,0.9535103665937086,2014
4226951,arnold & porter,attorney general,civil_rights,,PlaintiffWin,0.7682828961226875,0.7682828961226875,2015
4226965,morrison & foerster,quinn emanuel urquhart & sullivan,other,,PlaintiffWin,0.8815503164105665,0.8815503164105665,2015
4226965,morrison & foerster,quinn emanuel urquhart & sullivan,other,,PlaintiffWin,0.8815503164105665,0.8815503164105665,2015
4226965,morrison & foerster,quinn emanuel urquhart & sullivan,other,,PlaintiffWin,0.8815503164105665,0.8815503164105665,2015
4226965,wilmer cutler pickering hale & dor,quinn emanuel urquhart & sullivan,other,,PlaintiffWin,0.8815503164105665,0.8815503164105665,2015
4226965,wilmer cutler pickering hale & dor,quinn emanuel urquhart & sullivan,other,,PlaintiffWin,0.8815503164105665,0.8815503164105665,2015
4226965,wilmer cutler pickering hale & dor,quinn emanuel urquhart & sullivan,other,,PlaintiffWin,0.8815503164105665,0.8815503164105665,2015
4226965,wilmer cutler pickering hale & dor,quinn emanuel urquhart & sullivan,other,,PlaintiffWin,0.8815503164105665,0.8815503164105665,2015
4226965,wilmer cutler pickering hale & dor,quinn emanuel urquhart & sullivan,other,,PlaintiffWin,0.8815503164105665,0.8815503164105665,2015
4226965,wilmer cutler pickering hale & dor,quinn emanuel urquhart & sullivan,other,,PlaintiffWin,0.8815503164105665,0.8815503164105665,2015
4226965,wilmer cutler pickering hale & dor,quinn emanuel urquhart & sullivan,other,,PlaintiffWin,0.8815503164105665,0.8815503164105665,2015
4226965,wilmer cutler pickering hale & dor,quinn emanuel urquhart & sullivan,other,,PlaintiffWin,0.8815503164105665,0.8815503164105665,2015
4226965,wilmer cutler pickering hale & dor,quinn emanuel urquhart & sullivan,other,,PlaintiffWin,0.8815503164105665,0.8815503164105665,2015
4226965,wilmer cutler pickering hale & dor,quinn emanuel urquhart & sullivan,other,,PlaintiffWin,0.8815503164105665,0.8815503164105665,2015
4226965,wilmer cutler pickering hale & dor,quinn emanuel urquhart & sullivan,other,,PlaintiffWin,0.8815503164105665,0.8815503164105665,2015
4226965,wilmer cutler pickering hale & dor,quinn emanuel urquhart & sullivan,other,,PlaintiffWin,0.8815503164105665,0.8815503164105665,2015
4229052,lieff cabraser heimann & bernstein,covington & burling,other,,DefendantWin,0.8166916459626001,0.8166916459626001,2013
4229068,attorney general,wilmer cutler pickering hale & dor,contract,,PlaintiffWin,0.8083153138765845,0.8083153138765845,2013
4229068,greenberg traurig,wilmer cutler pickering hale & dor,contract,,PlaintiffWin,0.8083153138765845,0.8083153138765845,2013
4229238,robbins geller rudman & dowd,"boies, schiller & flexner",other,,PlaintiffWin,0.7989500775953263,0.7989500775953263,2013
4229238,robbins geller rudman & dowd,sullivan & cromwell,other,,PlaintiffWin,0.7989500775953263,0.7989500775953263,2013
4229238,robbins geller rudman & dowd,"boies, schiller & flexner",other,,PlaintiffWin,0.7989500775953263,0.7989500775953263,2013
4232112,morrison & foerster,attorney general,other,,PlaintiffWin,0.8708032083970514,0.8708032083970514,2013
4232112,morrison & foerster,morrison & foerster,other,,PlaintiffWin,0.8708032083970514,0.8708032083970514,2013
4232128,sullivan & cromwell,attorney general,prisoner_petitions,,PlaintiffWin,0.8526205369247167,0.8526205369247167,2013
4232880,goodwin procter,"gibson, dunn & crutcher",other,,DefendantWin,0.6321360449881961,0.6321360449881961,2013
4232880,goodwin procter,"morgan, lewis & bockius",other,,DefendantWin,0.6321360449881961,0.6321360449881961,2013
4234016,"skadden, arps, slate, meagher & flom",attorney general,other,,PlaintiffWin,0.844739471738035,0.844739471738035,2013
4235511,cohen milstein sellers & toll,"morgan, lewis & bockius",labor,,DefendantWin,0.5847078586605237,0.5847078586605237,2013
4247969,kirkland & ellis,kirkland & ellis,other,,PlaintiffWin,0.8719620647889654,0.8719620647889654,2014
4250144,glancy binkow & goldberg,"gibson, dunn & crutcher",other,,DefendantWin,0.887303229172162,0.887303229172162,2014
4250144,glancy binkow & goldberg,"gibson, dunn & crutcher",other,,DefendantWin,0.887303229172162,0.887303229172162,2014
4250144,glancy binkow & goldberg,"gibson, dunn & crutcher",other,,DefendantWin,0.887303229172162,0.887303229172162,2014
4250144,lieff cabraser heimann & bernstein,"gibson, dunn & crutcher",other,,DefendantWin,0.887303229172162,0.887303229172162,2014
4250144,lieff cabraser heimann & bernstein,"gibson, dunn & crutcher",other,,DefendantWin,0.887303229172162,0.887303229172162,2014
4250144,lieff cabraser heimann & bernstein,"gibson, dunn & crutcher",other,,DefendantWin,0.887303229172162,0.887303229172162,2014
4258455,cohen milstein sellers & toll,"gibson, dunn & crutcher",civil_rights,,PlaintiffWin,0.6005882298457496,0.6005882298457496,2013
4258455,cohen milstein sellers & toll,"gibson, dunn & crutcher",civil_rights,,PlaintiffWin,0.6005882298457496,0.6005882298457496,2013
4258455,cohen milstein sellers & toll,"gibson, dunn & crutcher",civil_rights,,PlaintiffWin,0.6005882298457496,0.6005882298457496,2013
4258493,berger & montague,"milbank, tweed, hadley & mccloy",contract,,PlaintiffWin,0.6587263447454519,0.6587263447454519,2014
4259601,kirkland & ellis,"morgan, lewis & bockius",contract,,PlaintiffWin,0.7819265541862421,0.7819265541862421,2016
4259601,kirkland & ellis,"weil, gotshal & manges",contract,,PlaintiffWin,0.7819265541862421,0.7819265541862421,2016
4259601,kirkland & ellis,"morgan, lewis & bockius",contract,,PlaintiffWin,0.7819265541862421,0.7819265541862421,2016
4259799,robbins geller rudman & dowd,cahill gordon & reindel,other,,PlaintiffWin,0.913439460868288,0.913439460868288,2013
4259895,lieff cabraser heimann & bernstein,sullivan & cromwell,civil_rights,,PlaintiffWin,0.6744158965420274,0.6744158965420274,2013
4260145,robbins geller rudman & dowd,dla piper,other,,PlaintiffWin,0.8934808672140593,0.8934808672140593,2014
4260775,robbins geller rudman & dowd,morrison & foerster,other,,DefendantWin,0.8910908939706926,0.8910908939706926,2013
4260775,robbins geller rudman & dowd,morrison & foerster,other,,DefendantWin,0.8910908939706926,0.8910908939706926,2013
4260872,attorney general,attorney general,civil_rights,,PlaintiffWin,0.7808842166842376,0.7808842166842376,2014
4261281,"morgan, lewis & bockius",kirkland & ellis,civil_rights,,PlaintiffWin,0.8394872520232273,0.8394872520232273,2015
4261281,"morgan, lewis & bockius",kirkland & ellis,civil_rights,,PlaintiffWin,0.8394872520232273,0.8394872520232273,2015
4261281,"morgan, lewis & bockius",kirkland & ellis,civil_rights,,PlaintiffWin,0.8394872520232273,0.8394872520232273,2015
4261281,"morgan, lewis & bockius",kirkland & ellis,civil_rights,,PlaintiffWin,0.8394872520232273,0.8394872520232273,2015
4261925,cohen milstein sellers & toll,kirkland & ellis,other,,DefendantWin,0.715736706195995,0.715736706195995,2013
4261925,cohen milstein sellers & toll,mccarter & english,other,,DefendantWin,0.715736706195995,0.715736706195995,2013
4261925,cohen milstein sellers & toll,williams & connolly,other,,DefendantWin,0.715736706195995,0.715736706195995,2013
4261925,cohen milstein sellers & toll,covington & burling,other,,DefendantWin,0.715736706195995,0.715736706195995,2013
4261925,cohen milstein sellers & toll,mccarter & english,other,,DefendantWin,0.715736706195995,0.715736706195995,2013
4261925,"shepherd, finkelman, miller & shah",kirkland & ellis,other,,DefendantWin,0.715736706195995,0.715736706195995,2013
4261925,"shepherd, finkelman, miller & shah",mccarter & english,other,,DefendantWin,0.715736706195995,0.715736706195995,2013
4261925,"shepherd, finkelman, miller & shah",williams & connolly,other,,DefendantWin,0.715736706195995,0.715736706195995,2013
4261925,"shepherd, finkelman, miller & shah",covington & burling,other,,DefendantWin,0.715736706195995,0.715736706195995,2013
4261925,"shepherd, finkelman, miller & shah",mccarter & english,other,,DefendantWin,0.715736706195995,0.715736706195995,2013
4261925,berger & montague,kirkland & ellis,other,,DefendantWin,0.715736706195995,0.715736706195995,2013
4261925,berger & montague,mccarter & english,other,,DefendantWin,0.715736706195995,0.715736706195995,2013
4261925,berger & montague,williams & connolly,other,,DefendantWin,0.715736706195995,0.715736706195995,2013
4261925,berger & montague,covington & burling,other,,DefendantWin,0.715736706195995,0.715736706195995,2013
4261925,berger & montague,mccarter & english,other,,DefendantWin,0.715736706195995,0.715736706195995,2013
4261925,grant & eisenhofer,kirkland & ellis,other,,DefendantWin,0.715736706195995,0.715736706195995,2013
4261925,grant & eisenhofer,mccarter & english,other,,DefendantWin,0.715736706195995,0.715736706195995,2013
4261925,grant & eisenhofer,williams & connolly,other,,DefendantWin,0.715736706195995,0.715736706195995,2013
4261925,grant & eisenhofer,covington & burling,other,,DefendantWin,0.715736706195995,0.715736706195995,2013
4261925,grant & eisenhofer,mccarter & english,other,,DefendantWin,0.715736706195995,0.715736706195995,2013
4261925,cohen milstein sellers & toll,kirkland & ellis,other,,DefendantWin,0.715736706195995,0.715736706195995,2013
4261925,cohen milstein sellers & toll,mccarter & english,other,,DefendantWin,0.715736706195995,0.715736706195995,2013
4261925,cohen milstein sellers & toll,williams & connolly,other,,DefendantWin,0.715736706195995,0.715736706195995,2013
4261925,cohen milstein sellers & toll,covington & burling,other,,DefendantWin,0.715736706195995,0.715736706195995,2013
4261925,cohen milstein sellers & toll,mccarter & english,other,,DefendantWin,0.715736706195995,0.715736706195995,2013
4261925,grant & eisenhofer,kirkland & ellis,other,,DefendantWin,0.715736706195995,0.715736706195995,2013
4261925,grant & eisenhofer,mccarter & english,other,,DefendantWin,0.715736706195995,0.715736706195995,2013
4261925,grant & eisenhofer,williams & connolly,other,,DefendantWin,0.715736706195995,0.715736706195995,2013
4261925,grant & eisenhofer,covington & burling,other,,DefendantWin,0.715736706195995,0.715736706195995,2013
4261925,grant & eisenhofer,mccarter & english,other,,DefendantWin,0.715736706195995,0.715736706195995,2013
4261925,hagens berman sobol shapiro,kirkland & ellis,other,,DefendantWin,0.715736706195995,0.715736706195995,2013
4261925,hagens berman sobol shapiro,mccarter & english,other,,DefendantWin,0.715736706195995,0.715736706195995,2013
4261925,hagens berman sobol shapiro,williams & connolly,other,,DefendantWin,0.715736706195995,0.715736706195995,2013
4261925,hagens berman sobol shapiro,covington & burling,other,,DefendantWin,0.715736706195995,0.715736706195995,2013
4261925,hagens berman sobol shapiro,mccarter & english,other,,DefendantWin,0.715736706195995,0.715736706195995,2013
4262839,sidley austin,latham & watkins,other,,PlaintiffWin,0.8322096710136595,0.8322096710136595,2015
4262839,sidley austin,greenberg traurig,other,,PlaintiffWin,0.8322096710136595,0.8322096710136595,2015
4263707,"boies, schiller & flexner",united states attorney,civil_rights,,PlaintiffWin,0.8433722527512688,0.8433722527512688,2015
4265763,"boies, schiller & flexner",united states attorney,civil_rights,,PlaintiffWin,0.8433722527512688,0.8433722527512688,2015
4266510,hagens berman sobol shapiro,"morgan, lewis & bockius",other,,PlaintiffWin,0.8041898175729113,0.8041898175729113,2015
4266510,hagens berman sobol shapiro,williams & connolly,other,,PlaintiffWin,0.8041898175729113,0.8041898175729113,2015
4266510,hagens berman sobol shapiro,"morgan, lewis & bockius",other,,PlaintiffWin,0.8041898175729113,0.8041898175729113,2015
4266510,hagens berman sobol shapiro,williams & connolly,other,,PlaintiffWin,0.8041898175729113,0.8041898175729113,2015
4268022,glancy binkow & goldberg,"morgan, lewis & bockius",other,,PlaintiffWin,0.961687239436578,0.961687239436578,2015
4274262,robbins geller rudman & dowd,"weil, gotshal & manges",other,,PlaintiffWin,0.9569938976370724,0.9569938976370724,2014
4275594,attorney general,"shook, hardy & bacon",other,,PlaintiffWin,0.8562025160108,0.8562025160108,2014
4275594,attorney general,cahill gordon & reindel,other,,PlaintiffWin,0.8562025160108,0.8562025160108,2014
4275594,attorney general,morrison & foerster,other,,PlaintiffWin,0.8562025160108,0.8562025160108,2014
4275594,cahill gordon & reindel,"shook, hardy & bacon",other,,PlaintiffWin,0.8562025160108,0.8562025160108,2014
4275594,cahill gordon & reindel,cahill gordon & reindel,other,,PlaintiffWin,0.8562025160108,0.8562025160108,2014
4275594,cahill gordon & reindel,morrison & foerster,other,,PlaintiffWin,0.8562025160108,0.8562025160108,2014
4275594,cohen milstein sellers & toll,"shook, hardy & bacon",other,,PlaintiffWin,0.8562025160108,0.8562025160108,2014
4275594,cohen milstein sellers & toll,cahill gordon & reindel,other,,PlaintiffWin,0.8562025160108,0.8562025160108,2014
4275594,cohen milstein sellers & toll,morrison & foerster,other,,PlaintiffWin,0.8562025160108,0.8562025160108,2014
4288829,robbins geller rudman & dowd,"skadden, arps, slate, meagher & flom",other,,PlaintiffWin,0.9252713589902004,0.9252713589902004,2016
4288829,kaplan fox & kilsheimer,"skadden, arps, slate, meagher & flom",other,,PlaintiffWin,0.9252713589902004,0.9252713589902004,2016
4288829,grant & eisenhofer,"skadden, arps, slate, meagher & flom",other,,PlaintiffWin,0.9252713589902004,0.9252713589902004,2016
4289308,sidley austin,attorney general,civil_rights,,PlaintiffWin,0.8085007277426481,0.8085007277426481,2015
4289767,glancy binkow & goldberg,sidley austin,contract,,PlaintiffWin,0.9705688475719656,0.9705688475719656,2015
4290125,cohen milstein sellers & toll,williams & connolly,other,,PlaintiffWin,0.6866343571794671,0.6866343571794671,2015
4304260,united states attorney,united states attorney,other,,PlaintiffWin,0.8767996471958108,0.8767996471958108,2014
4304260,united states attorney,sullivan & cromwell,other,,PlaintiffWin,0.8767996471958108,0.8767996471958108,2014
4304260,united states attorney,sullivan & cromwell,other,,PlaintiffWin,0.8767996471958108,0.8767996471958108,2014
4304260,united states attorney,simpson thacher & bartlett,other,,PlaintiffWin,0.8767996471958108,0.8767996471958108,2014
4304260,united states attorney,"gibson, dunn & crutcher",other,,PlaintiffWin,0.8767996471958108,0.8767996471958108,2014
4304260,united states attorney,covington & burling,other,,PlaintiffWin,0.8767996471958108,0.8767996471958108,2014
4304260,united states attorney,mcdermott will & emery,other,,PlaintiffWin,0.8767996471958108,0.8767996471958108,2014
4304260,united states attorney,"boies, schiller & flexner",other,,PlaintiffWin,0.8767996471958108,0.8767996471958108,2014
4304260,united states attorney,covington & burling,other,,PlaintiffWin,0.8767996471958108,0.8767996471958108,2014
4304260,united states attorney,davis polk & wardwell,other,,PlaintiffWin,0.8767996471958108,0.8767996471958108,2014
4304260,united states attorney,"milbank, tweed, hadley & mccloy",other,,PlaintiffWin,0.8767996471958108,0.8767996471958108,2014
4304260,united states attorney,hughes hubbard & reed,other,,PlaintiffWin,0.8767996471958108,0.8767996471958108,2014
4304260,united states attorney,"gibson, dunn & crutcher",other,,PlaintiffWin,0.8767996471958108,0.8767996471958108,2014
4304260,united states attorney,wilmer cutler pickering hale & dor,other,,PlaintiffWin,0.8767996471958108,0.8767996471958108,2014
4304260,united states attorney,simpson thacher & bartlett,other,,PlaintiffWin,0.8767996471958108,0.8767996471958108,2014
4304260,united states attorney,locke lord bissell & liddell,other,,PlaintiffWin,0.8767996471958108,0.8767996471958108,2014
4304260,united states attorney,paul weiss rifkind wharton & garrison,other,,PlaintiffWin,0.8767996471958108,0.8767996471958108,2014
4304260,united states attorney,cahill gordon & reindel,other,,PlaintiffWin,0.8767996471958108,0.8767996471958108,2014
4304260,united states attorney,"boies, schiller & flexner",other,,PlaintiffWin,0.8767996471958108,0.8767996471958108,2014
4304260,united states attorney,davis polk & wardwell,other,,PlaintiffWin,0.8767996471958108,0.8767996471958108,2014
4304260,united states attorney,hughes hubbard & reed,other,,PlaintiffWin,0.8767996471958108,0.8767996471958108,2014
4304260,united states attorney,katten muchin rosenman,other,,PlaintiffWin,0.8767996471958108,0.8767996471958108,2014
4304260,united states attorney,sidley austin,other,,PlaintiffWin,0.8767996471958108,0.8767996471958108,2014
4304260,united states attorney,schiff hardin,other,,PlaintiffWin,0.8767996471958108,0.8767996471958108,2014
4304260,united states attorney,mayer brown,other,,PlaintiffWin,0.8767996471958108,0.8767996471958108,2014
4304260,united states attorney,sidley austin,other,,PlaintiffWin,0.8767996471958108,0.8767996471958108,2014
4304260,united states attorney,covington & burling,other,,PlaintiffWin,0.8767996471958108,0.8767996471958108,2014
4304260,united states attorney,sullivan & cromwell,other,,PlaintiffWin,0.8767996471958108,0.8767996471958108,2014
4304260,freed kanner london & millen,united states attorney,other,,PlaintiffWin,0.8767996471958108,0.8767996471958108,2014
4304260,freed kanner london & millen,sullivan & cromwell,other,,PlaintiffWin,0.8767996471958108,0.8767996471958108,2014
4304260,freed kanner london & millen,sullivan & cromwell,other,,PlaintiffWin,0.8767996471958108,0.8767996471958108,2014
4304260,freed kanner london & millen,simpson thacher & bartlett,other,,PlaintiffWin,0.8767996471958108,0.8767996471958108,2014
4304260,freed kanner london & millen,"gibson, dunn & crutcher",other,,PlaintiffWin,0.8767996471958108,0.8767996471958108,2014
4304260,freed kanner london & millen,covington & burling,other,,PlaintiffWin,0.8767996471958108,0.8767996471958108,2014
4304260,freed kanner london & millen,mcdermott will & emery,other,,PlaintiffWin,0.8767996471958108,0.8767996471958108,2014
4304260,freed kanner london & millen,"boies, schiller & flexner",other,,PlaintiffWin,0.8767996471958108,0.8767996471958108,2014
4304260,freed kanner london & millen,covington & burling,other,,PlaintiffWin,0.8767996471958108,0.8767996471958108,2014
4304260,freed kanner london & millen,davis polk & wardwell,other,,PlaintiffWin,0.8767996471958108,0.8767996471958108,2014
4304260,freed kanner london & millen,"milbank, tweed, hadley & mccloy",other,,PlaintiffWin,0.8767996471958108,0.8767996471958108,2014
4304260,freed kanner london & millen,hughes hubbard & reed,other,,PlaintiffWin,0.8767996471958108,0.8767996471958108,2014
4304260,freed kanner london & millen,"gibson, dunn & crutcher",other,,PlaintiffWin,0.8767996471958108,0.8767996471958108,2014
4304260,freed kanner london & millen,wilmer cutler pickering hale & dor,other,,PlaintiffWin,0.8767996471958108,0.8767996471958108,2014
4304260,freed kanner london & millen,simpson thacher & bartlett,other,,PlaintiffWin,0.8767996471958108,0.8767996471958108,2014
4304260,freed kanner london & millen,locke lord bissell & liddell,other,,PlaintiffWin,0.8767996471958108,0.8767996471958108,2014
4304260,freed kanner london & millen,paul weiss rifkind wharton & garrison,other,,PlaintiffWin,0.8767996471958108,0.8767996471958108,2014
4304260,freed kanner london & millen,cahill gordon & reindel,other,,PlaintiffWin,0.8767996471958108,0.8767996471958108,2014
4304260,freed kanner london & millen,"boies, schiller & flexner",other,,PlaintiffWin,0.8767996471958108,0.8767996471958108,2014
4304260,freed kanner london & millen,davis polk & wardwell,other,,PlaintiffWin,0.8767996471958108,0.8767996471958108,2014
4304260,freed kanner london & millen,hughes hubbard & reed,other,,PlaintiffWin,0.8767996471958108,0.8767996471958108,2014
4304260,freed kanner london & millen,katten muchin rosenman,other,,PlaintiffWin,0.8767996471958108,0.8767996471958108,2014
4304260,freed kanner london & millen,sidley austin,other,,PlaintiffWin,0.8767996471958108,0.8767996471958108,2014
4304260,freed kanner london & millen,schiff hardin,other,,PlaintiffWin,0.8767996471958108,0.8767996471958108,2014
4304260,freed kanner london & millen,mayer brown,other,,PlaintiffWin,0.8767996471958108,0.8767996471958108,2014
4304260,freed kanner london & millen,sidley austin,other,,PlaintiffWin,0.8767996471958108,0.8767996471958108,2014
4304260,freed kanner london & millen,covington & burling,other,,PlaintiffWin,0.8767996471958108,0.8767996471958108,2014
4304260,freed kanner london & millen,sullivan & cromwell,other,,PlaintiffWin,0.8767996471958108,0.8767996471958108,2014
4304260,"robins, kaplan, miller & ciresi",united states attorney,other,,PlaintiffWin,0.8767996471958108,0.8767996471958108,2014
4304260,"robins, kaplan, miller & ciresi",sullivan & cromwell,other,,PlaintiffWin,0.8767996471958108,0.8767996471958108,2014
4304260,"robins, kaplan, miller & ciresi",sullivan & cromwell,other,,PlaintiffWin,0.8767996471958108,0.8767996471958108,2014
4304260,"robins, kaplan, miller & ciresi",simpson thacher & bartlett,other,,PlaintiffWin,0.8767996471958108,0.8767996471958108,2014
4304260,"robins, kaplan, miller & ciresi","gibson, dunn & crutcher",other,,PlaintiffWin,0.8767996471958108,0.8767996471958108,2014
4304260,"robins, kaplan, miller & ciresi",covington & burling,other,,PlaintiffWin,0.8767996471958108,0.8767996471958108,2014
4304260,"robins, kaplan, miller & ciresi",mcdermott will & emery,other,,PlaintiffWin,0.8767996471958108,0.8767996471958108,2014
4304260,"robins, kaplan, miller & ciresi","boies, schiller & flexner",other,,PlaintiffWin,0.8767996471958108,0.8767996471958108,2014
4304260,"robins, kaplan, miller & ciresi",covington & burling,other,,PlaintiffWin,0.8767996471958108,0.8767996471958108,2014
4304260,"robins, kaplan, miller & ciresi",davis polk & wardwell,other,,PlaintiffWin,0.8767996471958108,0.8767996471958108,2014
4304260,"robins, kaplan, miller & ciresi","milbank, tweed, hadley & mccloy",other,,PlaintiffWin,0.8767996471958108,0.8767996471958108,2014
4304260,"robins, kaplan, miller & ciresi",hughes hubbard & reed,other,,PlaintiffWin,0.8767996471958108,0.8767996471958108,2014
4304260,"robins, kaplan, miller & ciresi","gibson, dunn & crutcher",other,,PlaintiffWin,0.8767996471958108,0.8767996471958108,2014
4304260,"robins, kaplan, miller & ciresi",wilmer cutler pickering hale & dor,other,,PlaintiffWin,0.8767996471958108,0.8767996471958108,2014
4304260,"robins, kaplan, miller & ciresi",simpson thacher & bartlett,other,,PlaintiffWin,0.8767996471958108,0.8767996471958108,2014
4304260,"robins, kaplan, miller & ciresi",locke lord bissell & liddell,other,,PlaintiffWin,0.8767996471958108,0.8767996471958108,2014
4304260,"robins, kaplan, miller & ciresi",paul weiss rifkind wharton & garrison,other,,PlaintiffWin,0.8767996471958108,0.8767996471958108,2014
4304260,"robins, kaplan, miller & ciresi",cahill gordon & reindel,other,,PlaintiffWin,0.8767996471958108,0.8767996471958108,2014
4304260,"robins, kaplan, miller & ciresi","boies, schiller & flexner",other,,PlaintiffWin,0.8767996471958108,0.8767996471958108,2014
4304260,"robins, kaplan, miller & ciresi",davis polk & wardwell,other,,PlaintiffWin,0.8767996471958108,0.8767996471958108,2014
4304260,"robins, kaplan, miller & ciresi",hughes hubbard & reed,other,,PlaintiffWin,0.8767996471958108,0.8767996471958108,2014
4304260,"robins, kaplan, miller & ciresi",katten muchin rosenman,other,,PlaintiffWin,0.8767996471958108,0.8767996471958108,2014
4304260,"robins, kaplan, miller & ciresi",sidley austin,other,,PlaintiffWin,0.8767996471958108,0.8767996471958108,2014
4304260,"robins, kaplan, miller & ciresi",schiff hardin,other,,PlaintiffWin,0.8767996471958108,0.8767996471958108,2014
4304260,"robins, kaplan, miller & ciresi",mayer brown,other,,PlaintiffWin,0.8767996471958108,0.8767996471958108,2014
4304260,"robins, kaplan, miller & ciresi",sidley austin,other,,PlaintiffWin,0.8767996471958108,0.8767996471958108,2014
4304260,"robins, kaplan, miller & ciresi",covington & burling,other,,PlaintiffWin,0.8767996471958108,0.8767996471958108,2014
4304260,"robins, kaplan, miller & ciresi",sullivan & cromwell,other,,PlaintiffWin,0.8767996471958108,0.8767996471958108,2014
4304260,"shepherd, finkelman, miller & shah",united states attorney,other,,PlaintiffWin,0.8767996471958108,0.8767996471958108,2014
4304260,"shepherd, finkelman, miller & shah",sullivan & cromwell,other,,PlaintiffWin,0.8767996471958108,0.8767996471958108,2014
4304260,"shepherd, finkelman, miller & shah",sullivan & cromwell,other,,PlaintiffWin,0.8767996471958108,0.8767996471958108,2014
4304260,"shepherd, finkelman, miller & shah",simpson thacher & bartlett,other,,PlaintiffWin,0.8767996471958108,0.8767996471958108,2014
4304260,"shepherd, finkelman, miller & shah","gibson, dunn & crutcher",other,,PlaintiffWin,0.8767996471958108,0.8767996471958108,2014
4304260,"shepherd, finkelman, miller & shah",covington & burling,other,,PlaintiffWin,0.8767996471958108,0.8767996471958108,2014
4304260,"shepherd, finkelman, miller & shah",mcdermott will & emery,other,,PlaintiffWin,0.8767996471958108,0.8767996471958108,2014
4304260,"shepherd, finkelman, miller & shah","boies, schiller & flexner",other,,PlaintiffWin,0.8767996471958108,0.8767996471958108,2014
4304260,"shepherd, finkelman, miller & shah",covington & burling,other,,PlaintiffWin,0.8767996471958108,0.8767996471958108,2014
4304260,"shepherd, finkelman, miller & shah",davis polk & wardwell,other,,PlaintiffWin,0.8767996471958108,0.8767996471958108,2014
4304260,"shepherd, finkelman, miller & shah","milbank, tweed, hadley & mccloy",other,,PlaintiffWin,0.8767996471958108,0.8767996471958108,2014
4304260,"shepherd, finkelman, miller & shah",hughes hubbard & reed,other,,PlaintiffWin,0.8767996471958108,0.8767996471958108,2014
4304260,"shepherd, finkelman, miller & shah","gibson, dunn & crutcher",other,,PlaintiffWin,0.8767996471958108,0.8767996471958108,2014
4304260,"shepherd, finkelman, miller & shah",wilmer cutler pickering hale & dor,other,,PlaintiffWin,0.8767996471958108,0.8767996471958108,2014
4304260,"shepherd, finkelman, miller & shah",simpson thacher & bartlett,other,,PlaintiffWin,0.8767996471958108,0.8767996471958108,2014
4304260,"shepherd, finkelman, miller & shah",locke lord bissell & liddell,other,,PlaintiffWin,0.8767996471958108,0.8767996471958108,2014
4304260,"shepherd, finkelman, miller & shah",paul weiss rifkind wharton & garrison,other,,PlaintiffWin,0.8767996471958108,0.8767996471958108,2014
4304260,"shepherd, finkelman, miller & shah",cahill gordon & reindel,other,,PlaintiffWin,0.8767996471958108,0.8767996471958108,2014
4304260,"shepherd, finkelman, miller & shah","boies, schiller & flexner",other,,PlaintiffWin,0.8767996471958108,0.8767996471958108,2014
4304260,"shepherd, finkelman, miller & shah",davis polk & wardwell,other,,PlaintiffWin,0.8767996471958108,0.8767996471958108,2014
4304260,"shepherd, finkelman, miller & shah",hughes hubbard & reed,other,,PlaintiffWin,0.8767996471958108,0.8767996471958108,2014
4304260,"shepherd, finkelman, miller & shah",katten muchin rosenman,other,,PlaintiffWin,0.8767996471958108,0.8767996471958108,2014
4304260,"shepherd, finkelman, miller & shah",sidley austin,other,,PlaintiffWin,0.8767996471958108,0.8767996471958108,2014
4304260,"shepherd, finkelman, miller & shah",schiff hardin,other,,PlaintiffWin,0.8767996471958108,0.8767996471958108,2014
4304260,"shepherd, finkelman, miller & shah",mayer brown,other,,PlaintiffWin,0.8767996471958108,0.8767996471958108,2014
4304260,"shepherd, finkelman, miller & shah",sidley austin,other,,PlaintiffWin,0.8767996471958108,0.8767996471958108,2014
4304260,"shepherd, finkelman, miller & shah",covington & burling,other,,PlaintiffWin,0.8767996471958108,0.8767996471958108,2014
4304260,"shepherd, finkelman, miller & shah",sullivan & cromwell,other,,PlaintiffWin,0.8767996471958108,0.8767996471958108,2014
4304260,robbins geller rudman & dowd,united states attorney,other,,PlaintiffWin,0.8767996471958108,0.8767996471958108,2014
4304260,robbins geller rudman & dowd,sullivan & cromwell,other,,PlaintiffWin,0.8767996471958108,0.8767996471958108,2014
4304260,robbins geller rudman & dowd,sullivan & cromwell,other,,PlaintiffWin,0.8767996471958108,0.8767996471958108,2014
4304260,robbins geller rudman & dowd,simpson thacher & bartlett,other,,PlaintiffWin,0.8767996471958108,0.8767996471958108,2014
4304260,robbins geller rudman & dowd,"gibson, dunn & crutcher",other,,PlaintiffWin,0.8767996471958108,0.8767996471958108,2014
4304260,robbins geller rudman & dowd,covington & burling,other,,PlaintiffWin,0.8767996471958108,0.8767996471958108,2014
4304260,robbins geller rudman & dowd,mcdermott will & emery,other,,PlaintiffWin,0.8767996471958108,0.8767996471958108,2014
4304260,robbins geller rudman & dowd,"boies, schiller & flexner",other,,PlaintiffWin,0.8767996471958108,0.8767996471958108,2014
4304260,robbins geller rudman & dowd,covington & burling,other,,PlaintiffWin,0.8767996471958108,0.8767996471958108,2014
4304260,robbins geller rudman & dowd,davis polk & wardwell,other,,PlaintiffWin,0.8767996471958108,0.8767996471958108,2014
4304260,robbins geller rudman & dowd,"milbank, tweed, hadley & mccloy",other,,PlaintiffWin,0.8767996471958108,0.8767996471958108,2014
4304260,robbins geller rudman & dowd,hughes hubbard & reed,other,,PlaintiffWin,0.8767996471958108,0.8767996471958108,2014
4304260,robbins geller rudman & dowd,"gibson, dunn & crutcher",other,,PlaintiffWin,0.8767996471958108,0.8767996471958108,2014
4304260,robbins geller rudman & dowd,wilmer cutler pickering hale & dor,other,,PlaintiffWin,0.8767996471958108,0.8767996471958108,2014
4304260,robbins geller rudman & dowd,simpson thacher & bartlett,other,,PlaintiffWin,0.8767996471958108,0.8767996471958108,2014
4304260,robbins geller rudman & dowd,locke lord bissell & liddell,other,,PlaintiffWin,0.8767996471958108,0.8767996471958108,2014
4304260,robbins geller rudman & dowd,paul weiss rifkind wharton & garrison,other,,PlaintiffWin,0.8767996471958108,0.8767996471958108,2014
4304260,robbins geller rudman & dowd,cahill gordon & reindel,other,,PlaintiffWin,0.8767996471958108,0.8767996471958108,2014
4304260,robbins geller rudman & dowd,"boies, schiller & flexner",other,,PlaintiffWin,0.8767996471958108,0.8767996471958108,2014
4304260,robbins geller rudman & dowd,davis polk & wardwell,other,,PlaintiffWin,0.8767996471958108,0.8767996471958108,2014
4304260,robbins geller rudman & dowd,hughes hubbard & reed,other,,PlaintiffWin,0.8767996471958108,0.8767996471958108,2014
4304260,robbins geller rudman & dowd,katten muchin rosenman,other,,PlaintiffWin,0.8767996471958108,0.8767996471958108,2014
4304260,robbins geller rudman & dowd,sidley austin,other,,PlaintiffWin,0.8767996471958108,0.8767996471958108,2014
4304260,robbins geller rudman & dowd,schiff hardin,other,,PlaintiffWin,0.8767996471958108,0.8767996471958108,2014
4304260,robbins geller rudman & dowd,mayer brown,other,,PlaintiffWin,0.8767996471958108,0.8767996471958108,2014
4304260,robbins geller rudman & dowd,sidley austin,other,,PlaintiffWin,0.8767996471958108,0.8767996471958108,2014
4304260,robbins geller rudman & dowd,covington & burling,other,,PlaintiffWin,0.8767996471958108,0.8767996471958108,2014
4304260,robbins geller rudman & dowd,sullivan & cromwell,other,,PlaintiffWin,0.8767996471958108,0.8767996471958108,2014
4304260,berger & montague,united states attorney,other,,PlaintiffWin,0.8767996471958108,0.8767996471958108,2014
4304260,berger & montague,sullivan & cromwell,other,,PlaintiffWin,0.8767996471958108,0.8767996471958108,2014
4304260,berger & montague,sullivan & cromwell,other,,PlaintiffWin,0.8767996471958108,0.8767996471958108,2014
4304260,berger & montague,simpson thacher & bartlett,other,,PlaintiffWin,0.8767996471958108,0.8767996471958108,2014
4304260,berger & montague,"gibson, dunn & crutcher",other,,PlaintiffWin,0.8767996471958108,0.8767996471958108,2014
4304260,berger & montague,covington & burling,other,,PlaintiffWin,0.8767996471958108,0.8767996471958108,2014
4304260,berger & montague,mcdermott will & emery,other,,PlaintiffWin,0.8767996471958108,0.8767996471958108,2014
4304260,berger & montague,"boies, schiller & flexner",other,,PlaintiffWin,0.8767996471958108,0.8767996471958108,2014
4304260,berger & montague,covington & burling,other,,PlaintiffWin,0.8767996471958108,0.8767996471958108,2014
4304260,berger & montague,davis polk & wardwell,other,,PlaintiffWin,0.8767996471958108,0.8767996471958108,2014
4304260,berger & montague,"milbank, tweed, hadley & mccloy",other,,PlaintiffWin,0.8767996471958108,0.8767996471958108,2014
4304260,berger & montague,hughes hubbard & reed,other,,PlaintiffWin,0.8767996471958108,0.8767996471958108,2014
4304260,berger & montague,"gibson, dunn & crutcher",other,,PlaintiffWin,0.8767996471958108,0.8767996471958108,2014
4304260,berger & montague,wilmer cutler pickering hale & dor,other,,PlaintiffWin,0.8767996471958108,0.8767996471958108,2014
4304260,berger & montague,simpson thacher & bartlett,other,,PlaintiffWin,0.8767996471958108,0.8767996471958108,2014
4304260,berger & montague,locke lord bissell & liddell,other,,PlaintiffWin,0.8767996471958108,0.8767996471958108,2014
4304260,berger & montague,paul weiss rifkind wharton & garrison,other,,PlaintiffWin,0.8767996471958108,0.8767996471958108,2014
4304260,berger & montague,cahill gordon & reindel,other,,PlaintiffWin,0.8767996471958108,0.8767996471958108,2014
4304260,berger & montague,"boies, schiller & flexner",other,,PlaintiffWin,0.8767996471958108,0.8767996471958108,2014
4304260,berger & montague,davis polk & wardwell,other,,PlaintiffWin,0.8767996471958108,0.8767996471958108,2014
4304260,berger & montague,hughes hubbard & reed,other,,PlaintiffWin,0.8767996471958108,0.8767996471958108,2014
4304260,berger & montague,katten muchin rosenman,other,,PlaintiffWin,0.8767996471958108,0.8767996471958108,2014
4304260,berger & montague,sidley austin,other,,PlaintiffWin,0.8767996471958108,0.8767996471958108,2014
4304260,berger & montague,schiff hardin,other,,PlaintiffWin,0.8767996471958108,0.8767996471958108,2014
4304260,berger & montague,mayer brown,other,,PlaintiffWin,0.8767996471958108,0.8767996471958108,2014
4304260,berger & montague,sidley austin,other,,PlaintiffWin,0.8767996471958108,0.8767996471958108,2014
4304260,berger & montague,covington & burling,other,,PlaintiffWin,0.8767996471958108,0.8767996471958108,2014
4304260,berger & montague,sullivan & cromwell,other,,PlaintiffWin,0.8767996471958108,0.8767996471958108,2014
4304260,kaplan fox & kilsheimer,united states attorney,other,,PlaintiffWin,0.8767996471958108,0.8767996471958108,2014
4304260,kaplan fox & kilsheimer,sullivan & cromwell,other,,PlaintiffWin,0.8767996471958108,0.8767996471958108,2014
4304260,kaplan fox & kilsheimer,sullivan & cromwell,other,,PlaintiffWin,0.8767996471958108,0.8767996471958108,2014
4304260,kaplan fox & kilsheimer,simpson thacher & bartlett,other,,PlaintiffWin,0.8767996471958108,0.8767996471958108,2014
4304260,kaplan fox & kilsheimer,"gibson, dunn & crutcher",other,,PlaintiffWin,0.8767996471958108,0.8767996471958108,2014
4304260,kaplan fox & kilsheimer,covington & burling,other,,PlaintiffWin,0.8767996471958108,0.8767996471958108,2014
4304260,kaplan fox & kilsheimer,mcdermott will & emery,other,,PlaintiffWin,0.8767996471958108,0.8767996471958108,2014
4304260,kaplan fox & kilsheimer,"boies, schiller & flexner",other,,PlaintiffWin,0.8767996471958108,0.8767996471958108,2014
4304260,kaplan fox & kilsheimer,covington & burling,other,,PlaintiffWin,0.8767996471958108,0.8767996471958108,2014
4304260,kaplan fox & kilsheimer,davis polk & wardwell,other,,PlaintiffWin,0.8767996471958108,0.8767996471958108,2014
4304260,kaplan fox & kilsheimer,"milbank, tweed, hadley & mccloy",other,,PlaintiffWin,0.8767996471958108,0.8767996471958108,2014
4304260,kaplan fox & kilsheimer,hughes hubbard & reed,other,,PlaintiffWin,0.8767996471958108,0.8767996471958108,2014
4304260,kaplan fox & kilsheimer,"gibson, dunn & crutcher",other,,PlaintiffWin,0.8767996471958108,0.8767996471958108,2014
4304260,kaplan fox & kilsheimer,wilmer cutler pickering hale & dor,other,,PlaintiffWin,0.8767996471958108,0.8767996471958108,2014
4304260,kaplan fox & kilsheimer,simpson thacher & bartlett,other,,PlaintiffWin,0.8767996471958108,0.8767996471958108,2014
4304260,kaplan fox & kilsheimer,locke lord bissell & liddell,other,,PlaintiffWin,0.8767996471958108,0.8767996471958108,2014
4304260,kaplan fox & kilsheimer,paul weiss rifkind wharton & garrison,other,,PlaintiffWin,0.8767996471958108,0.8767996471958108,2014
4304260,kaplan fox & kilsheimer,cahill gordon & reindel,other,,PlaintiffWin,0.8767996471958108,0.8767996471958108,2014
4304260,kaplan fox & kilsheimer,"boies, schiller & flexner",other,,PlaintiffWin,0.8767996471958108,0.8767996471958108,2014
4304260,kaplan fox & kilsheimer,davis polk & wardwell,other,,PlaintiffWin,0.8767996471958108,0.8767996471958108,2014
4304260,kaplan fox & kilsheimer,hughes hubbard & reed,other,,PlaintiffWin,0.8767996471958108,0.8767996471958108,2014
4304260,kaplan fox & kilsheimer,katten muchin rosenman,other,,PlaintiffWin,0.8767996471958108,0.8767996471958108,2014
4304260,kaplan fox & kilsheimer,sidley austin,other,,PlaintiffWin,0.8767996471958108,0.8767996471958108,2014
4304260,kaplan fox & kilsheimer,schiff hardin,other,,PlaintiffWin,0.8767996471958108,0.8767996471958108,2014
4304260,kaplan fox & kilsheimer,mayer brown,other,,PlaintiffWin,0.8767996471958108,0.8767996471958108,2014
4304260,kaplan fox & kilsheimer,sidley austin,other,,PlaintiffWin,0.8767996471958108,0.8767996471958108,2014
4304260,kaplan fox & kilsheimer,covington & burling,other,,PlaintiffWin,0.8767996471958108,0.8767996471958108,2014
4304260,kaplan fox & kilsheimer,sullivan & cromwell,other,,PlaintiffWin,0.8767996471958108,0.8767996471958108,2014
4304260,glancy binkow & goldberg,united states attorney,other,,PlaintiffWin,0.8767996471958108,0.8767996471958108,2014
4304260,glancy binkow & goldberg,sullivan & cromwell,other,,PlaintiffWin,0.8767996471958108,0.8767996471958108,2014
4304260,glancy binkow & goldberg,sullivan & cromwell,other,,PlaintiffWin,0.8767996471958108,0.8767996471958108,2014
4304260,glancy binkow & goldberg,simpson thacher & bartlett,other,,PlaintiffWin,0.8767996471958108,0.8767996471958108,2014
4304260,glancy binkow & goldberg,"gibson, dunn & crutcher",other,,PlaintiffWin,0.8767996471958108,0.8767996471958108,2014
4304260,glancy binkow & goldberg,covington & burling,other,,PlaintiffWin,0.8767996471958108,0.8767996471958108,2014
4304260,glancy binkow & goldberg,mcdermott will & emery,other,,PlaintiffWin,0.8767996471958108,0.8767996471958108,2014
4304260,glancy binkow & goldberg,"boies, schiller & flexner",other,,PlaintiffWin,0.8767996471958108,0.8767996471958108,2014
4304260,glancy binkow & goldberg,covington & burling,other,,PlaintiffWin,0.8767996471958108,0.8767996471958108,2014
4304260,glancy binkow & goldberg,davis polk & wardwell,other,,PlaintiffWin,0.8767996471958108,0.8767996471958108,2014
4304260,glancy binkow & goldberg,"milbank, tweed, hadley & mccloy",other,,PlaintiffWin,0.8767996471958108,0.8767996471958108,2014
4304260,glancy binkow & goldberg,hughes hubbard & reed,other,,PlaintiffWin,0.8767996471958108,0.8767996471958108,2014
4304260,glancy binkow & goldberg,"gibson, dunn & crutcher",other,,PlaintiffWin,0.8767996471958108,0.8767996471958108,2014
4304260,glancy binkow & goldberg,wilmer cutler pickering hale & dor,other,,PlaintiffWin,0.8767996471958108,0.8767996471958108,2014
4304260,glancy binkow & goldberg,simpson thacher & bartlett,other,,PlaintiffWin,0.8767996471958108,0.8767996471958108,2014
4304260,glancy binkow & goldberg,locke lord bissell & liddell,other,,PlaintiffWin,0.8767996471958108,0.8767996471958108,2014
4304260,glancy binkow & goldberg,paul weiss rifkind wharton & garrison,other,,PlaintiffWin,0.8767996471958108,0.8767996471958108,2014
4304260,glancy binkow & goldberg,cahill gordon & reindel,other,,PlaintiffWin,0.8767996471958108,0.8767996471958108,2014
4304260,glancy binkow & goldberg,"boies, schiller & flexner",other,,PlaintiffWin,0.8767996471958108,0.8767996471958108,2014
4304260,glancy binkow & goldberg,davis polk & wardwell,other,,PlaintiffWin,0.8767996471958108,0.8767996471958108,2014
4304260,glancy binkow & goldberg,hughes hubbard & reed,other,,PlaintiffWin,0.8767996471958108,0.8767996471958108,2014
4304260,glancy binkow & goldberg,katten muchin rosenman,other,,PlaintiffWin,0.8767996471958108,0.8767996471958108,2014
4304260,glancy binkow & goldberg,sidley austin,other,,PlaintiffWin,0.8767996471958108,0.8767996471958108,2014
4304260,glancy binkow & goldberg,schiff hardin,other,,PlaintiffWin,0.8767996471958108,0.8767996471958108,2014
4304260,glancy binkow & goldberg,mayer brown,other,,PlaintiffWin,0.8767996471958108,0.8767996471958108,2014
4304260,glancy binkow & goldberg,sidley austin,other,,PlaintiffWin,0.8767996471958108,0.8767996471958108,2014
4304260,glancy binkow & goldberg,covington & burling,other,,PlaintiffWin,0.8767996471958108,0.8767996471958108,2014
4304260,glancy binkow & goldberg,sullivan & cromwell,other,,PlaintiffWin,0.8767996471958108,0.8767996471958108,2014
4304260,lieff cabraser heimann & bernstein,united states attorney,other,,PlaintiffWin,0.8767996471958108,0.8767996471958108,2014
4304260,lieff cabraser heimann & bernstein,sullivan & cromwell,other,,PlaintiffWin,0.8767996471958108,0.8767996471958108,2014
4304260,lieff cabraser heimann & bernstein,sullivan & cromwell,other,,PlaintiffWin,0.8767996471958108,0.8767996471958108,2014
4304260,lieff cabraser heimann & bernstein,simpson thacher & bartlett,other,,PlaintiffWin,0.8767996471958108,0.8767996471958108,2014
4304260,lieff cabraser heimann & bernstein,"gibson, dunn & crutcher",other,,PlaintiffWin,0.8767996471958108,0.8767996471958108,2014
4304260,lieff cabraser heimann & bernstein,covington & burling,other,,PlaintiffWin,0.8767996471958108,0.8767996471958108,2014
4304260,lieff cabraser heimann & bernstein,mcdermott will & emery,other,,PlaintiffWin,0.8767996471958108,0.8767996471958108,2014
4304260,lieff cabraser heimann & bernstein,"boies, schiller & flexner",other,,PlaintiffWin,0.8767996471958108,0.8767996471958108,2014
4304260,lieff cabraser heimann & bernstein,covington & burling,other,,PlaintiffWin,0.8767996471958108,0.8767996471958108,2014
4304260,lieff cabraser heimann & bernstein,davis polk & wardwell,other,,PlaintiffWin,0.8767996471958108,0.8767996471958108,2014
4304260,lieff cabraser heimann & bernstein,"milbank, tweed, hadley & mccloy",other,,PlaintiffWin,0.8767996471958108,0.8767996471958108,2014
4304260,lieff cabraser heimann & bernstein,hughes hubbard & reed,other,,PlaintiffWin,0.8767996471958108,0.8767996471958108,2014
4304260,lieff cabraser heimann & bernstein,"gibson, dunn & crutcher",other,,PlaintiffWin,0.8767996471958108,0.8767996471958108,2014
4304260,lieff cabraser heimann & bernstein,wilmer cutler pickering hale & dor,other,,PlaintiffWin,0.8767996471958108,0.8767996471958108,2014
4304260,lieff cabraser heimann & bernstein,simpson thacher & bartlett,other,,PlaintiffWin,0.8767996471958108,0.8767996471958108,2014
4304260,lieff cabraser heimann & bernstein,locke lord bissell & liddell,other,,PlaintiffWin,0.8767996471958108,0.8767996471958108,2014
4304260,lieff cabraser heimann & bernstein,paul weiss rifkind wharton & garrison,other,,PlaintiffWin,0.8767996471958108,0.8767996471958108,2014
4304260,lieff cabraser heimann & bernstein,cahill gordon & reindel,other,,PlaintiffWin,0.8767996471958108,0.8767996471958108,2014
4304260,lieff cabraser heimann & bernstein,"boies, schiller & flexner",other,,PlaintiffWin,0.8767996471958108,0.8767996471958108,2014
4304260,lieff cabraser heimann & bernstein,davis polk & wardwell,other,,PlaintiffWin,0.8767996471958108,0.8767996471958108,2014
4304260,lieff cabraser heimann & bernstein,hughes hubbard & reed,other,,PlaintiffWin,0.8767996471958108,0.8767996471958108,2014
4304260,lieff cabraser heimann & bernstein,katten muchin rosenman,other,,PlaintiffWin,0.8767996471958108,0.8767996471958108,2014
4304260,lieff cabraser heimann & bernstein,sidley austin,other,,PlaintiffWin,0.8767996471958108,0.8767996471958108,2014
4304260,lieff cabraser heimann & bernstein,schiff hardin,other,,PlaintiffWin,0.8767996471958108,0.8767996471958108,2014
4304260,lieff cabraser heimann & bernstein,mayer brown,other,,PlaintiffWin,0.8767996471958108,0.8767996471958108,2014
4304260,lieff cabraser heimann & bernstein,sidley austin,other,,PlaintiffWin,0.8767996471958108,0.8767996471958108,2014
4304260,lieff cabraser heimann & bernstein,covington & burling,other,,PlaintiffWin,0.8767996471958108,0.8767996471958108,2014
4304260,lieff cabraser heimann & bernstein,sullivan & cromwell,other,,PlaintiffWin,0.8767996471958108,0.8767996471958108,2014
4304260,grant & eisenhofer,united states attorney,other,,PlaintiffWin,0.8767996471958108,0.8767996471958108,2014
4304260,grant & eisenhofer,sullivan & cromwell,other,,PlaintiffWin,0.8767996471958108,0.8767996471958108,2014
4304260,grant & eisenhofer,sullivan & cromwell,other,,PlaintiffWin,0.8767996471958108,0.8767996471958108,2014
4304260,grant & eisenhofer,simpson thacher & bartlett,other,,PlaintiffWin,0.8767996471958108,0.8767996471958108,2014
4304260,grant & eisenhofer,"gibson, dunn & crutcher",other,,PlaintiffWin,0.8767996471958108,0.8767996471958108,2014
4304260,grant & eisenhofer,covington & burling,other,,PlaintiffWin,0.8767996471958108,0.8767996471958108,2014
4304260,grant & eisenhofer,mcdermott will & emery,other,,PlaintiffWin,0.8767996471958108,0.8767996471958108,2014
4304260,grant & eisenhofer,"boies, schiller & flexner",other,,PlaintiffWin,0.8767996471958108,0.8767996471958108,2014
4304260,grant & eisenhofer,covington & burling,other,,PlaintiffWin,0.8767996471958108,0.8767996471958108,2014
4304260,grant & eisenhofer,davis polk & wardwell,other,,PlaintiffWin,0.8767996471958108,0.8767996471958108,2014
4304260,grant & eisenhofer,"milbank, tweed, hadley & mccloy",other,,PlaintiffWin,0.8767996471958108,0.8767996471958108,2014
4304260,grant & eisenhofer,hughes hubbard & reed,other,,PlaintiffWin,0.8767996471958108,0.8767996471958108,2014
4304260,grant & eisenhofer,"gibson, dunn & crutcher",other,,PlaintiffWin,0.8767996471958108,0.8767996471958108,2014
4304260,grant & eisenhofer,wilmer cutler pickering hale & dor,other,,PlaintiffWin,0.8767996471958108,0.8767996471958108,2014
4304260,grant & eisenhofer,simpson thacher & bartlett,other,,PlaintiffWin,0.8767996471958108,0.8767996471958108,2014
4304260,grant & eisenhofer,locke lord bissell & liddell,other,,PlaintiffWin,0.8767996471958108,0.8767996471958108,2014
4304260,grant & eisenhofer,paul weiss rifkind wharton & garrison,other,,PlaintiffWin,0.8767996471958108,0.8767996471958108,2014
4304260,grant & eisenhofer,cahill gordon & reindel,other,,PlaintiffWin,0.8767996471958108,0.8767996471958108,2014
4304260,grant & eisenhofer,"boies, schiller & flexner",other,,PlaintiffWin,0.8767996471958108,0.8767996471958108,2014
4304260,grant & eisenhofer,davis polk & wardwell,other,,PlaintiffWin,0.8767996471958108,0.8767996471958108,2014
4304260,grant & eisenhofer,hughes hubbard & reed,other,,PlaintiffWin,0.8767996471958108,0.8767996471958108,2014
4304260,grant & eisenhofer,katten muchin rosenman,other,,PlaintiffWin,0.8767996471958108,0.8767996471958108,2014
4304260,grant & eisenhofer,sidley austin,other,,PlaintiffWin,0.8767996471958108,0.8767996471958108,2014
4304260,grant & eisenhofer,schiff hardin,other,,PlaintiffWin,0.8767996471958108,0.8767996471958108,2014
4304260,grant & eisenhofer,mayer brown,other,,PlaintiffWin,0.8767996471958108,0.8767996471958108,2014
4304260,grant & eisenhofer,sidley austin,other,,PlaintiffWin,0.8767996471958108,0.8767996471958108,2014
4304260,grant & eisenhofer,covington & burling,other,,PlaintiffWin,0.8767996471958108,0.8767996471958108,2014
4304260,grant & eisenhofer,sullivan & cromwell,other,,PlaintiffWin,0.8767996471958108,0.8767996471958108,2014
4304260,susman godfrey,united states attorney,other,,PlaintiffWin,0.8767996471958108,0.8767996471958108,2014
4304260,susman godfrey,sullivan & cromwell,other,,PlaintiffWin,0.8767996471958108,0.8767996471958108,2014
4304260,susman godfrey,sullivan & cromwell,other,,PlaintiffWin,0.8767996471958108,0.8767996471958108,2014
4304260,susman godfrey,simpson thacher & bartlett,other,,PlaintiffWin,0.8767996471958108,0.8767996471958108,2014
4304260,susman godfrey,"gibson, dunn & crutcher",other,,PlaintiffWin,0.8767996471958108,0.8767996471958108,2014
4304260,susman godfrey,covington & burling,other,,PlaintiffWin,0.8767996471958108,0.8767996471958108,2014
4304260,susman godfrey,mcdermott will & emery,other,,PlaintiffWin,0.8767996471958108,0.8767996471958108,2014
4304260,susman godfrey,"boies, schiller & flexner",other,,PlaintiffWin,0.8767996471958108,0.8767996471958108,2014
4304260,susman godfrey,covington & burling,other,,PlaintiffWin,0.8767996471958108,0.8767996471958108,2014
4304260,susman godfrey,davis polk & wardwell,other,,PlaintiffWin,0.8767996471958108,0.8767996471958108,2014
4304260,susman godfrey,"milbank, tweed, hadley & mccloy",other,,PlaintiffWin,0.8767996471958108,0.8767996471958108,2014
4304260,susman godfrey,hughes hubbard & reed,other,,PlaintiffWin,0.8767996471958108,0.8767996471958108,2014
4304260,susman godfrey,"gibson, dunn & crutcher",other,,PlaintiffWin,0.8767996471958108,0.8767996471958108,2014
4304260,susman godfrey,wilmer cutler pickering hale & dor,other,,PlaintiffWin,0.8767996471958108,0.8767996471958108,2014
4304260,susman godfrey,simpson thacher & bartlett,other,,PlaintiffWin,0.8767996471958108,0.8767996471958108,2014
4304260,susman godfrey,locke lord bissell & liddell,other,,PlaintiffWin,0.8767996471958108,0.8767996471958108,2014
4304260,susman godfrey,paul weiss rifkind wharton & garrison,other,,PlaintiffWin,0.8767996471958108,0.8767996471958108,2014
4304260,susman godfrey,cahill gordon & reindel,other,,PlaintiffWin,0.8767996471958108,0.8767996471958108,2014
4304260,susman godfrey,"boies, schiller & flexner",other,,PlaintiffWin,0.8767996471958108,0.8767996471958108,2014
4304260,susman godfrey,davis polk & wardwell,other,,PlaintiffWin,0.8767996471958108,0.8767996471958108,2014
4304260,susman godfrey,hughes hubbard & reed,other,,PlaintiffWin,0.8767996471958108,0.8767996471958108,2014
4304260,susman godfrey,katten muchin rosenman,other,,PlaintiffWin,0.8767996471958108,0.8767996471958108,2014
4304260,susman godfrey,sidley austin,other,,PlaintiffWin,0.8767996471958108,0.8767996471958108,2014
4304260,susman godfrey,schiff hardin,other,,PlaintiffWin,0.8767996471958108,0.8767996471958108,2014
4304260,susman godfrey,mayer brown,other,,PlaintiffWin,0.8767996471958108,0.8767996471958108,2014
4304260,susman godfrey,sidley austin,other,,PlaintiffWin,0.8767996471958108,0.8767996471958108,2014
4304260,susman godfrey,covington & burling,other,,PlaintiffWin,0.8767996471958108,0.8767996471958108,2014
4304260,susman godfrey,sullivan & cromwell,other,,PlaintiffWin,0.8767996471958108,0.8767996471958108,2014
4304260,cotchett pitre & mccarthy,united states attorney,other,,PlaintiffWin,0.8767996471958108,0.8767996471958108,2014
4304260,cotchett pitre & mccarthy,sullivan & cromwell,other,,PlaintiffWin,0.8767996471958108,0.8767996471958108,2014
4304260,cotchett pitre & mccarthy,sullivan & cromwell,other,,PlaintiffWin,0.8767996471958108,0.8767996471958108,2014
4304260,cotchett pitre & mccarthy,simpson thacher & bartlett,other,,PlaintiffWin,0.8767996471958108,0.8767996471958108,2014
4304260,cotchett pitre & mccarthy,"gibson, dunn & crutcher",other,,PlaintiffWin,0.8767996471958108,0.8767996471958108,2014
4304260,cotchett pitre & mccarthy,covington & burling,other,,PlaintiffWin,0.8767996471958108,0.8767996471958108,2014
4304260,cotchett pitre & mccarthy,mcdermott will & emery,other,,PlaintiffWin,0.8767996471958108,0.8767996471958108,2014
4304260,cotchett pitre & mccarthy,"boies, schiller & flexner",other,,PlaintiffWin,0.8767996471958108,0.8767996471958108,2014
4304260,cotchett pitre & mccarthy,covington & burling,other,,PlaintiffWin,0.8767996471958108,0.8767996471958108,2014
4304260,cotchett pitre & mccarthy,davis polk & wardwell,other,,PlaintiffWin,0.8767996471958108,0.8767996471958108,2014
4304260,cotchett pitre & mccarthy,"milbank, tweed, hadley & mccloy",other,,PlaintiffWin,0.8767996471958108,0.8767996471958108,2014
4304260,cotchett pitre & mccarthy,hughes hubbard & reed,other,,PlaintiffWin,0.8767996471958108,0.8767996471958108,2014
4304260,cotchett pitre & mccarthy,"gibson, dunn & crutcher",other,,PlaintiffWin,0.8767996471958108,0.8767996471958108,2014
4304260,cotchett pitre & mccarthy,wilmer cutler pickering hale & dor,other,,PlaintiffWin,0.8767996471958108,0.8767996471958108,2014
4304260,cotchett pitre & mccarthy,simpson thacher & bartlett,other,,PlaintiffWin,0.8767996471958108,0.8767996471958108,2014
4304260,cotchett pitre & mccarthy,locke lord bissell & liddell,other,,PlaintiffWin,0.8767996471958108,0.8767996471958108,2014
4304260,cotchett pitre & mccarthy,paul weiss rifkind wharton & garrison,other,,PlaintiffWin,0.8767996471958108,0.8767996471958108,2014
4304260,cotchett pitre & mccarthy,cahill gordon & reindel,other,,PlaintiffWin,0.8767996471958108,0.8767996471958108,2014
4304260,cotchett pitre & mccarthy,"boies, schiller & flexner",other,,PlaintiffWin,0.8767996471958108,0.8767996471958108,2014
4304260,cotchett pitre & mccarthy,davis polk & wardwell,other,,PlaintiffWin,0.8767996471958108,0.8767996471958108,2014
4304260,cotchett pitre & mccarthy,hughes hubbard & reed,other,,PlaintiffWin,0.8767996471958108,0.8767996471958108,2014
4304260,cotchett pitre & mccarthy,katten muchin rosenman,other,,PlaintiffWin,0.8767996471958108,0.8767996471958108,2014
4304260,cotchett pitre & mccarthy,sidley austin,other,,PlaintiffWin,0.8767996471958108,0.8767996471958108,2014
4304260,cotchett pitre & mccarthy,schiff hardin,other,,PlaintiffWin,0.8767996471958108,0.8767996471958108,2014
4304260,cotchett pitre & mccarthy,mayer brown,other,,PlaintiffWin,0.8767996471958108,0.8767996471958108,2014
4304260,cotchett pitre & mccarthy,sidley austin,other,,PlaintiffWin,0.8767996471958108,0.8767996471958108,2014
4304260,cotchett pitre & mccarthy,covington & burling,other,,PlaintiffWin,0.8767996471958108,0.8767996471958108,2014
4304260,cotchett pitre & mccarthy,sullivan & cromwell,other,,PlaintiffWin,0.8767996471958108,0.8767996471958108,2014
4304260,hausfeld,united states attorney,other,,PlaintiffWin,0.8767996471958108,0.8767996471958108,2014
4304260,hausfeld,sullivan & cromwell,other,,PlaintiffWin,0.8767996471958108,0.8767996471958108,2014
4304260,hausfeld,sullivan & cromwell,other,,PlaintiffWin,0.8767996471958108,0.8767996471958108,2014
4304260,hausfeld,simpson thacher & bartlett,other,,PlaintiffWin,0.8767996471958108,0.8767996471958108,2014
4304260,hausfeld,"gibson, dunn & crutcher",other,,PlaintiffWin,0.8767996471958108,0.8767996471958108,2014
4304260,hausfeld,covington & burling,other,,PlaintiffWin,0.8767996471958108,0.8767996471958108,2014
4304260,hausfeld,mcdermott will & emery,other,,PlaintiffWin,0.8767996471958108,0.8767996471958108,2014
4304260,hausfeld,"boies, schiller & flexner",other,,PlaintiffWin,0.8767996471958108,0.8767996471958108,2014
4304260,hausfeld,covington & burling,other,,PlaintiffWin,0.8767996471958108,0.8767996471958108,2014
4304260,hausfeld,davis polk & wardwell,other,,PlaintiffWin,0.8767996471958108,0.8767996471958108,2014
4304260,hausfeld,"milbank, tweed, hadley & mccloy",other,,PlaintiffWin,0.8767996471958108,0.8767996471958108,2014
4304260,hausfeld,hughes hubbard & reed,other,,PlaintiffWin,0.8767996471958108,0.8767996471958108,2014
4304260,hausfeld,"gibson, dunn & crutcher",other,,PlaintiffWin,0.8767996471958108,0.8767996471958108,2014
4304260,hausfeld,wilmer cutler pickering hale & dor,other,,PlaintiffWin,0.8767996471958108,0.8767996471958108,2014
4304260,hausfeld,simpson thacher & bartlett,other,,PlaintiffWin,0.8767996471958108,0.8767996471958108,2014
4304260,hausfeld,locke lord bissell & liddell,other,,PlaintiffWin,0.8767996471958108,0.8767996471958108,2014
4304260,hausfeld,paul weiss rifkind wharton & garrison,other,,PlaintiffWin,0.8767996471958108,0.8767996471958108,2014
4304260,hausfeld,cahill gordon & reindel,other,,PlaintiffWin,0.8767996471958108,0.8767996471958108,2014
4304260,hausfeld,"boies, schiller & flexner",other,,PlaintiffWin,0.8767996471958108,0.8767996471958108,2014
4304260,hausfeld,davis polk & wardwell,other,,PlaintiffWin,0.8767996471958108,0.8767996471958108,2014
4304260,hausfeld,hughes hubbard & reed,other,,PlaintiffWin,0.8767996471958108,0.8767996471958108,2014
4304260,hausfeld,katten muchin rosenman,other,,PlaintiffWin,0.8767996471958108,0.8767996471958108,2014
4304260,hausfeld,sidley austin,other,,PlaintiffWin,0.8767996471958108,0.8767996471958108,2014
4304260,hausfeld,schiff hardin,other,,PlaintiffWin,0.8767996471958108,0.8767996471958108,2014
4304260,hausfeld,mayer brown,other,,PlaintiffWin,0.8767996471958108,0.8767996471958108,2014
4304260,hausfeld,sidley austin,other,,PlaintiffWin,0.8767996471958108,0.8767996471958108,2014
4304260,hausfeld,covington & burling,other,,PlaintiffWin,0.8767996471958108,0.8767996471958108,2014
4304260,hausfeld,sullivan & cromwell,other,,PlaintiffWin,0.8767996471958108,0.8767996471958108,2014
4304260,susman godfrey,united states attorney,other,,PlaintiffWin,0.8767996471958108,0.8767996471958108,2014
4304260,susman godfrey,sullivan & cromwell,other,,PlaintiffWin,0.8767996471958108,0.8767996471958108,2014
4304260,susman godfrey,sullivan & cromwell,other,,PlaintiffWin,0.8767996471958108,0.8767996471958108,2014
4304260,susman godfrey,simpson thacher & bartlett,other,,PlaintiffWin,0.8767996471958108,0.8767996471958108,2014
4304260,susman godfrey,"gibson, dunn & crutcher",other,,PlaintiffWin,0.8767996471958108,0.8767996471958108,2014
4304260,susman godfrey,covington & burling,other,,PlaintiffWin,0.8767996471958108,0.8767996471958108,2014
4304260,susman godfrey,mcdermott will & emery,other,,PlaintiffWin,0.8767996471958108,0.8767996471958108,2014
4304260,susman godfrey,"boies, schiller & flexner",other,,PlaintiffWin,0.8767996471958108,0.8767996471958108,2014
4304260,susman godfrey,covington & burling,other,,PlaintiffWin,0.8767996471958108,0.8767996471958108,2014
4304260,susman godfrey,davis polk & wardwell,other,,PlaintiffWin,0.8767996471958108,0.8767996471958108,2014
4304260,susman godfrey,"milbank, tweed, hadley & mccloy",other,,PlaintiffWin,0.8767996471958108,0.8767996471958108,2014
4304260,susman godfrey,hughes hubbard & reed,other,,PlaintiffWin,0.8767996471958108,0.8767996471958108,2014
4304260,susman godfrey,"gibson, dunn & crutcher",other,,PlaintiffWin,0.8767996471958108,0.8767996471958108,2014
4304260,susman godfrey,wilmer cutler pickering hale & dor,other,,PlaintiffWin,0.8767996471958108,0.8767996471958108,2014
4304260,susman godfrey,simpson thacher & bartlett,other,,PlaintiffWin,0.8767996471958108,0.8767996471958108,2014
4304260,susman godfrey,locke lord bissell & liddell,other,,PlaintiffWin,0.8767996471958108,0.8767996471958108,2014
4304260,susman godfrey,paul weiss rifkind wharton & garrison,other,,PlaintiffWin,0.8767996471958108,0.8767996471958108,2014
4304260,susman godfrey,cahill gordon & reindel,other,,PlaintiffWin,0.8767996471958108,0.8767996471958108,2014
4304260,susman godfrey,"boies, schiller & flexner",other,,PlaintiffWin,0.8767996471958108,0.8767996471958108,2014
4304260,susman godfrey,davis polk & wardwell,other,,PlaintiffWin,0.8767996471958108,0.8767996471958108,2014
4304260,susman godfrey,hughes hubbard & reed,other,,PlaintiffWin,0.8767996471958108,0.8767996471958108,2014
4304260,susman godfrey,katten muchin rosenman,other,,PlaintiffWin,0.8767996471958108,0.8767996471958108,2014
4304260,susman godfrey,sidley austin,other,,PlaintiffWin,0.8767996471958108,0.8767996471958108,2014
4304260,susman godfrey,schiff hardin,other,,PlaintiffWin,0.8767996471958108,0.8767996471958108,2014
4304260,susman godfrey,mayer brown,other,,PlaintiffWin,0.8767996471958108,0.8767996471958108,2014
4304260,susman godfrey,sidley austin,other,,PlaintiffWin,0.8767996471958108,0.8767996471958108,2014
4304260,susman godfrey,covington & burling,other,,PlaintiffWin,0.8767996471958108,0.8767996471958108,2014
4304260,susman godfrey,sullivan & cromwell,other,,PlaintiffWin,0.8767996471958108,0.8767996471958108,2014
4304260,hagens berman sobol shapiro,united states attorney,other,,PlaintiffWin,0.8767996471958108,0.8767996471958108,2014
4304260,hagens berman sobol shapiro,sullivan & cromwell,other,,PlaintiffWin,0.8767996471958108,0.8767996471958108,2014
4304260,hagens berman sobol shapiro,sullivan & cromwell,other,,PlaintiffWin,0.8767996471958108,0.8767996471958108,2014
4304260,hagens berman sobol shapiro,simpson thacher & bartlett,other,,PlaintiffWin,0.8767996471958108,0.8767996471958108,2014
4304260,hagens berman sobol shapiro,"gibson, dunn & crutcher",other,,PlaintiffWin,0.8767996471958108,0.8767996471958108,2014
4304260,hagens berman sobol shapiro,covington & burling,other,,PlaintiffWin,0.8767996471958108,0.8767996471958108,2014
4304260,hagens berman sobol shapiro,mcdermott will & emery,other,,PlaintiffWin,0.8767996471958108,0.8767996471958108,2014
4304260,hagens berman sobol shapiro,"boies, schiller & flexner",other,,PlaintiffWin,0.8767996471958108,0.8767996471958108,2014
4304260,hagens berman sobol shapiro,covington & burling,other,,PlaintiffWin,0.8767996471958108,0.8767996471958108,2014
4304260,hagens berman sobol shapiro,davis polk & wardwell,other,,PlaintiffWin,0.8767996471958108,0.8767996471958108,2014
4304260,hagens berman sobol shapiro,"milbank, tweed, hadley & mccloy",other,,PlaintiffWin,0.8767996471958108,0.8767996471958108,2014
4304260,hagens berman sobol shapiro,hughes hubbard & reed,other,,PlaintiffWin,0.8767996471958108,0.8767996471958108,2014
4304260,hagens berman sobol shapiro,"gibson, dunn & crutcher",other,,PlaintiffWin,0.8767996471958108,0.8767996471958108,2014
4304260,hagens berman sobol shapiro,wilmer cutler pickering hale & dor,other,,PlaintiffWin,0.8767996471958108,0.8767996471958108,2014
4304260,hagens berman sobol shapiro,simpson thacher & bartlett,other,,PlaintiffWin,0.8767996471958108,0.8767996471958108,2014
4304260,hagens berman sobol shapiro,locke lord bissell & liddell,other,,PlaintiffWin,0.8767996471958108,0.8767996471958108,2014
4304260,hagens berman sobol shapiro,paul weiss rifkind wharton & garrison,other,,PlaintiffWin,0.8767996471958108,0.8767996471958108,2014
4304260,hagens berman sobol shapiro,cahill gordon & reindel,other,,PlaintiffWin,0.8767996471958108,0.8767996471958108,2014
4304260,hagens berman sobol shapiro,"boies, schiller & flexner",other,,PlaintiffWin,0.8767996471958108,0.8767996471958108,2014
4304260,hagens berman sobol shapiro,davis polk & wardwell,other,,PlaintiffWin,0.8767996471958108,0.8767996471958108,2014
4304260,hagens berman sobol shapiro,hughes hubbard & reed,other,,PlaintiffWin,0.8767996471958108,0.8767996471958108,2014
4304260,hagens berman sobol shapiro,katten muchin rosenman,other,,PlaintiffWin,0.8767996471958108,0.8767996471958108,2014
4304260,hagens berman sobol shapiro,sidley austin,other,,PlaintiffWin,0.8767996471958108,0.8767996471958108,2014
4304260,hagens berman sobol shapiro,schiff hardin,other,,PlaintiffWin,0.8767996471958108,0.8767996471958108,2014
4304260,hagens berman sobol shapiro,mayer brown,other,,PlaintiffWin,0.8767996471958108,0.8767996471958108,2014
4304260,hagens berman sobol shapiro,sidley austin,other,,PlaintiffWin,0.8767996471958108,0.8767996471958108,2014
4304260,hagens berman sobol shapiro,covington & burling,other,,PlaintiffWin,0.8767996471958108,0.8767996471958108,2014
4304260,hagens berman sobol shapiro,sullivan & cromwell,other,,PlaintiffWin,0.8767996471958108,0.8767996471958108,2014
4304260,susman godfrey,united states attorney,other,,PlaintiffWin,0.8767996471958108,0.8767996471958108,2014
4304260,susman godfrey,sullivan & cromwell,other,,PlaintiffWin,0.8767996471958108,0.8767996471958108,2014
4304260,susman godfrey,sullivan & cromwell,other,,PlaintiffWin,0.8767996471958108,0.8767996471958108,2014
4304260,susman godfrey,simpson thacher & bartlett,other,,PlaintiffWin,0.8767996471958108,0.8767996471958108,2014
4304260,susman godfrey,"gibson, dunn & crutcher",other,,PlaintiffWin,0.8767996471958108,0.8767996471958108,2014
4304260,susman godfrey,covington & burling,other,,PlaintiffWin,0.8767996471958108,0.8767996471958108,2014
4304260,susman godfrey,mcdermott will & emery,other,,PlaintiffWin,0.8767996471958108,0.8767996471958108,2014
4304260,susman godfrey,"boies, schiller & flexner",other,,PlaintiffWin,0.8767996471958108,0.8767996471958108,2014
4304260,susman godfrey,covington & burling,other,,PlaintiffWin,0.8767996471958108,0.8767996471958108,2014
4304260,susman godfrey,davis polk & wardwell,other,,PlaintiffWin,0.8767996471958108,0.8767996471958108,2014
4304260,susman godfrey,"milbank, tweed, hadley & mccloy",other,,PlaintiffWin,0.8767996471958108,0.8767996471958108,2014
4304260,susman godfrey,hughes hubbard & reed,other,,PlaintiffWin,0.8767996471958108,0.8767996471958108,2014
4304260,susman godfrey,"gibson, dunn & crutcher",other,,PlaintiffWin,0.8767996471958108,0.8767996471958108,2014
4304260,susman godfrey,wilmer cutler pickering hale & dor,other,,PlaintiffWin,0.8767996471958108,0.8767996471958108,2014
4304260,susman godfrey,simpson thacher & bartlett,other,,PlaintiffWin,0.8767996471958108,0.8767996471958108,2014
4304260,susman godfrey,locke lord bissell & liddell,other,,PlaintiffWin,0.8767996471958108,0.8767996471958108,2014
4304260,susman godfrey,paul weiss rifkind wharton & garrison,other,,PlaintiffWin,0.8767996471958108,0.8767996471958108,2014
4304260,susman godfrey,cahill gordon & reindel,other,,PlaintiffWin,0.8767996471958108,0.8767996471958108,2014
4304260,susman godfrey,"boies, schiller & flexner",other,,PlaintiffWin,0.8767996471958108,0.8767996471958108,2014
4304260,susman godfrey,davis polk & wardwell,other,,PlaintiffWin,0.8767996471958108,0.8767996471958108,2014
4304260,susman godfrey,hughes hubbard & reed,other,,PlaintiffWin,0.8767996471958108,0.8767996471958108,2014
4304260,susman godfrey,katten muchin rosenman,other,,PlaintiffWin,0.8767996471958108,0.8767996471958108,2014
4304260,susman godfrey,sidley austin,other,,PlaintiffWin,0.8767996471958108,0.8767996471958108,2014
4304260,susman godfrey,schiff hardin,other,,PlaintiffWin,0.8767996471958108,0.8767996471958108,2014
4304260,susman godfrey,mayer brown,other,,PlaintiffWin,0.8767996471958108,0.8767996471958108,2014
4304260,susman godfrey,sidley austin,other,,PlaintiffWin,0.8767996471958108,0.8767996471958108,2014
4304260,susman godfrey,covington & burling,other,,PlaintiffWin,0.8767996471958108,0.8767996471958108,2014
4304260,susman godfrey,sullivan & cromwell,other,,PlaintiffWin,0.8767996471958108,0.8767996471958108,2014
4305658,glancy binkow & goldberg,morrison & foerster,other,,PlaintiffWin,0.9927417446931526,0.9927417446931526,2015
4305691,"morgan, lewis & bockius",attorney general,prisoner_petitions,,PlaintiffWin,0.8951066384253341,0.8951066384253341,2015
4306169,"morgan, lewis & bockius",attorney general,prisoner_petitions,,DefendantWin,0.8951066384253341,0.8951066384253341,2015
4306596,covington & burling,steptoe & johnson,other,,PlaintiffWin,0.775587607433457,0.775587607433457,2015
4306596,covington & burling,steptoe & johnson,other,,PlaintiffWin,0.775587607433457,0.775587607433457,2015
4306596,mccarter & english,steptoe & johnson,other,,PlaintiffWin,0.775587607433457,0.775587607433457,2015
4313947,united states attorney,katten muchin rosenman,other,,DefendantWin,0.7624299801364193,0.7624299801364193,2013
4315101,sidley austin,covington & burling,other,,PlaintiffWin,0.8328410573825235,0.8328410573825235,2013
4321823,glancy binkow & goldberg,"weil, gotshal & manges",other,,PlaintiffWin,0.9795347335954002,0.9795347335954002,2014
4321823,glancy binkow & goldberg,mayer brown,other,,PlaintiffWin,0.9795347335954002,0.9795347335954002,2014
4321823,kaplan fox & kilsheimer,"weil, gotshal & manges",other,,PlaintiffWin,0.9795347335954002,0.9795347335954002,2014
4321823,kaplan fox & kilsheimer,mayer brown,other,,PlaintiffWin,0.9795347335954002,0.9795347335954002,2014
4322541,kaplan fox & kilsheimer,"weil, gotshal & manges",other,,PlaintiffWin,0.913190451077148,0.913190451077148,2014
4322541,kaplan fox & kilsheimer,mayer brown,other,,PlaintiffWin,0.913190451077148,0.913190451077148,2014
4322541,glancy binkow & goldberg,"weil, gotshal & manges",other,,PlaintiffWin,0.913190451077148,0.913190451077148,2014
4322541,glancy binkow & goldberg,mayer brown,other,,PlaintiffWin,0.913190451077148,0.913190451077148,2014
4324497,"boies, schiller & flexner",attorney general,civil_rights,,PlaintiffWin,0.8434354519050872,0.8434354519050872,2014
4324497,"boies, schiller & flexner",greenberg traurig,civil_rights,,PlaintiffWin,0.8434354519050872,0.8434354519050872,2014
4324926,morrison & foerster,attorney general,other,,PlaintiffWin,0.8731829774750844,0.8731829774750844,2014
4325911,latham & watkins,united states attorney,prisoner_petitions,,PlaintiffWin,0.5802627817278403,0.5802627817278403,2014
4325923,quinn emanuel urquhart & sullivan,mayer brown,other,,DefendantWin,0.9615591308964352,0.9615591308964352,2014
4325923,quinn emanuel urquhart & sullivan,sullivan & cromwell,other,,DefendantWin,0.9615591308964352,0.9615591308964352,2014
4325923,quinn emanuel urquhart & sullivan,sullivan & cromwell,other,,DefendantWin,0.9615591308964352,0.9615591308964352,2014
4325923,quinn emanuel urquhart & sullivan,simpson thacher & bartlett,other,,DefendantWin,0.9615591308964352,0.9615591308964352,2014
4326261,berger & montague,"morgan, lewis & bockius",contract,,PlaintiffWin,0.8470501271927894,0.8470501271927894,2016
4326770,"morgan, lewis & bockius",kirkland & ellis,contract,,PlaintiffWin,0.7782017994966299,0.7782017994966299,2016
4326770,"morgan, lewis & bockius",kirkland & ellis,contract,,PlaintiffWin,0.7782017994966299,0.7782017994966299,2016
4326770,"morgan, lewis & bockius",kirkland & ellis,contract,,PlaintiffWin,0.7782017994966299,0.7782017994966299,2016
4326770,"morgan, lewis & bockius",kirkland & ellis,contract,,PlaintiffWin,0.7782017994966299,0.7782017994966299,2016
4327789,berger & montague,sidley austin,other,,PlaintiffWin,0.692446842727321,0.692446842727321,2014
4328275,"weil, gotshal & manges",skadden arps slate meagher & flom,other,,PlaintiffWin,0.8018929748976609,0.8018929748976609,2016
4328275,"weil, gotshal & manges","skadden, arps, slate, meagher & flom",other,,PlaintiffWin,0.8018929748976609,0.8018929748976609,2016
4328495,hausfeld,latham & watkins,other,,PlaintiffWin,0.990377803839248,0.990377803839248,2016
4328724,"morgan, lewis & bockius",wilmer cutler pickering hale & dor,civil_rights,,PlaintiffWin,0.8746757478582532,0.8746757478582532,2015
4328724,"morgan, lewis & bockius",wilmer cutler pickering hale & dor,civil_rights,,PlaintiffWin,0.8746757478582532,0.8746757478582532,2015
4329285,attorney general,simpson thacher & bartlett,other,,PlaintiffWin,0.9022765931058948,0.9022765931058948,2015
4329285,attorney general,simpson thacher & bartlett,other,,PlaintiffWin,0.9022765931058948,0.9022765931058948,2015
4329287,covington & burling,attorney general,civil_rights,,PlaintiffWin,0.8357505001688088,0.8357505001688088,2016
4331213,hagens berman sobol shapiro,mcdermott will & emery,torts,,PlaintiffWin,0.77788905519991,0.77788905519991,2016
4331213,hagens berman sobol shapiro,williams & connolly,torts,,PlaintiffWin,0.77788905519991,0.77788905519991,2016
4332379,mcdermott will & emery,united states attorney,civil_rights,,PlaintiffWin,0.6721839230060718,0.3278160769939282,2014
4335702,robbins geller rudman & dowd,goodwin procter,other,,PlaintiffWin,0.8755723498674668,0.8755723498674668,2015
4335702,"shepherd, finkelman, miller & shah",goodwin procter,other,,PlaintiffWin,0.8755723498674668,0.8755723498674668,2015
4335702,"shepherd, finkelman, miller & shah",goodwin procter,other,,PlaintiffWin,0.8755723498674668,0.8755723498674668,2015
4335702,berger & montague,goodwin procter,other,,PlaintiffWin,0.8755723498674668,0.8755723498674668,2015
4335702,cohen milstein sellers & toll,goodwin procter,other,,PlaintiffWin,0.8755723498674668,0.8755723498674668,2015
4335702,grant & eisenhofer,goodwin procter,other,,PlaintiffWin,0.8755723498674668,0.8755723498674668,2015
4335702,glancy binkow & goldberg,goodwin procter,other,,PlaintiffWin,0.8755723498674668,0.8755723498674668,2015
4335702,hagens berman sobol shapiro,goodwin procter,other,,PlaintiffWin,0.8755723498674668,0.8755723498674668,2015
4338544,goodwin procter,kirkland & ellis,other,,PlaintiffWin,0.836339580443505,0.836339580443505,2016
4338707,wilmer cutler pickering hale & dor,katten muchin rosenman,other,,PlaintiffWin,0.7662846573079125,0.7662846573079125,2014
4339029,attorney general,steptoe & johnson,contract,,PlaintiffWin,0.5465175094217782,0.5465175094217782,2014
4340626,mayer brown,united states attorney,civil_rights,,PlaintiffWin,0.6010115374267543,0.3989884625732457,2016
4340891,cohen milstein sellers & toll,"gibson, dunn & crutcher",other,,PlaintiffWin,0.7505517499270491,0.7505517499270491,2016
4340891,cohen milstein sellers & toll,wilmer cutler pickering hale & dor,other,,PlaintiffWin,0.7505517499270491,0.7505517499270491,2016
4342320,williams & connolly,united states attorney,other,,PlaintiffWin,0.8195023003971145,0.8195023003971145,2014
4342391,robbins geller rudman & dowd,latham & watkins,other,,PlaintiffWin,0.9029551781501524,0.9029551781501524,2016
4342391,robbins geller rudman & dowd,paul weiss rifkind wharton & garrison,other,,PlaintiffWin,0.9029551781501524,0.9029551781501524,2016
4342391,robbins geller rudman & dowd,sidley austin,other,,PlaintiffWin,0.9029551781501524,0.9029551781501524,2016
4342570,"boies, schiller & flexner",latham & watkins,other,,PlaintiffWin,0.9534078732901238,0.9534078732901238,2014
4342570,"boies, schiller & flexner","morgan, lewis & bockius",other,,PlaintiffWin,0.9534078732901238,0.9534078732901238,2014
4342602,mcdermott will & emery,attorney general,civil_rights,,PlaintiffWin,0.6162365111432901,0.3837634888567098,2014
4342668,mcdermott will & emery,united states attorney,civil_rights,,PlaintiffWin,0.6721839230060718,0.3278160769939282,2014
4343128,berger & montague,greenberg traurig,other,,PlaintiffWin,0.7368584000879519,0.7368584000879519,2016
4343423,foley & lardner,simpson thacher & bartlett,other,,PlaintiffWin,0.8492557277998423,0.8492557277998423,2014
4343423,foley & lardner,simpson thacher & bartlett,other,,PlaintiffWin,0.8492557277998423,0.8492557277998423,2014
4344235,"boies, schiller & flexner",attorney general,other,,PlaintiffWin,0.7474962536430592,0.7474962536430592,2014
4344235,mayer brown,attorney general,other,,PlaintiffWin,0.7474962536430592,0.7474962536430592,2014
4344794,"morgan, lewis & bockius",kirkland & ellis,civil_rights,,PlaintiffWin,0.8697587100445257,0.8697587100445257,2016
4344794,"morgan, lewis & bockius",kirkland & ellis,civil_rights,,PlaintiffWin,0.8697587100445257,0.8697587100445257,2016
4345829,wilmer cutler pickering hale & dor,attorney general,civil_rights,,PlaintiffWin,0.6699030330188198,0.6699030330188198,2016
4346422,robbins geller rudman & dowd,morrison & foerster,torts,,PlaintiffWin,0.6716087783922794,0.6716087783922794,2016
4346422,robbins geller rudman & dowd,morrison & foerster,torts,,PlaintiffWin,0.6716087783922794,0.6716087783922794,2016
4346906,grant & eisenhofer,"gibson, dunn & crutcher",other,,DefendantWin,0.7301802529238667,0.7301802529238667,2016
4346906,grant & eisenhofer,"morgan, lewis & bockius",other,,DefendantWin,0.7301802529238667,0.7301802529238667,2016
4346906,grant & eisenhofer,covington & burling,other,,DefendantWin,0.7301802529238667,0.7301802529238667,2016
4346906,grant & eisenhofer,cahill gordon & reindel,other,,DefendantWin,0.7301802529238667,0.7301802529238667,2016
4346906,grant & eisenhofer,davis polk & wardwell,other,,DefendantWin,0.7301802529238667,0.7301802529238667,2016
4346906,grant & eisenhofer,"skadden, arps, slate, meagher & flom",other,,DefendantWin,0.7301802529238667,0.7301802529238667,2016
4346906,grant & eisenhofer,locke lord bissell & liddell,other,,DefendantWin,0.7301802529238667,0.7301802529238667,2016
4346906,grant & eisenhofer,covington & burling,other,,DefendantWin,0.7301802529238667,0.7301802529238667,2016
4346906,grant & eisenhofer,"boies, schiller & flexner",other,,DefendantWin,0.7301802529238667,0.7301802529238667,2016
4346906,grant & eisenhofer,sullivan & cromwell,other,,DefendantWin,0.7301802529238667,0.7301802529238667,2016
4346906,robbins geller rudman & dowd,"gibson, dunn & crutcher",other,,DefendantWin,0.7301802529238667,0.7301802529238667,2016
4346906,robbins geller rudman & dowd,"morgan, lewis & bockius",other,,DefendantWin,0.7301802529238667,0.7301802529238667,2016
4346906,robbins geller rudman & dowd,covington & burling,other,,DefendantWin,0.7301802529238667,0.7301802529238667,2016
4346906,robbins geller rudman & dowd,cahill gordon & reindel,other,,DefendantWin,0.7301802529238667,0.7301802529238667,2016
4346906,robbins geller rudman & dowd,davis polk & wardwell,other,,DefendantWin,0.7301802529238667,0.7301802529238667,2016
4346906,robbins geller rudman & dowd,"skadden, arps, slate, meagher & flom",other,,DefendantWin,0.7301802529238667,0.7301802529238667,2016
4346906,robbins geller rudman & dowd,locke lord bissell & liddell,other,,DefendantWin,0.7301802529238667,0.7301802529238667,2016
4346906,robbins geller rudman & dowd,covington & burling,other,,DefendantWin,0.7301802529238667,0.7301802529238667,2016
4346906,robbins geller rudman & dowd,"boies, schiller & flexner",other,,DefendantWin,0.7301802529238667,0.7301802529238667,2016
4346906,robbins geller rudman & dowd,sullivan & cromwell,other,,DefendantWin,0.7301802529238667,0.7301802529238667,2016
4346906,grant & eisenhofer,"gibson, dunn & crutcher",other,,DefendantWin,0.7301802529238667,0.7301802529238667,2016
4346906,grant & eisenhofer,"morgan, lewis & bockius",other,,DefendantWin,0.7301802529238667,0.7301802529238667,2016
4346906,grant & eisenhofer,covington & burling,other,,DefendantWin,0.7301802529238667,0.7301802529238667,2016
4346906,grant & eisenhofer,cahill gordon & reindel,other,,DefendantWin,0.7301802529238667,0.7301802529238667,2016
4346906,grant & eisenhofer,davis polk & wardwell,other,,DefendantWin,0.7301802529238667,0.7301802529238667,2016
4346906,grant & eisenhofer,"skadden, arps, slate, meagher & flom",other,,DefendantWin,0.7301802529238667,0.7301802529238667,2016
4346906,grant & eisenhofer,locke lord bissell & liddell,other,,DefendantWin,0.7301802529238667,0.7301802529238667,2016
4346906,grant & eisenhofer,covington & burling,other,,DefendantWin,0.7301802529238667,0.7301802529238667,2016
4346906,grant & eisenhofer,"boies, schiller & flexner",other,,DefendantWin,0.7301802529238667,0.7301802529238667,2016
4346906,grant & eisenhofer,sullivan & cromwell,other,,DefendantWin,0.7301802529238667,0.7301802529238667,2016
4347613,katten muchin rosenman,united states attorney,other,,DefendantWin,0.9313828203697044,0.9313828203697044,2016
4357410,susman godfrey,"shook, hardy & bacon",contract,,PlaintiffWin,0.8938026079365557,0.8938026079365557,2016
4357410,susman godfrey,"shook, hardy & bacon",contract,,PlaintiffWin,0.8938026079365557,0.8938026079365557,2016
4358457,"boies, schiller & flexner",hughes hubbard & reed,other,,PlaintiffWin,0.9133133136004262,0.9133133136004262,2015
4358457,"boies, schiller & flexner",simpson thacher & bartlett,other,,PlaintiffWin,0.9133133136004262,0.9133133136004262,2015
4358457,"boies, schiller & flexner",greenberg traurig,other,,PlaintiffWin,0.9133133136004262,0.9133133136004262,2015
4358620,"boies, schiller & flexner",united states attorney,civil_rights,,PlaintiffWin,0.8433722527512688,0.8433722527512688,2015
4359576,"morgan, lewis & bockius",attorney general,prisoner_petitions,,DefendantWin,0.7219428929108134,0.7219428929108134,2015
4361816,glancy binkow & goldberg,simpson thacher & bartlett,other,,PlaintiffWin,0.9814192625888696,0.9814192625888696,2015
4361816,glancy binkow & goldberg,davis polk & wardwell,other,,PlaintiffWin,0.9814192625888696,0.9814192625888696,2015
4361816,glancy binkow & goldberg,davis polk & wardwell,other,,PlaintiffWin,0.9814192625888696,0.9814192625888696,2015
4361963,wilmer cutler pickering hale & dor,steptoe & johnson,other,,PlaintiffWin,0.8550100779060372,0.8550100779060372,2015
4361963,mayer brown,steptoe & johnson,other,,PlaintiffWin,0.8550100779060372,0.8550100779060372,2015
4361963,wilmer cutler pickering hale & dor,steptoe & johnson,other,,PlaintiffWin,0.8550100779060372,0.8550100779060372,2015
4362742,robbins geller rudman & dowd,latham & watkins,contract,,DefendantWin,0.733233606680929,0.733233606680929,2015
4362742,robbins geller rudman & dowd,hughes hubbard & reed,contract,,DefendantWin,0.733233606680929,0.733233606680929,2015
4362742,robbins geller rudman & dowd,sidley austin,contract,,DefendantWin,0.733233606680929,0.733233606680929,2015
4362742,hagens berman sobol shapiro,latham & watkins,contract,,DefendantWin,0.733233606680929,0.733233606680929,2015
4362742,hagens berman sobol shapiro,hughes hubbard & reed,contract,,DefendantWin,0.733233606680929,0.733233606680929,2015
4362742,hagens berman sobol shapiro,sidley austin,contract,,DefendantWin,0.733233606680929,0.733233606680929,2015
4363473,attorney general,simpson thacher & bartlett,other,,DefendantWin,0.9022765931058948,0.9022765931058948,2015
4363473,attorney general,simpson thacher & bartlett,other,,DefendantWin,0.9022765931058948,0.9022765931058948,2015
4363645,latham & watkins,attorney general,other,,PlaintiffWin,0.6466247150039647,0.6466247150039647,2015
4363645,latham & watkins,attorney general,other,,PlaintiffWin,0.6466247150039647,0.6466247150039647,2015
4364943,steptoe & johnson,united states attorney,other,,PlaintiffWin,0.6663162189094991,0.6663162189094991,2015
4365118,covington & burling,united states attorney,other,,PlaintiffWin,0.8891206113317515,0.8891206113317515,2015
4365335,robbins geller rudman & dowd,williams & connolly,other,,PlaintiffWin,0.9139963704854768,0.9139963704854768,2015
4365335,robbins geller rudman & dowd,mayer brown,other,,PlaintiffWin,0.9139963704854768,0.9139963704854768,2015
4365715,cohen milstein sellers & toll,"boies, schiller & flexner",other,,PlaintiffWin,0.6866879133926613,0.6866879133926613,2015
4365715,cohen milstein sellers & toll,"boies, schiller & flexner",other,,PlaintiffWin,0.6866879133926613,0.6866879133926613,2015
4365715,"morgan, lewis & bockius","boies, schiller & flexner",other,,PlaintiffWin,0.6866879133926613,0.6866879133926613,2015
4365715,"morgan, lewis & bockius","boies, schiller & flexner",other,,PlaintiffWin,0.6866879133926613,0.6866879133926613,2015
4365715,berger & montague,"boies, schiller & flexner",other,,PlaintiffWin,0.6866879133926613,0.6866879133926613,2015
4365715,berger & montague,"boies, schiller & flexner",other,,PlaintiffWin,0.6866879133926613,0.6866879133926613,2015
4365811,morrison & foerster,attorney general,other,,PlaintiffWin,0.8731829774750844,0.8731829774750844,2015
4365811,morrison & foerster,attorney general,other,,PlaintiffWin,0.8731829774750844,0.8731829774750844,2015
5721321,kirkland & ellis,attorney general,civil_rights,,DefendantWin,0.7705526897007787,0.7705526897007787,2013
5721392,grant & eisenhofer,"skadden, arps, slate, meagher & flom",other,,PlaintiffWin,0.8659394020142145,0.8659394020142145,2013
5755718,kirkland & ellis,attorney general,civil_rights,,DefendantWin,0.7705526897007787,0.7705526897007787,2014
5758622,united states attorney,united states attorney,civil_rights,,PlaintiffWin,0.7931494690093925,0.7931494690093925,2015
5762184,attorney general,"gibson, dunn & crutcher",other,,PlaintiffWin,0.890993361598564,0.890993361598564,2015
5762184,wilmer cutler pickering hale & dor,"gibson, dunn & crutcher",other,,PlaintiffWin,0.890993361598564,0.890993361598564,2015
5763217,"gibson, dunn & crutcher",sidley austin,other,,DefendantWin,0.838847830902772,0.838847830902772,2015
6822989,cotchett pitre & mccarthy,"gibson, dunn & crutcher",other,,PlaintiffWin,0.9586215440116264,0.9586215440116264,2015
6822989,cotchett pitre & mccarthy,sullivan & cromwell,other,,PlaintiffWin,0.9586215440116264,0.9586215440116264,2015
6822989,cotchett pitre & mccarthy,williams & connolly,other,,PlaintiffWin,0.9586215440116264,0.9586215440116264,2015
6822989,cotchett pitre & mccarthy,sullivan & cromwell,other,,PlaintiffWin,0.9586215440116264,0.9586215440116264,2015
6822989,cotchett pitre & mccarthy,sullivan & cromwell,other,,PlaintiffWin,0.9586215440116264,0.9586215440116264,2015
6822989,robbins geller rudman & dowd,"gibson, dunn & crutcher",other,,PlaintiffWin,0.9586215440116264,0.9586215440116264,2015
6822989,robbins geller rudman & dowd,sullivan & cromwell,other,,PlaintiffWin,0.9586215440116264,0.9586215440116264,2015
6822989,robbins geller rudman & dowd,williams & connolly,other,,PlaintiffWin,0.9586215440116264,0.9586215440116264,2015
6822989,robbins geller rudman & dowd,sullivan & cromwell,other,,PlaintiffWin,0.9586215440116264,0.9586215440116264,2015
6822989,robbins geller rudman & dowd,sullivan & cromwell,other,,PlaintiffWin,0.9586215440116264,0.9586215440116264,2015
6879273,berger & montague,wilmer cutler pickering hale & dor,other,,PlaintiffWin,0.92721956017936,0.92721956017936,2014
6880099,davis polk & wardwell,"shook, hardy & bacon",other,,PlaintiffWin,0.9350557312469616,0.9350557312469616,2014
6888300,morrison & foerster,attorney general,other,,DefendantWin,0.7865163665070054,0.7865163665070054,2014
6888300,morrison & foerster,attorney general,other,,DefendantWin,0.7865163665070054,0.7865163665070054,2014
6928606,glancy binkow & goldberg,"gibson, dunn & crutcher",contract,,PlaintiffWin,0.9290314990875,0.9290314990875,2014
6928606,glancy binkow & goldberg,dla piper,contract,,PlaintiffWin,0.9290314990875,0.9290314990875,2014
6928606,robbins geller rudman & dowd,"gibson, dunn & crutcher",contract,,PlaintiffWin,0.9290314990875,0.9290314990875,2014
6928606,robbins geller rudman & dowd,dla piper,contract,,PlaintiffWin,0.9290314990875,0.9290314990875,2014
12122215,mcdermott will & emery,united states attorney,civil_rights,,PlaintiffWin,0.6721839230060718,0.3278160769939282,2016
12122267,hagens berman sobol shapiro,arnold & porter,contract,,PlaintiffWin,0.6037747588445403,0.6037747588445403,2016
12122808,attorney general,simpson thacher & bartlett,other,,DefendantWin,0.798235281669564,0.798235281669564,2016
12122808,attorney general,"weil, gotshal & manges",other,,DefendantWin,0.798235281669564,0.798235281669564,2016
12122808,attorney general,simpson thacher & bartlett,other,,DefendantWin,0.798235281669564,0.798235281669564,2016
12122808,attorney general,"weil, gotshal & manges",other,,DefendantWin,0.798235281669564,0.798235281669564,2016
12123968,mcdermott will & emery,united states attorney,civil_rights,,PlaintiffWin,0.6721839230060718,0.3278160769939282,2016
12124812,berger & montague,"morgan, lewis & bockius",other,,PlaintiffWin,0.7172090297559527,0.7172090297559527,2016
12124812,berger & montague,"morgan, lewis & bockius",other,,PlaintiffWin,0.7172090297559527,0.7172090297559527,2016
12124812,berger & montague,katten muchin rosenman,other,,PlaintiffWin,0.7172090297559527,0.7172090297559527,2016
12126721,cohen milstein sellers & toll,"morgan, lewis & bockius",labor,,PlaintiffWin,0.5666342192949454,0.5666342192949454,2016
12126877,robbins geller rudman & dowd,simpson thacher & bartlett,other,,PlaintiffWin,0.9473062440261014,0.9473062440261014,2016
12126877,robbins geller rudman & dowd,simpson thacher & bartlett,other,,PlaintiffWin,0.9473062440261014,0.9473062440261014,2016
12126877,glancy binkow & goldberg,simpson thacher & bartlett,other,,PlaintiffWin,0.9473062440261014,0.9473062440261014,2016
12126877,glancy binkow & goldberg,simpson thacher & bartlett,other,,PlaintiffWin,0.9473062440261014,0.9473062440261014,2016
12130298,attorney general,attorney general,other,,PlaintiffWin,0.8684234393190184,0.8684234393190184,2016
12131601,sidley austin,attorney general,civil_rights,,PlaintiffWin,0.8085007277426481,0.8085007277426481,2016
12135775,grant & eisenhofer,kirkland & ellis,other,,PlaintiffWin,0.7920774083532465,0.7920774083532465,2016
12135775,hausfeld,kirkland & ellis,other,,PlaintiffWin,0.7920774083532465,0.7920774083532465,2016
12136274,sidley austin,attorney general,prisoner_petitions,,PlaintiffWin,0.7717328812677229,0.7717328812677229,2016
12138559,berger & montague,greenberg traurig,other,,PlaintiffWin,0.6910694638062698,0.6910694638062698,2016
12138559,berger & montague,greenberg traurig,other,,PlaintiffWin,0.6910694638062698,0.6910694638062698,2016
12140241,"boies, schiller & flexner","shook, hardy & bacon",other,,DefendantWin,0.9197301972145406,0.9197301972145406,2016
12140241,"boies, schiller & flexner","shook, hardy & bacon",other,,DefendantWin,0.9197301972145406,0.9197301972145406,2016
12140241,"boies, schiller & flexner","gibson, dunn & crutcher",other,,DefendantWin,0.9197301972145406,0.9197301972145406,2016
12140241,"boies, schiller & flexner",greenberg traurig,other,,DefendantWin,0.9197301972145406,0.9197301972145406,2016
12140241,"morgan, lewis & bockius","shook, hardy & bacon",other,,DefendantWin,0.9197301972145406,0.9197301972145406,2016
12140241,"morgan, lewis & bockius","shook, hardy & bacon",other,,DefendantWin,0.9197301972145406,0.9197301972145406,2016
12140241,"morgan, lewis & bockius","gibson, dunn & crutcher",other,,DefendantWin,0.9197301972145406,0.9197301972145406,2016
12140241,"morgan, lewis & bockius",greenberg traurig,other,,DefendantWin,0.9197301972145406,0.9197301972145406,2016
12140241,"boies, schiller & flexner","shook, hardy & bacon",other,,DefendantWin,0.9197301972145406,0.9197301972145406,2016
12140241,"boies, schiller & flexner","shook, hardy & bacon",other,,DefendantWin,0.9197301972145406,0.9197301972145406,2016
12140241,"boies, schiller & flexner","gibson, dunn & crutcher",other,,DefendantWin,0.9197301972145406,0.9197301972145406,2016
12140241,"boies, schiller & flexner",greenberg traurig,other,,DefendantWin,0.9197301972145406,0.9197301972145406,2016
12140241,"boies, schiller & flexner","shook, hardy & bacon",other,,DefendantWin,0.9197301972145406,0.9197301972145406,2016
12140241,"boies, schiller & flexner","shook, hardy & bacon",other,,DefendantWin,0.9197301972145406,0.9197301972145406,2016
12140241,"boies, schiller & flexner","gibson, dunn & crutcher",other,,DefendantWin,0.9197301972145406,0.9197301972145406,2016
12140241,"boies, schiller & flexner",greenberg traurig,other,,DefendantWin,0.9197301972145406,0.9197301972145406,2016
12141242,latham & watkins,united states attorney,civil_rights,,PlaintiffWin,0.5186342162484499,0.4813657837515502,2016
12141242,latham & watkins,united states attorney,civil_rights,,PlaintiffWin,0.5186342162484499,0.4813657837515502,2016
12142344,hausfeld,covington & burling,other,,PlaintiffWin,0.9703323383839276,0.9703323383839276,2016
12171042,attorney general,morrison & foerster,other,,DefendantWin,0.8652139388470471,0.8652139388470471,2016
12171042,attorney general,morrison & foerster,other,,DefendantWin,0.8652139388470471,0.8652139388470471,2016
12171042,attorney general,morrison & foerster,other,,DefendantWin,0.8652139388470471,0.8652139388470471,2016
12174111,greenberg traurig,attorney general,civil_rights,,PlaintiffWin,0.8390604344448338,0.8390604344448338,2015
12175597,grant & eisenhofer,"morgan, lewis & bockius",other,,PlaintiffWin,0.895130649654781,0.895130649654781,2016
12175597,grant & eisenhofer,"morgan, lewis & bockius",other,,PlaintiffWin,0.895130649654781,0.895130649654781,2016
12175597,grant & eisenhofer,steptoe & johnson,other,,PlaintiffWin,0.895130649654781,0.895130649654781,2016
12175597,grant & eisenhofer,morrison & foerster,other,,PlaintiffWin,0.895130649654781,0.895130649654781,2016
12175597,grant & eisenhofer,steptoe & johnson,other,,PlaintiffWin,0.895130649654781,0.895130649654781,2016
12175597,grant & eisenhofer,"morgan, lewis & bockius",other,,PlaintiffWin,0.895130649654781,0.895130649654781,2016
12175597,grant & eisenhofer,"morgan, lewis & bockius",other,,PlaintiffWin,0.895130649654781,0.895130649654781,2016
12175597,grant & eisenhofer,steptoe & johnson,other,,PlaintiffWin,0.895130649654781,0.895130649654781,2016
12175597,grant & eisenhofer,morrison & foerster,other,,PlaintiffWin,0.895130649654781,0.895130649654781,2016
12175597,grant & eisenhofer,steptoe & johnson,other,,PlaintiffWin,0.895130649654781,0.895130649654781,2016
12175597,freed kanner london & millen,"morgan, lewis & bockius",other,,PlaintiffWin,0.895130649654781,0.895130649654781,2016
12175597,freed kanner london & millen,"morgan, lewis & bockius",other,,PlaintiffWin,0.895130649654781,0.895130649654781,2016
12175597,freed kanner london & millen,steptoe & johnson,other,,PlaintiffWin,0.895130649654781,0.895130649654781,2016
12175597,freed kanner london & millen,morrison & foerster,other,,PlaintiffWin,0.895130649654781,0.895130649654781,2016
12175597,freed kanner london & millen,steptoe & johnson,other,,PlaintiffWin,0.895130649654781,0.895130649654781,2016
12175597,berger & montague,"morgan, lewis & bockius",other,,PlaintiffWin,0.895130649654781,0.895130649654781,2016
12175597,berger & montague,"morgan, lewis & bockius",other,,PlaintiffWin,0.895130649654781,0.895130649654781,2016
12175597,berger & montague,steptoe & johnson,other,,PlaintiffWin,0.895130649654781,0.895130649654781,2016
12175597,berger & montague,morrison & foerster,other,,PlaintiffWin,0.895130649654781,0.895130649654781,2016
12175597,berger & montague,steptoe & johnson,other,,PlaintiffWin,0.895130649654781,0.895130649654781,2016
12175597,hagens berman sobol shapiro,"morgan, lewis & bockius",other,,PlaintiffWin,0.895130649654781,0.895130649654781,2016
12175597,hagens berman sobol shapiro,"morgan, lewis & bockius",other,,PlaintiffWin,0.895130649654781,0.895130649654781,2016
12175597,hagens berman sobol shapiro,steptoe & johnson,other,,PlaintiffWin,0.895130649654781,0.895130649654781,2016
12175597,hagens berman sobol shapiro,morrison & foerster,other,,PlaintiffWin,0.895130649654781,0.895130649654781,2016
12175597,hagens berman sobol shapiro,steptoe & johnson,other,,PlaintiffWin,0.895130649654781,0.895130649654781,2016
12182612,cohen milstein sellers & toll,mayer brown,labor,,PlaintiffWin,0.898050987512175,0.898050987512175,2016
12184130,hausfeld,skadden arps slate meagher & flom,torts,,PlaintiffWin,0.9444685712541616,0.9444685712541616,2016
12184130,hausfeld,skadden arps slate meagher & flom,torts,,PlaintiffWin,0.9444685712541616,0.9444685712541616,2016
12184766,wilmer cutler pickering hale & dor,attorney general,civil_rights,,DefendantWin,0.6699030330188198,0.6699030330188198,2016
12184766,wilmer cutler pickering hale & dor,attorney general,civil_rights,,DefendantWin,0.6699030330188198,0.6699030330188198,2016
12265978,mayer brown,attorney general,civil_rights,,PlaintiffWin,0.6846507770592483,0.6846507770592483,2017
12266618,morrison & foerster,attorney general,other,,DefendantWin,0.8559706523218336,0.8559706523218336,2017
12266618,morrison & foerster,united states attorney,other,,DefendantWin,0.8559706523218336,0.8559706523218336,2017
12266915,wilmer cutler pickering hale & dor,united states attorney,other,,DefendantWin,0.7167298009061018,0.7167298009061018,2017
12266996,attorney general,united states attorney,other,,DefendantWin,0.8329539570322829,0.8329539570322829,2017
12267673,attorney general,simpson thacher & bartlett,other,,PlaintiffWin,0.8083207453112874,0.8083207453112874,2017
12267673,attorney general,"weil, gotshal & manges",other,,PlaintiffWin,0.8083207453112874,0.8083207453112874,2017
12267673,attorney general,"weil, gotshal & manges",other,,PlaintiffWin,0.8083207453112874,0.8083207453112874,2017
12267673,skadden arps slate meagher & flom,simpson thacher & bartlett,other,,PlaintiffWin,0.8083207453112874,0.8083207453112874,2017
12267673,skadden arps slate meagher & flom,"weil, gotshal & manges",other,,PlaintiffWin,0.8083207453112874,0.8083207453112874,2017
12267673,skadden arps slate meagher & flom,"weil, gotshal & manges",other,,PlaintiffWin,0.8083207453112874,0.8083207453112874,2017
12267824,attorney general,united states attorney,other,,DefendantWin,0.8329539570322829,0.8329539570322829,2017
12267850,mayer brown,attorney general,other,,PlaintiffWin,0.520594558608545,0.4794054413914551,2017
12267850,mayer brown,"gibson, dunn & crutcher",other,,PlaintiffWin,0.520594558608545,0.4794054413914551,2017
12268000,covington & burling,attorney general,civil_rights,,PlaintiffWin,0.8033856862231916,0.8033856862231916,2017
12268000,arnold & porter,attorney general,civil_rights,,PlaintiffWin,0.8033856862231916,0.8033856862231916,2017
12268000,kirkland & ellis,attorney general,civil_rights,,PlaintiffWin,0.8033856862231916,0.8033856862231916,2017
12268130,wilmer cutler pickering hale & dor,attorney general,civil_rights,,PlaintiffWin,0.6699030330188198,0.6699030330188198,2017
12268369,susman godfrey,latham & watkins,other,,PlaintiffWin,0.8920608256469955,0.8920608256469955,2017
12268369,susman godfrey,latham & watkins,other,,PlaintiffWin,0.8920608256469955,0.8920608256469955,2017
12268369,susman godfrey,latham & watkins,other,,PlaintiffWin,0.8920608256469955,0.8920608256469955,2017
12268369,susman godfrey,latham & watkins,other,,PlaintiffWin,0.8920608256469955,0.8920608256469955,2017
12268436,cohen milstein sellers & toll,"gibson, dunn & crutcher",other,,PlaintiffWin,0.7505517499270491,0.7505517499270491,2017
12268436,cohen milstein sellers & toll,wilmer cutler pickering hale & dor,other,,PlaintiffWin,0.7505517499270491,0.7505517499270491,2017
12268485,"gibson, dunn & crutcher",susman godfrey,other,,PlaintiffWin,0.8760401780324856,0.8760401780324856,2017
12268485,"gibson, dunn & crutcher",susman godfrey,other,,PlaintiffWin,0.8760401780324856,0.8760401780324856,2017
12268485,"gibson, dunn & crutcher",susman godfrey,other,,PlaintiffWin,0.8760401780324856,0.8760401780324856,2017
12268485,"gibson, dunn & crutcher",susman godfrey,other,,PlaintiffWin,0.8760401780324856,0.8760401780324856,2017
12268485,"gibson, dunn & crutcher",susman godfrey,other,,PlaintiffWin,0.8760401780324856,0.8760401780324856,2017
12268485,"gibson, dunn & crutcher",susman godfrey,other,,PlaintiffWin,0.8760401780324856,0.8760401780324856,2017
12268573,skadden arps slate meagher & flom,attorney general,civil_rights,,PlaintiffWin,0.6753335197475998,0.6753335197475998,2017
12269184,williams & connolly,attorney general,other,,PlaintiffWin,0.8573388551539671,0.8573388551539671,2017
12269615,mcdermott will & emery,steptoe & johnson,other,,DefendantWin,0.75267037202976,0.75267037202976,2017
12270179,kirkland & ellis,attorney general,other,,DefendantWin,0.8192345255766986,0.8192345255766986,2017
12270356,cohen milstein sellers & toll,"gibson, dunn & crutcher",other,,PlaintiffWin,0.9128255949401418,0.9128255949401418,2017
12270356,cohen milstein sellers & toll,mayer brown,other,,PlaintiffWin,0.9128255949401418,0.9128255949401418,2017
12270356,hausfeld,"gibson, dunn & crutcher",other,,PlaintiffWin,0.9128255949401418,0.9128255949401418,2017
12270356,hausfeld,mayer brown,other,,PlaintiffWin,0.9128255949401418,0.9128255949401418,2017
12270943,grant & eisenhofer,sullivan & cromwell,contract,,PlaintiffWin,0.8349741098953857,0.8349741098953857,2016
12270943,grant & eisenhofer,simpson thacher & bartlett,contract,,PlaintiffWin,0.8349741098953857,0.8349741098953857,2016
12270943,grant & eisenhofer,sullivan & cromwell,contract,,PlaintiffWin,0.8349741098953857,0.8349741098953857,2016
12270943,grant & eisenhofer,simpson thacher & bartlett,contract,,PlaintiffWin,0.8349741098953857,0.8349741098953857,2016
12271022,"weil, gotshal & manges","weil, gotshal & manges",contract,,PlaintiffWin,0.8531246406336006,0.8531246406336006,2016
12271022,"weil, gotshal & manges","weil, gotshal & manges",contract,,PlaintiffWin,0.8531246406336006,0.8531246406336006,2016
12271848,hagens berman sobol shapiro,wilmer cutler pickering hale & dor,other,,PlaintiffWin,0.9396334679006638,0.9396334679006638,2016
12272551,"boies, schiller & flexner","shook, hardy & bacon",other,,DefendantWin,0.9197301972145406,0.9197301972145406,2016
12272551,"boies, schiller & flexner","gibson, dunn & crutcher",other,,DefendantWin,0.9197301972145406,0.9197301972145406,2016
12272551,"boies, schiller & flexner","shook, hardy & bacon",other,,DefendantWin,0.9197301972145406,0.9197301972145406,2016
12272551,"boies, schiller & flexner",greenberg traurig,other,,DefendantWin,0.9197301972145406,0.9197301972145406,2016
12272551,"morgan, lewis & bockius","shook, hardy & bacon",other,,DefendantWin,0.9197301972145406,0.9197301972145406,2016
12272551,"morgan, lewis & bockius","gibson, dunn & crutcher",other,,DefendantWin,0.9197301972145406,0.9197301972145406,2016
12272551,"morgan, lewis & bockius","shook, hardy & bacon",other,,DefendantWin,0.9197301972145406,0.9197301972145406,2016
12272551,"morgan, lewis & bockius",greenberg traurig,other,,DefendantWin,0.9197301972145406,0.9197301972145406,2016
12272551,"boies, schiller & flexner","shook, hardy & bacon",other,,DefendantWin,0.9197301972145406,0.9197301972145406,2016
12272551,"boies, schiller & flexner","gibson, dunn & crutcher",other,,DefendantWin,0.9197301972145406,0.9197301972145406,2016
12272551,"boies, schiller & flexner","shook, hardy & bacon",other,,DefendantWin,0.9197301972145406,0.9197301972145406,2016
12272551,"boies, schiller & flexner",greenberg traurig,other,,DefendantWin,0.9197301972145406,0.9197301972145406,2016
12272551,"boies, schiller & flexner","shook, hardy & bacon",other,,DefendantWin,0.9197301972145406,0.9197301972145406,2016
12272551,"boies, schiller & flexner","gibson, dunn & crutcher",other,,DefendantWin,0.9197301972145406,0.9197301972145406,2016
12272551,"boies, schiller & flexner","shook, hardy & bacon",other,,DefendantWin,0.9197301972145406,0.9197301972145406,2016
12272551,"boies, schiller & flexner",greenberg traurig,other,,DefendantWin,0.9197301972145406,0.9197301972145406,2016
12272941,attorney general,united states attorney,civil_rights,,DefendantWin,0.7396950600432799,0.7396950600432799,2018
12273260,cohen milstein sellers & toll,kirkland & ellis,other,,PlaintiffWin,0.6825501773842618,0.6825501773842618,2017
12273499,cohen milstein sellers & toll,united states attorney,civil_rights,,PlaintiffWin,0.5006589708051717,0.5006589708051717,2017
12273646,hagens berman sobol shapiro,kirkland & ellis,torts,,PlaintiffWin,0.5925828436321823,0.5925828436321823,2017
12273670,cohen milstein sellers & toll,attorney general,civil_rights,,PlaintiffWin,0.5628364799516888,0.5628364799516888,2017
12273758,morrison & foerster,united states attorney,other,,DefendantWin,0.842954918814442,0.842954918814442,2017
12273758,morrison & foerster,quinn emanuel urquhart & sullivan,other,,DefendantWin,0.842954918814442,0.842954918814442,2017
12273758,morrison & foerster,williams & connolly,other,,DefendantWin,0.842954918814442,0.842954918814442,2017
12273758,morrison & foerster,kirkland & ellis,other,,DefendantWin,0.842954918814442,0.842954918814442,2017
12273758,morrison & foerster,quinn emanuel urquhart & sullivan,other,,DefendantWin,0.842954918814442,0.842954918814442,2017
12273758,morrison & foerster,quinn emanuel urquhart & sullivan,other,,DefendantWin,0.842954918814442,0.842954918814442,2017
12273758,"gibson, dunn & crutcher",united states attorney,other,,DefendantWin,0.842954918814442,0.842954918814442,2017
12273758,"gibson, dunn & crutcher",quinn emanuel urquhart & sullivan,other,,DefendantWin,0.842954918814442,0.842954918814442,2017
12273758,"gibson, dunn & crutcher",williams & connolly,other,,DefendantWin,0.842954918814442,0.842954918814442,2017
12273758,"gibson, dunn & crutcher",kirkland & ellis,other,,DefendantWin,0.842954918814442,0.842954918814442,2017
12273758,"gibson, dunn & crutcher",quinn emanuel urquhart & sullivan,other,,DefendantWin,0.842954918814442,0.842954918814442,2017
12273758,"gibson, dunn & crutcher",quinn emanuel urquhart & sullivan,other,,DefendantWin,0.842954918814442,0.842954918814442,2017
12273758,morrison & foerster,united states attorney,other,,DefendantWin,0.842954918814442,0.842954918814442,2017
12273758,morrison & foerster,quinn emanuel urquhart & sullivan,other,,DefendantWin,0.842954918814442,0.842954918814442,2017
12273758,morrison & foerster,williams & connolly,other,,DefendantWin,0.842954918814442,0.842954918814442,2017
12273758,morrison & foerster,kirkland & ellis,other,,DefendantWin,0.842954918814442,0.842954918814442,2017
12273758,morrison & foerster,quinn emanuel urquhart & sullivan,other,,DefendantWin,0.842954918814442,0.842954918814442,2017
12273758,morrison & foerster,quinn emanuel urquhart & sullivan,other,,DefendantWin,0.842954918814442,0.842954918814442,2017
12273758,"gibson, dunn & crutcher",united states attorney,other,,DefendantWin,0.842954918814442,0.842954918814442,2017
12273758,"gibson, dunn & crutcher",quinn emanuel urquhart & sullivan,other,,DefendantWin,0.842954918814442,0.842954918814442,2017
12273758,"gibson, dunn & crutcher",williams & connolly,other,,DefendantWin,0.842954918814442,0.842954918814442,2017
12273758,"gibson, dunn & crutcher",kirkland & ellis,other,,DefendantWin,0.842954918814442,0.842954918814442,2017
12273758,"gibson, dunn & crutcher",quinn emanuel urquhart & sullivan,other,,DefendantWin,0.842954918814442,0.842954918814442,2017
12273758,"gibson, dunn & crutcher",quinn emanuel urquhart & sullivan,other,,DefendantWin,0.842954918814442,0.842954918814442,2017
12273758,"gibson, dunn & crutcher",united states attorney,other,,DefendantWin,0.842954918814442,0.842954918814442,2017
12273758,"gibson, dunn & crutcher",quinn emanuel urquhart & sullivan,other,,DefendantWin,0.842954918814442,0.842954918814442,2017
12273758,"gibson, dunn & crutcher",williams & connolly,other,,DefendantWin,0.842954918814442,0.842954918814442,2017
12273758,"gibson, dunn & crutcher",kirkland & ellis,other,,DefendantWin,0.842954918814442,0.842954918814442,2017
12273758,"gibson, dunn & crutcher",quinn emanuel urquhart & sullivan,other,,DefendantWin,0.842954918814442,0.842954918814442,2017
12273758,"gibson, dunn & crutcher",quinn emanuel urquhart & sullivan,other,,DefendantWin,0.842954918814442,0.842954918814442,2017
12273758,morrison & foerster,united states attorney,other,,DefendantWin,0.842954918814442,0.842954918814442,2017
12273758,morrison & foerster,quinn emanuel urquhart & sullivan,other,,DefendantWin,0.842954918814442,0.842954918814442,2017
12273758,morrison & foerster,williams & connolly,other,,DefendantWin,0.842954918814442,0.842954918814442,2017
12273758,morrison & foerster,kirkland & ellis,other,,DefendantWin,0.842954918814442,0.842954918814442,2017
12273758,morrison & foerster,quinn emanuel urquhart & sullivan,other,,DefendantWin,0.842954918814442,0.842954918814442,2017
12273758,morrison & foerster,quinn emanuel urquhart & sullivan,other,,DefendantWin,0.842954918814442,0.842954918814442,2017
12273758,wilmer cutler pickering hale & dor,united states attorney,other,,DefendantWin,0.842954918814442,0.842954918814442,2017
12273758,wilmer cutler pickering hale & dor,quinn emanuel urquhart & sullivan,other,,DefendantWin,0.842954918814442,0.842954918814442,2017
12273758,wilmer cutler pickering hale & dor,williams & connolly,other,,DefendantWin,0.842954918814442,0.842954918814442,2017
12273758,wilmer cutler pickering hale & dor,kirkland & ellis,other,,DefendantWin,0.842954918814442,0.842954918814442,2017
12273758,wilmer cutler pickering hale & dor,quinn emanuel urquhart & sullivan,other,,DefendantWin,0.842954918814442,0.842954918814442,2017
12273758,wilmer cutler pickering hale & dor,quinn emanuel urquhart & sullivan,other,,DefendantWin,0.842954918814442,0.842954918814442,2017
12273758,"gibson, dunn & crutcher",united states attorney,other,,DefendantWin,0.842954918814442,0.842954918814442,2017
12273758,"gibson, dunn & crutcher",quinn emanuel urquhart & sullivan,other,,DefendantWin,0.842954918814442,0.842954918814442,2017
12273758,"gibson, dunn & crutcher",williams & connolly,other,,DefendantWin,0.842954918814442,0.842954918814442,2017
12273758,"gibson, dunn & crutcher",kirkland & ellis,other,,DefendantWin,0.842954918814442,0.842954918814442,2017
12273758,"gibson, dunn & crutcher",quinn emanuel urquhart & sullivan,other,,DefendantWin,0.842954918814442,0.842954918814442,2017
12273758,"gibson, dunn & crutcher",quinn emanuel urquhart & sullivan,other,,DefendantWin,0.842954918814442,0.842954918814442,2017
12273758,wilmer cutler pickering hale & dor,united states attorney,other,,DefendantWin,0.842954918814442,0.842954918814442,2017
12273758,wilmer cutler pickering hale & dor,quinn emanuel urquhart & sullivan,other,,DefendantWin,0.842954918814442,0.842954918814442,2017
12273758,wilmer cutler pickering hale & dor,williams & connolly,other,,DefendantWin,0.842954918814442,0.842954918814442,2017
12273758,wilmer cutler pickering hale & dor,kirkland & ellis,other,,DefendantWin,0.842954918814442,0.842954918814442,2017
12273758,wilmer cutler pickering hale & dor,quinn emanuel urquhart & sullivan,other,,DefendantWin,0.842954918814442,0.842954918814442,2017
12273758,wilmer cutler pickering hale & dor,quinn emanuel urquhart & sullivan,other,,DefendantWin,0.842954918814442,0.842954918814442,2017
12273758,wilmer cutler pickering hale & dor,united states attorney,other,,DefendantWin,0.842954918814442,0.842954918814442,2017
12273758,wilmer cutler pickering hale & dor,quinn emanuel urquhart & sullivan,other,,DefendantWin,0.842954918814442,0.842954918814442,2017
12273758,wilmer cutler pickering hale & dor,williams & connolly,other,,DefendantWin,0.842954918814442,0.842954918814442,2017
12273758,wilmer cutler pickering hale & dor,kirkland & ellis,other,,DefendantWin,0.842954918814442,0.842954918814442,2017
12273758,wilmer cutler pickering hale & dor,quinn emanuel urquhart & sullivan,other,,DefendantWin,0.842954918814442,0.842954918814442,2017
12273758,wilmer cutler pickering hale & dor,quinn emanuel urquhart & sullivan,other,,DefendantWin,0.842954918814442,0.842954918814442,2017
12273758,wilmer cutler pickering hale & dor,united states attorney,other,,DefendantWin,0.842954918814442,0.842954918814442,2017
12273758,wilmer cutler pickering hale & dor,quinn emanuel urquhart & sullivan,other,,DefendantWin,0.842954918814442,0.842954918814442,2017
12273758,wilmer cutler pickering hale & dor,williams & connolly,other,,DefendantWin,0.842954918814442,0.842954918814442,2017
12273758,wilmer cutler pickering hale & dor,kirkland & ellis,other,,DefendantWin,0.842954918814442,0.842954918814442,2017
12273758,wilmer cutler pickering hale & dor,quinn emanuel urquhart & sullivan,other,,DefendantWin,0.842954918814442,0.842954918814442,2017
12273758,wilmer cutler pickering hale & dor,quinn emanuel urquhart & sullivan,other,,DefendantWin,0.842954918814442,0.842954918814442,2017
12273803,quinn emanuel urquhart & sullivan,morrison & foerster,other,,PlaintiffWin,0.8912912980880676,0.8912912980880676,2017
12273803,quinn emanuel urquhart & sullivan,goodwin procter,other,,PlaintiffWin,0.8912912980880676,0.8912912980880676,2017
12273826,attorney general,united states attorney,other,,PlaintiffWin,0.8329539570322829,0.8329539570322829,2017
12274046,lieff cabraser heimann & bernstein,greenberg traurig,contract,,PlaintiffWin,0.5620598003920123,0.5620598003920123,2017
12274235,"morgan, lewis & bockius",united states attorney,labor,,PlaintiffWin,0.8586124439868129,0.8586124439868129,2017
12274235,"morgan, lewis & bockius",kirkland & ellis,labor,,PlaintiffWin,0.8586124439868129,0.8586124439868129,2017
12274244,attorney general,united states attorney,other,,PlaintiffWin,0.8506886981756507,0.8506886981756507,2017
12274244,united states attorney,united states attorney,other,,PlaintiffWin,0.8506886981756507,0.8506886981756507,2017
12274252,hausfeld,skadden arps slate meagher & flom,other,,PlaintiffWin,0.9794457380660844,0.9794457380660844,2017
12274278,susman godfrey,united states attorney,civil_rights,,DefendantWin,0.6843764583090463,0.6843764583090463,2017
12274278,susman godfrey,united states attorney,civil_rights,,DefendantWin,0.6843764583090463,0.6843764583090463,2017
12274292,covington & burling,attorney general,civil_rights,,PlaintiffWin,0.8357505001688088,0.8357505001688088,2017
12274292,covington & burling,attorney general,civil_rights,,PlaintiffWin,0.8357505001688088,0.8357505001688088,2017
12274423,"shook, hardy & bacon",kirkland & ellis,other,,PlaintiffWin,0.8014825878960292,0.8014825878960292,2017
12274423,"shook, hardy & bacon",kirkland & ellis,other,,PlaintiffWin,0.8014825878960292,0.8014825878960292,2017
12274727,cohen milstein sellers & toll,"gibson, dunn & crutcher",other,,PlaintiffWin,0.899835447249945,0.899835447249945,2017
12274727,cohen milstein sellers & toll,"gibson, dunn & crutcher",other,,PlaintiffWin,0.899835447249945,0.899835447249945,2017
12274727,"robins, kaplan, miller & ciresi","gibson, dunn & crutcher",other,,PlaintiffWin,0.899835447249945,0.899835447249945,2017
12274889,foley & lardner,united states attorney,other,,PlaintiffWin,0.7589933467616546,0.7589933467616546,2017
12274889,foley & lardner,united states attorney,other,,PlaintiffWin,0.7589933467616546,0.7589933467616546,2017
12274889,katten muchin rosenman,united states attorney,other,,PlaintiffWin,0.7589933467616546,0.7589933467616546,2017
12274973,attorney general,united states attorney,civil_rights,,DefendantWin,0.7396950600432799,0.7396950600432799,2017
12274974,hagens berman sobol shapiro,latham & watkins,other,,PlaintiffWin,0.8504552545515065,0.8504552545515065,2017
12274974,hagens berman sobol shapiro,latham & watkins,other,,PlaintiffWin,0.8504552545515065,0.8504552545515065,2017
12275079,"shook, hardy & bacon","shook, hardy & bacon",other,,DefendantWin,0.8778804969798798,0.8778804969798798,2017
12275079,"shook, hardy & bacon",arnold & porter,other,,DefendantWin,0.8778804969798798,0.8778804969798798,2017
12275079,"shook, hardy & bacon",latham & watkins,other,,DefendantWin,0.8778804969798798,0.8778804969798798,2017
12277878,attorney general,united states attorney,other,,DefendantWin,0.8329539570322829,0.8329539570322829,2017
12278036,morrison & foerster,attorney general,other,,DefendantWin,0.8731829774750844,0.8731829774750844,2017
12278036,morrison & foerster,attorney general,other,,DefendantWin,0.8731829774750844,0.8731829774750844,2017
12309704,wilmer cutler pickering hale & dor,covington & burling,other,,PlaintiffWin,0.6755941082470243,0.6755941082470243,2017
12309704,wilmer cutler pickering hale & dor,covington & burling,other,,PlaintiffWin,0.6755941082470243,0.6755941082470243,2017
12309704,wilmer cutler pickering hale & dor,covington & burling,other,,PlaintiffWin,0.6755941082470243,0.6755941082470243,2017
12309704,wilmer cutler pickering hale & dor,covington & burling,other,,PlaintiffWin,0.6755941082470243,0.6755941082470243,2017
12309704,wilmer cutler pickering hale & dor,covington & burling,other,,PlaintiffWin,0.6755941082470243,0.6755941082470243,2017
12309704,wilmer cutler pickering hale & dor,covington & burling,other,,PlaintiffWin,0.6755941082470243,0.6755941082470243,2017
12309804,arnold & porter,greenberg traurig,other,,PlaintiffWin,0.8242180973451806,0.8242180973451806,2017
12309816,foley & lardner,united states attorney,other,,PlaintiffWin,0.7685839463626373,0.7685839463626373,2017
12309816,katten muchin rosenman,united states attorney,other,,PlaintiffWin,0.7685839463626373,0.7685839463626373,2017
12417879,attorney general,united states attorney,other,,PlaintiffWin,0.8329539570322829,0.8329539570322829,2017
12418840,kirkland & ellis,attorney general,prisoner_petitions,,DefendantWin,0.8596367096498291,0.8596367096498291,2017
12419037,grant & eisenhofer,quinn emanuel urquhart & sullivan,other,,PlaintiffWin,0.8758639869290368,0.8758639869290368,2017
12419037,grant & eisenhofer,quinn emanuel urquhart & sullivan,other,,PlaintiffWin,0.8758639869290368,0.8758639869290368,2017
12419037,grant & eisenhofer,mcdermott will & emery,other,,PlaintiffWin,0.8758639869290368,0.8758639869290368,2017
12419037,grant & eisenhofer,mcdermott will & emery,other,,PlaintiffWin,0.8758639869290368,0.8758639869290368,2017
12419037,grant & eisenhofer,foley & lardner,other,,PlaintiffWin,0.8758639869290368,0.8758639869290368,2017
12419037,grant & eisenhofer,greenberg traurig,other,,PlaintiffWin,0.8758639869290368,0.8758639869290368,2017
12419037,grant & eisenhofer,dla piper,other,,PlaintiffWin,0.8758639869290368,0.8758639869290368,2017
12419037,grant & eisenhofer,mayer brown,other,,PlaintiffWin,0.8758639869290368,0.8758639869290368,2017
12419037,freed kanner london & millen,quinn emanuel urquhart & sullivan,other,,PlaintiffWin,0.8758639869290368,0.8758639869290368,2017
12419037,freed kanner london & millen,quinn emanuel urquhart & sullivan,other,,PlaintiffWin,0.8758639869290368,0.8758639869290368,2017
12419037,freed kanner london & millen,mcdermott will & emery,other,,PlaintiffWin,0.8758639869290368,0.8758639869290368,2017
12419037,freed kanner london & millen,mcdermott will & emery,other,,PlaintiffWin,0.8758639869290368,0.8758639869290368,2017
12419037,freed kanner london & millen,foley & lardner,other,,PlaintiffWin,0.8758639869290368,0.8758639869290368,2017
12419037,freed kanner london & millen,greenberg traurig,other,,PlaintiffWin,0.8758639869290368,0.8758639869290368,2017
12419037,freed kanner london & millen,dla piper,other,,PlaintiffWin,0.8758639869290368,0.8758639869290368,2017
12419037,freed kanner london & millen,mayer brown,other,,PlaintiffWin,0.8758639869290368,0.8758639869290368,2017
12419037,cohen milstein sellers & toll,quinn emanuel urquhart & sullivan,other,,PlaintiffWin,0.8758639869290368,0.8758639869290368,2017
12419037,cohen milstein sellers & toll,quinn emanuel urquhart & sullivan,other,,PlaintiffWin,0.8758639869290368,0.8758639869290368,2017
12419037,cohen milstein sellers & toll,mcdermott will & emery,other,,PlaintiffWin,0.8758639869290368,0.8758639869290368,2017
12419037,cohen milstein sellers & toll,mcdermott will & emery,other,,PlaintiffWin,0.8758639869290368,0.8758639869290368,2017
12419037,cohen milstein sellers & toll,foley & lardner,other,,PlaintiffWin,0.8758639869290368,0.8758639869290368,2017
12419037,cohen milstein sellers & toll,greenberg traurig,other,,PlaintiffWin,0.8758639869290368,0.8758639869290368,2017
12419037,cohen milstein sellers & toll,dla piper,other,,PlaintiffWin,0.8758639869290368,0.8758639869290368,2017
12419037,cohen milstein sellers & toll,mayer brown,other,,PlaintiffWin,0.8758639869290368,0.8758639869290368,2017
12419037,berger & montague,quinn emanuel urquhart & sullivan,other,,PlaintiffWin,0.8758639869290368,0.8758639869290368,2017
12419037,berger & montague,quinn emanuel urquhart & sullivan,other,,PlaintiffWin,0.8758639869290368,0.8758639869290368,2017
12419037,berger & montague,mcdermott will & emery,other,,PlaintiffWin,0.8758639869290368,0.8758639869290368,2017
12419037,berger & montague,mcdermott will & emery,other,,PlaintiffWin,0.8758639869290368,0.8758639869290368,2017
12419037,berger & montague,foley & lardner,other,,PlaintiffWin,0.8758639869290368,0.8758639869290368,2017
12419037,berger & montague,greenberg traurig,other,,PlaintiffWin,0.8758639869290368,0.8758639869290368,2017
12419037,berger & montague,dla piper,other,,PlaintiffWin,0.8758639869290368,0.8758639869290368,2017
12419037,berger & montague,mayer brown,other,,PlaintiffWin,0.8758639869290368,0.8758639869290368,2017
12419037,hagens berman sobol shapiro,quinn emanuel urquhart & sullivan,other,,PlaintiffWin,0.8758639869290368,0.8758639869290368,2017
12419037,hagens berman sobol shapiro,quinn emanuel urquhart & sullivan,other,,PlaintiffWin,0.8758639869290368,0.8758639869290368,2017
12419037,hagens berman sobol shapiro,mcdermott will & emery,other,,PlaintiffWin,0.8758639869290368,0.8758639869290368,2017
12419037,hagens berman sobol shapiro,mcdermott will & emery,other,,PlaintiffWin,0.8758639869290368,0.8758639869290368,2017
12419037,hagens berman sobol shapiro,foley & lardner,other,,PlaintiffWin,0.8758639869290368,0.8758639869290368,2017
12419037,hagens berman sobol shapiro,greenberg traurig,other,,PlaintiffWin,0.8758639869290368,0.8758639869290368,2017
12419037,hagens berman sobol shapiro,dla piper,other,,PlaintiffWin,0.8758639869290368,0.8758639869290368,2017
12419037,hagens berman sobol shapiro,mayer brown,other,,PlaintiffWin,0.8758639869290368,0.8758639869290368,2017
12419421,kirkland & ellis,attorney general,civil_rights,,PlaintiffWin,0.7705526897007787,0.7705526897007787,2017
