CaseId,PlaintiffFirm,DefendantFirm,CaseType,Court,Outcome,Weight,PredDefWinProba,Year
3594648,quinn emanuel urquhart & sullivan,covington & burling,contract,,PlaintiffWin,0.7540355938742661,0.7540355938742661,2013
3594648,quinn emanuel urquhart & sullivan,covington & burling,contract,,PlaintiffWin,0.7540355938742661,0.7540355938742661,2013
3594648,quinn emanuel urquhart & sullivan,mayer brown,contract,,PlaintiffWin,0.7540355938742661,0.7540355938742661,2013
3594648,dla piper,covington & burling,contract,,PlaintiffWin,0.7540355938742661,0.7540355938742661,2013
3594648,dla piper,covington & burling,contract,,PlaintiffWin,0.7540355938742661,0.7540355938742661,2013
3594648,dla piper,mayer brown,contract,,PlaintiffWin,0.7540355938742661,0.7540355938742661,2013
3821077,"orrick, herrington & sutcliffe",mcdermott will & emery,other,,PlaintiffWin,0.981329857263699,0.981329857263699,2013
3823183,mcdermott will & emery,goodwin procter,other,,PlaintiffWin,0.768148247798089,0.768148247798089,2013
3823183,mcdermott will & emery,goodwin procter,other,,PlaintiffWin,0.768148247798089,0.768148247798089,2013
3823260,cuneo gilbert & laduca,foley & lardner,other,,PlaintiffWin,0.9427123510905988,0.9427123510905988,2013
3823260,cuneo gilbert & laduca,arnold & porter,other,,PlaintiffWin,0.9427123510905988,0.9427123510905988,2013
3823260,susman godfrey,foley & lardner,other,,PlaintiffWin,0.9427123510905988,0.9427123510905988,2013
3823260,susman godfrey,arnold & porter,other,,PlaintiffWin,0.9427123510905988,0.9427123510905988,2013
3827955,glancy binkow & goldberg,dla piper us,other,,PlaintiffWin,0.998022617094918,0.998022617094918,2013
3828669,robbins geller rudman & dowd,latham & watkins,other,,PlaintiffWin,0.8923366058896484,0.8923366058896484,2013
3828669,robbins geller rudman & dowd,"gibson, dunn & crutcher",other,,PlaintiffWin,0.8923366058896484,0.8923366058896484,2013
3828669,hagens berman sobol shapiro,latham & watkins,other,,PlaintiffWin,0.8923366058896484,0.8923366058896484,2013
3828669,hagens berman sobol shapiro,"gibson, dunn & crutcher",other,,PlaintiffWin,0.8923366058896484,0.8923366058896484,2013
3828669,hagens berman sobol shapiro,latham & watkins,other,,PlaintiffWin,0.8923366058896484,0.8923366058896484,2013
3828669,hagens berman sobol shapiro,"gibson, dunn & crutcher",other,,PlaintiffWin,0.8923366058896484,0.8923366058896484,2013
3832070,foley & lardner,united states attorney,contract,,PlaintiffWin,0.673478573177958,0.673478573177958,2013
3834311,faruqi & faruqi,dla piper,torts,,PlaintiffWin,0.7404240064471646,0.7404240064471646,2013
3834311,faruqi & faruqi,dla piper,torts,,PlaintiffWin,0.7404240064471646,0.7404240064471646,2013
3834311,glancy binkow & goldberg,dla piper,torts,,PlaintiffWin,0.7404240064471646,0.7404240064471646,2013
3877383,berger & montague,arnold & porter,other,,PlaintiffWin,0.5874410545171874,0.5874410545171874,2013
3877383,berger & montague,locke lord bissell & liddell,other,,PlaintiffWin,0.5874410545171874,0.5874410545171874,2013
3877383,berger & montague,"cravath, swaine & moore",other,,PlaintiffWin,0.5874410545171874,0.5874410545171874,2013
3877383,lieff cabraser heimann & bernstein,arnold & porter,other,,PlaintiffWin,0.5874410545171874,0.5874410545171874,2013
3877383,lieff cabraser heimann & bernstein,locke lord bissell & liddell,other,,PlaintiffWin,0.5874410545171874,0.5874410545171874,2013
3877383,lieff cabraser heimann & bernstein,"cravath, swaine & moore",other,,PlaintiffWin,0.5874410545171874,0.5874410545171874,2013
3877383,faruqi & faruqi,arnold & porter,other,,PlaintiffWin,0.5874410545171874,0.5874410545171874,2013
3877383,faruqi & faruqi,locke lord bissell & liddell,other,,PlaintiffWin,0.5874410545171874,0.5874410545171874,2013
3877383,faruqi & faruqi,"cravath, swaine & moore",other,,PlaintiffWin,0.5874410545171874,0.5874410545171874,2013
3877383,lieff cabraser heimann & bernstein,arnold & porter,other,,PlaintiffWin,0.5874410545171874,0.5874410545171874,2013
3877383,lieff cabraser heimann & bernstein,locke lord bissell & liddell,other,,PlaintiffWin,0.5874410545171874,0.5874410545171874,2013
3877383,lieff cabraser heimann & bernstein,"cravath, swaine & moore",other,,PlaintiffWin,0.5874410545171874,0.5874410545171874,2013
3877681,united states attorney,"morgan, lewis & bockius",other,,PlaintiffWin,0.8251307014194065,0.8251307014194065,2013
3877681,united states attorney,"morgan, lewis & bockius",other,,PlaintiffWin,0.8251307014194065,0.8251307014194065,2013
3877681,united states attorney,mayer brown,other,,PlaintiffWin,0.8251307014194065,0.8251307014194065,2013
3877681,united states attorney,goodwin procter,other,,PlaintiffWin,0.8251307014194065,0.8251307014194065,2013
3877681,united states attorney,dla piper,other,,PlaintiffWin,0.8251307014194065,0.8251307014194065,2013
3881783,robbins geller rudman & dowd,kirkland & ellis,other,,PlaintiffWin,0.8946094989606663,0.8946094989606663,2013
3881783,robbins geller rudman & dowd,"weil, gotshal & manges",other,,PlaintiffWin,0.8946094989606663,0.8946094989606663,2013
3881783,robbins geller rudman & dowd,ropes & gray,other,,PlaintiffWin,0.8946094989606663,0.8946094989606663,2013
3881783,robbins geller rudman & dowd,"skadden, arps, slate, meagher & flom",other,,PlaintiffWin,0.8946094989606663,0.8946094989606663,2013
3881783,robbins geller rudman & dowd,sullivan & cromwell,other,,PlaintiffWin,0.8946094989606663,0.8946094989606663,2013
3881783,robbins geller rudman & dowd,latham & watkins,other,,PlaintiffWin,0.8946094989606663,0.8946094989606663,2013
3881783,robbins geller rudman & dowd,simpson thacher & bartlett,other,,PlaintiffWin,0.8946094989606663,0.8946094989606663,2013
3881783,robbins geller rudman & dowd,latham & watkins,other,,PlaintiffWin,0.8946094989606663,0.8946094989606663,2013
3881783,robbins geller rudman & dowd,arnold & porter,other,,PlaintiffWin,0.8946094989606663,0.8946094989606663,2013
3881783,robbins geller rudman & dowd,simpson thacher & bartlett,other,,PlaintiffWin,0.8946094989606663,0.8946094989606663,2013
3881783,robbins geller rudman & dowd,kirkland & ellis,other,,PlaintiffWin,0.8946094989606663,0.8946094989606663,2013
3881783,robbins geller rudman & dowd,arnold & porter,other,,PlaintiffWin,0.8946094989606663,0.8946094989606663,2013
3881783,robbins geller rudman & dowd,susman godfrey,other,,PlaintiffWin,0.8946094989606663,0.8946094989606663,2013
3881783,robbins geller rudman & dowd,winston & strawn,other,,PlaintiffWin,0.8946094989606663,0.8946094989606663,2013
3881783,robbins geller rudman & dowd,shearman & sterling,other,,PlaintiffWin,0.8946094989606663,0.8946094989606663,2013
3881783,"robins, kaplan, miller & ciresi",kirkland & ellis,other,,PlaintiffWin,0.8946094989606663,0.8946094989606663,2013
3881783,"robins, kaplan, miller & ciresi","weil, gotshal & manges",other,,PlaintiffWin,0.8946094989606663,0.8946094989606663,2013
3881783,"robins, kaplan, miller & ciresi",ropes & gray,other,,PlaintiffWin,0.8946094989606663,0.8946094989606663,2013
3881783,"robins, kaplan, miller & ciresi","skadden, arps, slate, meagher & flom",other,,PlaintiffWin,0.8946094989606663,0.8946094989606663,2013
3881783,"robins, kaplan, miller & ciresi",sullivan & cromwell,other,,PlaintiffWin,0.8946094989606663,0.8946094989606663,2013
3881783,"robins, kaplan, miller & ciresi",latham & watkins,other,,PlaintiffWin,0.8946094989606663,0.8946094989606663,2013
3881783,"robins, kaplan, miller & ciresi",simpson thacher & bartlett,other,,PlaintiffWin,0.8946094989606663,0.8946094989606663,2013
3881783,"robins, kaplan, miller & ciresi",latham & watkins,other,,PlaintiffWin,0.8946094989606663,0.8946094989606663,2013
3881783,"robins, kaplan, miller & ciresi",arnold & porter,other,,PlaintiffWin,0.8946094989606663,0.8946094989606663,2013
3881783,"robins, kaplan, miller & ciresi",simpson thacher & bartlett,other,,PlaintiffWin,0.8946094989606663,0.8946094989606663,2013
3881783,"robins, kaplan, miller & ciresi",kirkland & ellis,other,,PlaintiffWin,0.8946094989606663,0.8946094989606663,2013
3881783,"robins, kaplan, miller & ciresi",arnold & porter,other,,PlaintiffWin,0.8946094989606663,0.8946094989606663,2013
3881783,"robins, kaplan, miller & ciresi",susman godfrey,other,,PlaintiffWin,0.8946094989606663,0.8946094989606663,2013
3881783,"robins, kaplan, miller & ciresi",winston & strawn,other,,PlaintiffWin,0.8946094989606663,0.8946094989606663,2013
3881783,"robins, kaplan, miller & ciresi",shearman & sterling,other,,PlaintiffWin,0.8946094989606663,0.8946094989606663,2013
3881783,"weil, gotshal & manges",kirkland & ellis,other,,PlaintiffWin,0.8946094989606663,0.8946094989606663,2013
3881783,"weil, gotshal & manges","weil, gotshal & manges",other,,PlaintiffWin,0.8946094989606663,0.8946094989606663,2013
3881783,"weil, gotshal & manges",ropes & gray,other,,PlaintiffWin,0.8946094989606663,0.8946094989606663,2013
3881783,"weil, gotshal & manges","skadden, arps, slate, meagher & flom",other,,PlaintiffWin,0.8946094989606663,0.8946094989606663,2013
3881783,"weil, gotshal & manges",sullivan & cromwell,other,,PlaintiffWin,0.8946094989606663,0.8946094989606663,2013
3881783,"weil, gotshal & manges",latham & watkins,other,,PlaintiffWin,0.8946094989606663,0.8946094989606663,2013
3881783,"weil, gotshal & manges",simpson thacher & bartlett,other,,PlaintiffWin,0.8946094989606663,0.8946094989606663,2013
3881783,"weil, gotshal & manges",latham & watkins,other,,PlaintiffWin,0.8946094989606663,0.8946094989606663,2013
3881783,"weil, gotshal & manges",arnold & porter,other,,PlaintiffWin,0.8946094989606663,0.8946094989606663,2013
3881783,"weil, gotshal & manges",simpson thacher & bartlett,other,,PlaintiffWin,0.8946094989606663,0.8946094989606663,2013
3881783,"weil, gotshal & manges",kirkland & ellis,other,,PlaintiffWin,0.8946094989606663,0.8946094989606663,2013
3881783,"weil, gotshal & manges",arnold & porter,other,,PlaintiffWin,0.8946094989606663,0.8946094989606663,2013
3881783,"weil, gotshal & manges",susman godfrey,other,,PlaintiffWin,0.8946094989606663,0.8946094989606663,2013
3881783,"weil, gotshal & manges",winston & strawn,other,,PlaintiffWin,0.8946094989606663,0.8946094989606663,2013
3881783,"weil, gotshal & manges",shearman & sterling,other,,PlaintiffWin,0.8946094989606663,0.8946094989606663,2013
3881783,lockridge grindal ñauen p,kirkland & ellis,other,,PlaintiffWin,0.8946094989606663,0.8946094989606663,2013
3881783,lockridge grindal ñauen p,"weil, gotshal & manges",other,,PlaintiffWin,0.8946094989606663,0.8946094989606663,2013
3881783,lockridge grindal ñauen p,ropes & gray,other,,PlaintiffWin,0.8946094989606663,0.8946094989606663,2013
3881783,lockridge grindal ñauen p,"skadden, arps, slate, meagher & flom",other,,PlaintiffWin,0.8946094989606663,0.8946094989606663,2013
3881783,lockridge grindal ñauen p,sullivan & cromwell,other,,PlaintiffWin,0.8946094989606663,0.8946094989606663,2013
3881783,lockridge grindal ñauen p,latham & watkins,other,,PlaintiffWin,0.8946094989606663,0.8946094989606663,2013
3881783,lockridge grindal ñauen p,simpson thacher & bartlett,other,,PlaintiffWin,0.8946094989606663,0.8946094989606663,2013
3881783,lockridge grindal ñauen p,latham & watkins,other,,PlaintiffWin,0.8946094989606663,0.8946094989606663,2013
3881783,lockridge grindal ñauen p,arnold & porter,other,,PlaintiffWin,0.8946094989606663,0.8946094989606663,2013
3881783,lockridge grindal ñauen p,simpson thacher & bartlett,other,,PlaintiffWin,0.8946094989606663,0.8946094989606663,2013
3881783,lockridge grindal ñauen p,kirkland & ellis,other,,PlaintiffWin,0.8946094989606663,0.8946094989606663,2013
3881783,lockridge grindal ñauen p,arnold & porter,other,,PlaintiffWin,0.8946094989606663,0.8946094989606663,2013
3881783,lockridge grindal ñauen p,susman godfrey,other,,PlaintiffWin,0.8946094989606663,0.8946094989606663,2013
3881783,lockridge grindal ñauen p,winston & strawn,other,,PlaintiffWin,0.8946094989606663,0.8946094989606663,2013
3881783,lockridge grindal ñauen p,shearman & sterling,other,,PlaintiffWin,0.8946094989606663,0.8946094989606663,2013
3881783,scott & scott,kirkland & ellis,other,,PlaintiffWin,0.8946094989606663,0.8946094989606663,2013
3881783,scott & scott,"weil, gotshal & manges",other,,PlaintiffWin,0.8946094989606663,0.8946094989606663,2013
3881783,scott & scott,ropes & gray,other,,PlaintiffWin,0.8946094989606663,0.8946094989606663,2013
3881783,scott & scott,"skadden, arps, slate, meagher & flom",other,,PlaintiffWin,0.8946094989606663,0.8946094989606663,2013
3881783,scott & scott,sullivan & cromwell,other,,PlaintiffWin,0.8946094989606663,0.8946094989606663,2013
3881783,scott & scott,latham & watkins,other,,PlaintiffWin,0.8946094989606663,0.8946094989606663,2013
3881783,scott & scott,simpson thacher & bartlett,other,,PlaintiffWin,0.8946094989606663,0.8946094989606663,2013
3881783,scott & scott,latham & watkins,other,,PlaintiffWin,0.8946094989606663,0.8946094989606663,2013
3881783,scott & scott,arnold & porter,other,,PlaintiffWin,0.8946094989606663,0.8946094989606663,2013
3881783,scott & scott,simpson thacher & bartlett,other,,PlaintiffWin,0.8946094989606663,0.8946094989606663,2013
3881783,scott & scott,kirkland & ellis,other,,PlaintiffWin,0.8946094989606663,0.8946094989606663,2013
3881783,scott & scott,arnold & porter,other,,PlaintiffWin,0.8946094989606663,0.8946094989606663,2013
3881783,scott & scott,susman godfrey,other,,PlaintiffWin,0.8946094989606663,0.8946094989606663,2013
3881783,scott & scott,winston & strawn,other,,PlaintiffWin,0.8946094989606663,0.8946094989606663,2013
3881783,scott & scott,shearman & sterling,other,,PlaintiffWin,0.8946094989606663,0.8946094989606663,2013
3885123,kaplan fox & kilsheimer,"weil, gotshal & manges",other,,PlaintiffWin,0.988563430838514,0.988563430838514,2013
3889548,united states attorney,arnold & porter,real_property,,PlaintiffWin,0.90536176748979,0.90536176748979,2013
3893658,baker & hostetler,o’melveny & myers,other,,PlaintiffWin,0.908550137937241,0.908550137937241,2013
3893658,baker & hostetler,o’melveny & myers,other,,PlaintiffWin,0.908550137937241,0.908550137937241,2013
3893658,baker & hostetler,goodwin procter,other,,PlaintiffWin,0.908550137937241,0.908550137937241,2013
3893658,baker & hostetler,davis polk & wardwell,other,,PlaintiffWin,0.908550137937241,0.908550137937241,2013
3893658,baker & hostetler,davis polk & wardwell,other,,PlaintiffWin,0.908550137937241,0.908550137937241,2013
3893658,baker & hostetler,sullivan & cromwell,other,,PlaintiffWin,0.908550137937241,0.908550137937241,2013
3897633,united states attorney,united states attorney,other,,PlaintiffWin,0.8582016930661355,0.8582016930661355,2013
3897633,united states attorney,"gibson, dunn & crutcher",other,,PlaintiffWin,0.8582016930661355,0.8582016930661355,2013
3897633,united states attorney,"locke, liddell & sapp",other,,PlaintiffWin,0.8582016930661355,0.8582016930661355,2013
3897633,united states attorney,mcdermott will & emery,other,,PlaintiffWin,0.8582016930661355,0.8582016930661355,2013
3897633,united states attorney,"boies, schiller & flexner",other,,PlaintiffWin,0.8582016930661355,0.8582016930661355,2013
3897633,united states attorney,sullivan & cromwell,other,,PlaintiffWin,0.8582016930661355,0.8582016930661355,2013
3897633,united states attorney,"gibson, dunn & crutcher",other,,PlaintiffWin,0.8582016930661355,0.8582016930661355,2013
3897633,united states attorney,covington & burling,other,,PlaintiffWin,0.8582016930661355,0.8582016930661355,2013
3897633,united states attorney,simpson thacher & bartlett,other,,PlaintiffWin,0.8582016930661355,0.8582016930661355,2013
3897633,united states attorney,"milbank, tweed, hadley & mccloy",other,,PlaintiffWin,0.8582016930661355,0.8582016930661355,2013
3897633,united states attorney,hughes hubbard & reed,other,,PlaintiffWin,0.8582016930661355,0.8582016930661355,2013
3897633,united states attorney,locke lord bissell & liddell,other,,PlaintiffWin,0.8582016930661355,0.8582016930661355,2013
3897633,united states attorney,paul weiss rifkind wharton & garrison,other,,PlaintiffWin,0.8582016930661355,0.8582016930661355,2013
3897633,united states attorney,cahill gordon & reindel,other,,PlaintiffWin,0.8582016930661355,0.8582016930661355,2013
3897633,united states attorney,covington & burling,other,,PlaintiffWin,0.8582016930661355,0.8582016930661355,2013
3897633,united states attorney,"boies, schiller & flexner",other,,PlaintiffWin,0.8582016930661355,0.8582016930661355,2013
3897633,united states attorney,davis polk & wardwell,other,,PlaintiffWin,0.8582016930661355,0.8582016930661355,2013
3897633,united states attorney,katten muchin rosenman,other,,PlaintiffWin,0.8582016930661355,0.8582016930661355,2013
3897633,united states attorney,sidley austin,other,,PlaintiffWin,0.8582016930661355,0.8582016930661355,2013
3897633,united states attorney,schiff hardin,other,,PlaintiffWin,0.8582016930661355,0.8582016930661355,2013
3897633,united states attorney,sidley austin,other,,PlaintiffWin,0.8582016930661355,0.8582016930661355,2013
3897633,united states attorney,flemming zulack williamson zauderer,other,,PlaintiffWin,0.8582016930661355,0.8582016930661355,2013
3897633,united states attorney,hogan lovells us,other,,PlaintiffWin,0.8582016930661355,0.8582016930661355,2013
3897633,united states attorney,sullivan & cromwell,other,,PlaintiffWin,0.8582016930661355,0.8582016930661355,2013
3897633,freed kanner london & millen,united states attorney,other,,PlaintiffWin,0.8582016930661355,0.8582016930661355,2013
3897633,freed kanner london & millen,"gibson, dunn & crutcher",other,,PlaintiffWin,0.8582016930661355,0.8582016930661355,2013
3897633,freed kanner london & millen,"locke, liddell & sapp",other,,PlaintiffWin,0.8582016930661355,0.8582016930661355,2013
3897633,freed kanner london & millen,mcdermott will & emery,other,,PlaintiffWin,0.8582016930661355,0.8582016930661355,2013
3897633,freed kanner london & millen,"boies, schiller & flexner",other,,PlaintiffWin,0.8582016930661355,0.8582016930661355,2013
3897633,freed kanner london & millen,sullivan & cromwell,other,,PlaintiffWin,0.8582016930661355,0.8582016930661355,2013
3897633,freed kanner london & millen,"gibson, dunn & crutcher",other,,PlaintiffWin,0.8582016930661355,0.8582016930661355,2013
3897633,freed kanner london & millen,covington & burling,other,,PlaintiffWin,0.8582016930661355,0.8582016930661355,2013
3897633,freed kanner london & millen,simpson thacher & bartlett,other,,PlaintiffWin,0.8582016930661355,0.8582016930661355,2013
3897633,freed kanner london & millen,"milbank, tweed, hadley & mccloy",other,,PlaintiffWin,0.8582016930661355,0.8582016930661355,2013
3897633,freed kanner london & millen,hughes hubbard & reed,other,,PlaintiffWin,0.8582016930661355,0.8582016930661355,2013
3897633,freed kanner london & millen,locke lord bissell & liddell,other,,PlaintiffWin,0.8582016930661355,0.8582016930661355,2013
3897633,freed kanner london & millen,paul weiss rifkind wharton & garrison,other,,PlaintiffWin,0.8582016930661355,0.8582016930661355,2013
3897633,freed kanner london & millen,cahill gordon & reindel,other,,PlaintiffWin,0.8582016930661355,0.8582016930661355,2013
3897633,freed kanner london & millen,covington & burling,other,,PlaintiffWin,0.8582016930661355,0.8582016930661355,2013
3897633,freed kanner london & millen,"boies, schiller & flexner",other,,PlaintiffWin,0.8582016930661355,0.8582016930661355,2013
3897633,freed kanner london & millen,davis polk & wardwell,other,,PlaintiffWin,0.8582016930661355,0.8582016930661355,2013
3897633,freed kanner london & millen,katten muchin rosenman,other,,PlaintiffWin,0.8582016930661355,0.8582016930661355,2013
3897633,freed kanner london & millen,sidley austin,other,,PlaintiffWin,0.8582016930661355,0.8582016930661355,2013
3897633,freed kanner london & millen,schiff hardin,other,,PlaintiffWin,0.8582016930661355,0.8582016930661355,2013
3897633,freed kanner london & millen,sidley austin,other,,PlaintiffWin,0.8582016930661355,0.8582016930661355,2013
3897633,freed kanner london & millen,flemming zulack williamson zauderer,other,,PlaintiffWin,0.8582016930661355,0.8582016930661355,2013
3897633,freed kanner london & millen,hogan lovells us,other,,PlaintiffWin,0.8582016930661355,0.8582016930661355,2013
3897633,freed kanner london & millen,sullivan & cromwell,other,,PlaintiffWin,0.8582016930661355,0.8582016930661355,2013
3897633,shapiro haber & urmy,united states attorney,other,,PlaintiffWin,0.8582016930661355,0.8582016930661355,2013
3897633,shapiro haber & urmy,"gibson, dunn & crutcher",other,,PlaintiffWin,0.8582016930661355,0.8582016930661355,2013
3897633,shapiro haber & urmy,"locke, liddell & sapp",other,,PlaintiffWin,0.8582016930661355,0.8582016930661355,2013
3897633,shapiro haber & urmy,mcdermott will & emery,other,,PlaintiffWin,0.8582016930661355,0.8582016930661355,2013
3897633,shapiro haber & urmy,"boies, schiller & flexner",other,,PlaintiffWin,0.8582016930661355,0.8582016930661355,2013
3897633,shapiro haber & urmy,sullivan & cromwell,other,,PlaintiffWin,0.8582016930661355,0.8582016930661355,2013
3897633,shapiro haber & urmy,"gibson, dunn & crutcher",other,,PlaintiffWin,0.8582016930661355,0.8582016930661355,2013
3897633,shapiro haber & urmy,covington & burling,other,,PlaintiffWin,0.8582016930661355,0.8582016930661355,2013
3897633,shapiro haber & urmy,simpson thacher & bartlett,other,,PlaintiffWin,0.8582016930661355,0.8582016930661355,2013
3897633,shapiro haber & urmy,"milbank, tweed, hadley & mccloy",other,,PlaintiffWin,0.8582016930661355,0.8582016930661355,2013
3897633,shapiro haber & urmy,hughes hubbard & reed,other,,PlaintiffWin,0.8582016930661355,0.8582016930661355,2013
3897633,shapiro haber & urmy,locke lord bissell & liddell,other,,PlaintiffWin,0.8582016930661355,0.8582016930661355,2013
3897633,shapiro haber & urmy,paul weiss rifkind wharton & garrison,other,,PlaintiffWin,0.8582016930661355,0.8582016930661355,2013
3897633,shapiro haber & urmy,cahill gordon & reindel,other,,PlaintiffWin,0.8582016930661355,0.8582016930661355,2013
3897633,shapiro haber & urmy,covington & burling,other,,PlaintiffWin,0.8582016930661355,0.8582016930661355,2013
3897633,shapiro haber & urmy,"boies, schiller & flexner",other,,PlaintiffWin,0.8582016930661355,0.8582016930661355,2013
3897633,shapiro haber & urmy,davis polk & wardwell,other,,PlaintiffWin,0.8582016930661355,0.8582016930661355,2013
3897633,shapiro haber & urmy,katten muchin rosenman,other,,PlaintiffWin,0.8582016930661355,0.8582016930661355,2013
3897633,shapiro haber & urmy,sidley austin,other,,PlaintiffWin,0.8582016930661355,0.8582016930661355,2013
3897633,shapiro haber & urmy,schiff hardin,other,,PlaintiffWin,0.8582016930661355,0.8582016930661355,2013
3897633,shapiro haber & urmy,sidley austin,other,,PlaintiffWin,0.8582016930661355,0.8582016930661355,2013
3897633,shapiro haber & urmy,flemming zulack williamson zauderer,other,,PlaintiffWin,0.8582016930661355,0.8582016930661355,2013
3897633,shapiro haber & urmy,hogan lovells us,other,,PlaintiffWin,0.8582016930661355,0.8582016930661355,2013
3897633,shapiro haber & urmy,sullivan & cromwell,other,,PlaintiffWin,0.8582016930661355,0.8582016930661355,2013
3897633,"shepherd, finkelman, miller & shah",united states attorney,other,,PlaintiffWin,0.8582016930661355,0.8582016930661355,2013
3897633,"shepherd, finkelman, miller & shah","gibson, dunn & crutcher",other,,PlaintiffWin,0.8582016930661355,0.8582016930661355,2013
3897633,"shepherd, finkelman, miller & shah","locke, liddell & sapp",other,,PlaintiffWin,0.8582016930661355,0.8582016930661355,2013
3897633,"shepherd, finkelman, miller & shah",mcdermott will & emery,other,,PlaintiffWin,0.8582016930661355,0.8582016930661355,2013
3897633,"shepherd, finkelman, miller & shah","boies, schiller & flexner",other,,PlaintiffWin,0.8582016930661355,0.8582016930661355,2013
3897633,"shepherd, finkelman, miller & shah",sullivan & cromwell,other,,PlaintiffWin,0.8582016930661355,0.8582016930661355,2013
3897633,"shepherd, finkelman, miller & shah","gibson, dunn & crutcher",other,,PlaintiffWin,0.8582016930661355,0.8582016930661355,2013
3897633,"shepherd, finkelman, miller & shah",covington & burling,other,,PlaintiffWin,0.8582016930661355,0.8582016930661355,2013
3897633,"shepherd, finkelman, miller & shah",simpson thacher & bartlett,other,,PlaintiffWin,0.8582016930661355,0.8582016930661355,2013
3897633,"shepherd, finkelman, miller & shah","milbank, tweed, hadley & mccloy",other,,PlaintiffWin,0.8582016930661355,0.8582016930661355,2013
3897633,"shepherd, finkelman, miller & shah",hughes hubbard & reed,other,,PlaintiffWin,0.8582016930661355,0.8582016930661355,2013
3897633,"shepherd, finkelman, miller & shah",locke lord bissell & liddell,other,,PlaintiffWin,0.8582016930661355,0.8582016930661355,2013
3897633,"shepherd, finkelman, miller & shah",paul weiss rifkind wharton & garrison,other,,PlaintiffWin,0.8582016930661355,0.8582016930661355,2013
3897633,"shepherd, finkelman, miller & shah",cahill gordon & reindel,other,,PlaintiffWin,0.8582016930661355,0.8582016930661355,2013
3897633,"shepherd, finkelman, miller & shah",covington & burling,other,,PlaintiffWin,0.8582016930661355,0.8582016930661355,2013
3897633,"shepherd, finkelman, miller & shah","boies, schiller & flexner",other,,PlaintiffWin,0.8582016930661355,0.8582016930661355,2013
3897633,"shepherd, finkelman, miller & shah",davis polk & wardwell,other,,PlaintiffWin,0.8582016930661355,0.8582016930661355,2013
3897633,"shepherd, finkelman, miller & shah",katten muchin rosenman,other,,PlaintiffWin,0.8582016930661355,0.8582016930661355,2013
3897633,"shepherd, finkelman, miller & shah",sidley austin,other,,PlaintiffWin,0.8582016930661355,0.8582016930661355,2013
3897633,"shepherd, finkelman, miller & shah",schiff hardin,other,,PlaintiffWin,0.8582016930661355,0.8582016930661355,2013
3897633,"shepherd, finkelman, miller & shah",sidley austin,other,,PlaintiffWin,0.8582016930661355,0.8582016930661355,2013
3897633,"shepherd, finkelman, miller & shah",flemming zulack williamson zauderer,other,,PlaintiffWin,0.8582016930661355,0.8582016930661355,2013
3897633,"shepherd, finkelman, miller & shah",hogan lovells us,other,,PlaintiffWin,0.8582016930661355,0.8582016930661355,2013
3897633,"shepherd, finkelman, miller & shah",sullivan & cromwell,other,,PlaintiffWin,0.8582016930661355,0.8582016930661355,2013
3897633,morris & morris,united states attorney,other,,PlaintiffWin,0.8582016930661355,0.8582016930661355,2013
3897633,morris & morris,"gibson, dunn & crutcher",other,,PlaintiffWin,0.8582016930661355,0.8582016930661355,2013
3897633,morris & morris,"locke, liddell & sapp",other,,PlaintiffWin,0.8582016930661355,0.8582016930661355,2013
3897633,morris & morris,mcdermott will & emery,other,,PlaintiffWin,0.8582016930661355,0.8582016930661355,2013
3897633,morris & morris,"boies, schiller & flexner",other,,PlaintiffWin,0.8582016930661355,0.8582016930661355,2013
3897633,morris & morris,sullivan & cromwell,other,,PlaintiffWin,0.8582016930661355,0.8582016930661355,2013
3897633,morris & morris,"gibson, dunn & crutcher",other,,PlaintiffWin,0.8582016930661355,0.8582016930661355,2013
3897633,morris & morris,covington & burling,other,,PlaintiffWin,0.8582016930661355,0.8582016930661355,2013
3897633,morris & morris,simpson thacher & bartlett,other,,PlaintiffWin,0.8582016930661355,0.8582016930661355,2013
3897633,morris & morris,"milbank, tweed, hadley & mccloy",other,,PlaintiffWin,0.8582016930661355,0.8582016930661355,2013
3897633,morris & morris,hughes hubbard & reed,other,,PlaintiffWin,0.8582016930661355,0.8582016930661355,2013
3897633,morris & morris,locke lord bissell & liddell,other,,PlaintiffWin,0.8582016930661355,0.8582016930661355,2013
3897633,morris & morris,paul weiss rifkind wharton & garrison,other,,PlaintiffWin,0.8582016930661355,0.8582016930661355,2013
3897633,morris & morris,cahill gordon & reindel,other,,PlaintiffWin,0.8582016930661355,0.8582016930661355,2013
3897633,morris & morris,covington & burling,other,,PlaintiffWin,0.8582016930661355,0.8582016930661355,2013
3897633,morris & morris,"boies, schiller & flexner",other,,PlaintiffWin,0.8582016930661355,0.8582016930661355,2013
3897633,morris & morris,davis polk & wardwell,other,,PlaintiffWin,0.8582016930661355,0.8582016930661355,2013
3897633,morris & morris,katten muchin rosenman,other,,PlaintiffWin,0.8582016930661355,0.8582016930661355,2013
3897633,morris & morris,sidley austin,other,,PlaintiffWin,0.8582016930661355,0.8582016930661355,2013
3897633,morris & morris,schiff hardin,other,,PlaintiffWin,0.8582016930661355,0.8582016930661355,2013
3897633,morris & morris,sidley austin,other,,PlaintiffWin,0.8582016930661355,0.8582016930661355,2013
3897633,morris & morris,flemming zulack williamson zauderer,other,,PlaintiffWin,0.8582016930661355,0.8582016930661355,2013
3897633,morris & morris,hogan lovells us,other,,PlaintiffWin,0.8582016930661355,0.8582016930661355,2013
3897633,morris & morris,sullivan & cromwell,other,,PlaintiffWin,0.8582016930661355,0.8582016930661355,2013
3897633,scott & scott,united states attorney,other,,PlaintiffWin,0.8582016930661355,0.8582016930661355,2013
3897633,scott & scott,"gibson, dunn & crutcher",other,,PlaintiffWin,0.8582016930661355,0.8582016930661355,2013
3897633,scott & scott,"locke, liddell & sapp",other,,PlaintiffWin,0.8582016930661355,0.8582016930661355,2013
3897633,scott & scott,mcdermott will & emery,other,,PlaintiffWin,0.8582016930661355,0.8582016930661355,2013
3897633,scott & scott,"boies, schiller & flexner",other,,PlaintiffWin,0.8582016930661355,0.8582016930661355,2013
3897633,scott & scott,sullivan & cromwell,other,,PlaintiffWin,0.8582016930661355,0.8582016930661355,2013
3897633,scott & scott,"gibson, dunn & crutcher",other,,PlaintiffWin,0.8582016930661355,0.8582016930661355,2013
3897633,scott & scott,covington & burling,other,,PlaintiffWin,0.8582016930661355,0.8582016930661355,2013
3897633,scott & scott,simpson thacher & bartlett,other,,PlaintiffWin,0.8582016930661355,0.8582016930661355,2013
3897633,scott & scott,"milbank, tweed, hadley & mccloy",other,,PlaintiffWin,0.8582016930661355,0.8582016930661355,2013
3897633,scott & scott,hughes hubbard & reed,other,,PlaintiffWin,0.8582016930661355,0.8582016930661355,2013
3897633,scott & scott,locke lord bissell & liddell,other,,PlaintiffWin,0.8582016930661355,0.8582016930661355,2013
3897633,scott & scott,paul weiss rifkind wharton & garrison,other,,PlaintiffWin,0.8582016930661355,0.8582016930661355,2013
3897633,scott & scott,cahill gordon & reindel,other,,PlaintiffWin,0.8582016930661355,0.8582016930661355,2013
3897633,scott & scott,covington & burling,other,,PlaintiffWin,0.8582016930661355,0.8582016930661355,2013
3897633,scott & scott,"boies, schiller & flexner",other,,PlaintiffWin,0.8582016930661355,0.8582016930661355,2013
3897633,scott & scott,davis polk & wardwell,other,,PlaintiffWin,0.8582016930661355,0.8582016930661355,2013
3897633,scott & scott,katten muchin rosenman,other,,PlaintiffWin,0.8582016930661355,0.8582016930661355,2013
3897633,scott & scott,sidley austin,other,,PlaintiffWin,0.8582016930661355,0.8582016930661355,2013
3897633,scott & scott,schiff hardin,other,,PlaintiffWin,0.8582016930661355,0.8582016930661355,2013
3897633,scott & scott,sidley austin,other,,PlaintiffWin,0.8582016930661355,0.8582016930661355,2013
3897633,scott & scott,flemming zulack williamson zauderer,other,,PlaintiffWin,0.8582016930661355,0.8582016930661355,2013
3897633,scott & scott,hogan lovells us,other,,PlaintiffWin,0.8582016930661355,0.8582016930661355,2013
3897633,scott & scott,sullivan & cromwell,other,,PlaintiffWin,0.8582016930661355,0.8582016930661355,2013
3897633,heins mills & olson,united states attorney,other,,PlaintiffWin,0.8582016930661355,0.8582016930661355,2013
3897633,heins mills & olson,"gibson, dunn & crutcher",other,,PlaintiffWin,0.8582016930661355,0.8582016930661355,2013
3897633,heins mills & olson,"locke, liddell & sapp",other,,PlaintiffWin,0.8582016930661355,0.8582016930661355,2013
3897633,heins mills & olson,mcdermott will & emery,other,,PlaintiffWin,0.8582016930661355,0.8582016930661355,2013
3897633,heins mills & olson,"boies, schiller & flexner",other,,PlaintiffWin,0.8582016930661355,0.8582016930661355,2013
3897633,heins mills & olson,sullivan & cromwell,other,,PlaintiffWin,0.8582016930661355,0.8582016930661355,2013
3897633,heins mills & olson,"gibson, dunn & crutcher",other,,PlaintiffWin,0.8582016930661355,0.8582016930661355,2013
3897633,heins mills & olson,covington & burling,other,,PlaintiffWin,0.8582016930661355,0.8582016930661355,2013
3897633,heins mills & olson,simpson thacher & bartlett,other,,PlaintiffWin,0.8582016930661355,0.8582016930661355,2013
3897633,heins mills & olson,"milbank, tweed, hadley & mccloy",other,,PlaintiffWin,0.8582016930661355,0.8582016930661355,2013
3897633,heins mills & olson,hughes hubbard & reed,other,,PlaintiffWin,0.8582016930661355,0.8582016930661355,2013
3897633,heins mills & olson,locke lord bissell & liddell,other,,PlaintiffWin,0.8582016930661355,0.8582016930661355,2013
3897633,heins mills & olson,paul weiss rifkind wharton & garrison,other,,PlaintiffWin,0.8582016930661355,0.8582016930661355,2013
3897633,heins mills & olson,cahill gordon & reindel,other,,PlaintiffWin,0.8582016930661355,0.8582016930661355,2013
3897633,heins mills & olson,covington & burling,other,,PlaintiffWin,0.8582016930661355,0.8582016930661355,2013
3897633,heins mills & olson,"boies, schiller & flexner",other,,PlaintiffWin,0.8582016930661355,0.8582016930661355,2013
3897633,heins mills & olson,davis polk & wardwell,other,,PlaintiffWin,0.8582016930661355,0.8582016930661355,2013
3897633,heins mills & olson,katten muchin rosenman,other,,PlaintiffWin,0.8582016930661355,0.8582016930661355,2013
3897633,heins mills & olson,sidley austin,other,,PlaintiffWin,0.8582016930661355,0.8582016930661355,2013
3897633,heins mills & olson,schiff hardin,other,,PlaintiffWin,0.8582016930661355,0.8582016930661355,2013
3897633,heins mills & olson,sidley austin,other,,PlaintiffWin,0.8582016930661355,0.8582016930661355,2013
3897633,heins mills & olson,flemming zulack williamson zauderer,other,,PlaintiffWin,0.8582016930661355,0.8582016930661355,2013
3897633,heins mills & olson,hogan lovells us,other,,PlaintiffWin,0.8582016930661355,0.8582016930661355,2013
3897633,heins mills & olson,sullivan & cromwell,other,,PlaintiffWin,0.8582016930661355,0.8582016930661355,2013
3897633,"robins, kaplan, miller & ciresi",united states attorney,other,,PlaintiffWin,0.8582016930661355,0.8582016930661355,2013
3897633,"robins, kaplan, miller & ciresi","gibson, dunn & crutcher",other,,PlaintiffWin,0.8582016930661355,0.8582016930661355,2013
3897633,"robins, kaplan, miller & ciresi","locke, liddell & sapp",other,,PlaintiffWin,0.8582016930661355,0.8582016930661355,2013
3897633,"robins, kaplan, miller & ciresi",mcdermott will & emery,other,,PlaintiffWin,0.8582016930661355,0.8582016930661355,2013
3897633,"robins, kaplan, miller & ciresi","boies, schiller & flexner",other,,PlaintiffWin,0.8582016930661355,0.8582016930661355,2013
3897633,"robins, kaplan, miller & ciresi",sullivan & cromwell,other,,PlaintiffWin,0.8582016930661355,0.8582016930661355,2013
3897633,"robins, kaplan, miller & ciresi","gibson, dunn & crutcher",other,,PlaintiffWin,0.8582016930661355,0.8582016930661355,2013
3897633,"robins, kaplan, miller & ciresi",covington & burling,other,,PlaintiffWin,0.8582016930661355,0.8582016930661355,2013
3897633,"robins, kaplan, miller & ciresi",simpson thacher & bartlett,other,,PlaintiffWin,0.8582016930661355,0.8582016930661355,2013
3897633,"robins, kaplan, miller & ciresi","milbank, tweed, hadley & mccloy",other,,PlaintiffWin,0.8582016930661355,0.8582016930661355,2013
3897633,"robins, kaplan, miller & ciresi",hughes hubbard & reed,other,,PlaintiffWin,0.8582016930661355,0.8582016930661355,2013
3897633,"robins, kaplan, miller & ciresi",locke lord bissell & liddell,other,,PlaintiffWin,0.8582016930661355,0.8582016930661355,2013
3897633,"robins, kaplan, miller & ciresi",paul weiss rifkind wharton & garrison,other,,PlaintiffWin,0.8582016930661355,0.8582016930661355,2013
3897633,"robins, kaplan, miller & ciresi",cahill gordon & reindel,other,,PlaintiffWin,0.8582016930661355,0.8582016930661355,2013
3897633,"robins, kaplan, miller & ciresi",covington & burling,other,,PlaintiffWin,0.8582016930661355,0.8582016930661355,2013
3897633,"robins, kaplan, miller & ciresi","boies, schiller & flexner",other,,PlaintiffWin,0.8582016930661355,0.8582016930661355,2013
3897633,"robins, kaplan, miller & ciresi",davis polk & wardwell,other,,PlaintiffWin,0.8582016930661355,0.8582016930661355,2013
3897633,"robins, kaplan, miller & ciresi",katten muchin rosenman,other,,PlaintiffWin,0.8582016930661355,0.8582016930661355,2013
3897633,"robins, kaplan, miller & ciresi",sidley austin,other,,PlaintiffWin,0.8582016930661355,0.8582016930661355,2013
3897633,"robins, kaplan, miller & ciresi",schiff hardin,other,,PlaintiffWin,0.8582016930661355,0.8582016930661355,2013
3897633,"robins, kaplan, miller & ciresi",sidley austin,other,,PlaintiffWin,0.8582016930661355,0.8582016930661355,2013
3897633,"robins, kaplan, miller & ciresi",flemming zulack williamson zauderer,other,,PlaintiffWin,0.8582016930661355,0.8582016930661355,2013
3897633,"robins, kaplan, miller & ciresi",hogan lovells us,other,,PlaintiffWin,0.8582016930661355,0.8582016930661355,2013
3897633,"robins, kaplan, miller & ciresi",sullivan & cromwell,other,,PlaintiffWin,0.8582016930661355,0.8582016930661355,2013
3897633,"lieff, cabraser, heimann & bernstein",united states attorney,other,,PlaintiffWin,0.8582016930661355,0.8582016930661355,2013
3897633,"lieff, cabraser, heimann & bernstein","gibson, dunn & crutcher",other,,PlaintiffWin,0.8582016930661355,0.8582016930661355,2013
3897633,"lieff, cabraser, heimann & bernstein","locke, liddell & sapp",other,,PlaintiffWin,0.8582016930661355,0.8582016930661355,2013
3897633,"lieff, cabraser, heimann & bernstein",mcdermott will & emery,other,,PlaintiffWin,0.8582016930661355,0.8582016930661355,2013
3897633,"lieff, cabraser, heimann & bernstein","boies, schiller & flexner",other,,PlaintiffWin,0.8582016930661355,0.8582016930661355,2013
3897633,"lieff, cabraser, heimann & bernstein",sullivan & cromwell,other,,PlaintiffWin,0.8582016930661355,0.8582016930661355,2013
3897633,"lieff, cabraser, heimann & bernstein","gibson, dunn & crutcher",other,,PlaintiffWin,0.8582016930661355,0.8582016930661355,2013
3897633,"lieff, cabraser, heimann & bernstein",covington & burling,other,,PlaintiffWin,0.8582016930661355,0.8582016930661355,2013
3897633,"lieff, cabraser, heimann & bernstein",simpson thacher & bartlett,other,,PlaintiffWin,0.8582016930661355,0.8582016930661355,2013
3897633,"lieff, cabraser, heimann & bernstein","milbank, tweed, hadley & mccloy",other,,PlaintiffWin,0.8582016930661355,0.8582016930661355,2013
3897633,"lieff, cabraser, heimann & bernstein",hughes hubbard & reed,other,,PlaintiffWin,0.8582016930661355,0.8582016930661355,2013
3897633,"lieff, cabraser, heimann & bernstein",locke lord bissell & liddell,other,,PlaintiffWin,0.8582016930661355,0.8582016930661355,2013
3897633,"lieff, cabraser, heimann & bernstein",paul weiss rifkind wharton & garrison,other,,PlaintiffWin,0.8582016930661355,0.8582016930661355,2013
3897633,"lieff, cabraser, heimann & bernstein",cahill gordon & reindel,other,,PlaintiffWin,0.8582016930661355,0.8582016930661355,2013
3897633,"lieff, cabraser, heimann & bernstein",covington & burling,other,,PlaintiffWin,0.8582016930661355,0.8582016930661355,2013
3897633,"lieff, cabraser, heimann & bernstein","boies, schiller & flexner",other,,PlaintiffWin,0.8582016930661355,0.8582016930661355,2013
3897633,"lieff, cabraser, heimann & bernstein",davis polk & wardwell,other,,PlaintiffWin,0.8582016930661355,0.8582016930661355,2013
3897633,"lieff, cabraser, heimann & bernstein",katten muchin rosenman,other,,PlaintiffWin,0.8582016930661355,0.8582016930661355,2013
3897633,"lieff, cabraser, heimann & bernstein",sidley austin,other,,PlaintiffWin,0.8582016930661355,0.8582016930661355,2013
3897633,"lieff, cabraser, heimann & bernstein",schiff hardin,other,,PlaintiffWin,0.8582016930661355,0.8582016930661355,2013
3897633,"lieff, cabraser, heimann & bernstein",sidley austin,other,,PlaintiffWin,0.8582016930661355,0.8582016930661355,2013
3897633,"lieff, cabraser, heimann & bernstein",flemming zulack williamson zauderer,other,,PlaintiffWin,0.8582016930661355,0.8582016930661355,2013
3897633,"lieff, cabraser, heimann & bernstein",hogan lovells us,other,,PlaintiffWin,0.8582016930661355,0.8582016930661355,2013
3897633,"lieff, cabraser, heimann & bernstein",sullivan & cromwell,other,,PlaintiffWin,0.8582016930661355,0.8582016930661355,2013
3897633,lowey dannenberg cohen & hart,united states attorney,other,,PlaintiffWin,0.8582016930661355,0.8582016930661355,2013
3897633,lowey dannenberg cohen & hart,"gibson, dunn & crutcher",other,,PlaintiffWin,0.8582016930661355,0.8582016930661355,2013
3897633,lowey dannenberg cohen & hart,"locke, liddell & sapp",other,,PlaintiffWin,0.8582016930661355,0.8582016930661355,2013
3897633,lowey dannenberg cohen & hart,mcdermott will & emery,other,,PlaintiffWin,0.8582016930661355,0.8582016930661355,2013
3897633,lowey dannenberg cohen & hart,"boies, schiller & flexner",other,,PlaintiffWin,0.8582016930661355,0.8582016930661355,2013
3897633,lowey dannenberg cohen & hart,sullivan & cromwell,other,,PlaintiffWin,0.8582016930661355,0.8582016930661355,2013
3897633,lowey dannenberg cohen & hart,"gibson, dunn & crutcher",other,,PlaintiffWin,0.8582016930661355,0.8582016930661355,2013
3897633,lowey dannenberg cohen & hart,covington & burling,other,,PlaintiffWin,0.8582016930661355,0.8582016930661355,2013
3897633,lowey dannenberg cohen & hart,simpson thacher & bartlett,other,,PlaintiffWin,0.8582016930661355,0.8582016930661355,2013
3897633,lowey dannenberg cohen & hart,"milbank, tweed, hadley & mccloy",other,,PlaintiffWin,0.8582016930661355,0.8582016930661355,2013
3897633,lowey dannenberg cohen & hart,hughes hubbard & reed,other,,PlaintiffWin,0.8582016930661355,0.8582016930661355,2013
3897633,lowey dannenberg cohen & hart,locke lord bissell & liddell,other,,PlaintiffWin,0.8582016930661355,0.8582016930661355,2013
3897633,lowey dannenberg cohen & hart,paul weiss rifkind wharton & garrison,other,,PlaintiffWin,0.8582016930661355,0.8582016930661355,2013
3897633,lowey dannenberg cohen & hart,cahill gordon & reindel,other,,PlaintiffWin,0.8582016930661355,0.8582016930661355,2013
3897633,lowey dannenberg cohen & hart,covington & burling,other,,PlaintiffWin,0.8582016930661355,0.8582016930661355,2013
3897633,lowey dannenberg cohen & hart,"boies, schiller & flexner",other,,PlaintiffWin,0.8582016930661355,0.8582016930661355,2013
3897633,lowey dannenberg cohen & hart,davis polk & wardwell,other,,PlaintiffWin,0.8582016930661355,0.8582016930661355,2013
3897633,lowey dannenberg cohen & hart,katten muchin rosenman,other,,PlaintiffWin,0.8582016930661355,0.8582016930661355,2013
3897633,lowey dannenberg cohen & hart,sidley austin,other,,PlaintiffWin,0.8582016930661355,0.8582016930661355,2013
3897633,lowey dannenberg cohen & hart,schiff hardin,other,,PlaintiffWin,0.8582016930661355,0.8582016930661355,2013
3897633,lowey dannenberg cohen & hart,sidley austin,other,,PlaintiffWin,0.8582016930661355,0.8582016930661355,2013
3897633,lowey dannenberg cohen & hart,flemming zulack williamson zauderer,other,,PlaintiffWin,0.8582016930661355,0.8582016930661355,2013
3897633,lowey dannenberg cohen & hart,hogan lovells us,other,,PlaintiffWin,0.8582016930661355,0.8582016930661355,2013
3897633,lowey dannenberg cohen & hart,sullivan & cromwell,other,,PlaintiffWin,0.8582016930661355,0.8582016930661355,2013
3897633,glancy & binkow,united states attorney,other,,PlaintiffWin,0.8582016930661355,0.8582016930661355,2013
3897633,glancy & binkow,"gibson, dunn & crutcher",other,,PlaintiffWin,0.8582016930661355,0.8582016930661355,2013
3897633,glancy & binkow,"locke, liddell & sapp",other,,PlaintiffWin,0.8582016930661355,0.8582016930661355,2013
3897633,glancy & binkow,mcdermott will & emery,other,,PlaintiffWin,0.8582016930661355,0.8582016930661355,2013
3897633,glancy & binkow,"boies, schiller & flexner",other,,PlaintiffWin,0.8582016930661355,0.8582016930661355,2013
3897633,glancy & binkow,sullivan & cromwell,other,,PlaintiffWin,0.8582016930661355,0.8582016930661355,2013
3897633,glancy & binkow,"gibson, dunn & crutcher",other,,PlaintiffWin,0.8582016930661355,0.8582016930661355,2013
3897633,glancy & binkow,covington & burling,other,,PlaintiffWin,0.8582016930661355,0.8582016930661355,2013
3897633,glancy & binkow,simpson thacher & bartlett,other,,PlaintiffWin,0.8582016930661355,0.8582016930661355,2013
3897633,glancy & binkow,"milbank, tweed, hadley & mccloy",other,,PlaintiffWin,0.8582016930661355,0.8582016930661355,2013
3897633,glancy & binkow,hughes hubbard & reed,other,,PlaintiffWin,0.8582016930661355,0.8582016930661355,2013
3897633,glancy & binkow,locke lord bissell & liddell,other,,PlaintiffWin,0.8582016930661355,0.8582016930661355,2013
3897633,glancy & binkow,paul weiss rifkind wharton & garrison,other,,PlaintiffWin,0.8582016930661355,0.8582016930661355,2013
3897633,glancy & binkow,cahill gordon & reindel,other,,PlaintiffWin,0.8582016930661355,0.8582016930661355,2013
3897633,glancy & binkow,covington & burling,other,,PlaintiffWin,0.8582016930661355,0.8582016930661355,2013
3897633,glancy & binkow,"boies, schiller & flexner",other,,PlaintiffWin,0.8582016930661355,0.8582016930661355,2013
3897633,glancy & binkow,davis polk & wardwell,other,,PlaintiffWin,0.8582016930661355,0.8582016930661355,2013
3897633,glancy & binkow,katten muchin rosenman,other,,PlaintiffWin,0.8582016930661355,0.8582016930661355,2013
3897633,glancy & binkow,sidley austin,other,,PlaintiffWin,0.8582016930661355,0.8582016930661355,2013
3897633,glancy & binkow,schiff hardin,other,,PlaintiffWin,0.8582016930661355,0.8582016930661355,2013
3897633,glancy & binkow,sidley austin,other,,PlaintiffWin,0.8582016930661355,0.8582016930661355,2013
3897633,glancy & binkow,flemming zulack williamson zauderer,other,,PlaintiffWin,0.8582016930661355,0.8582016930661355,2013
3897633,glancy & binkow,hogan lovells us,other,,PlaintiffWin,0.8582016930661355,0.8582016930661355,2013
3897633,glancy & binkow,sullivan & cromwell,other,,PlaintiffWin,0.8582016930661355,0.8582016930661355,2013
3897633,"kellogg, huber, hansen, todd, evans & figel",united states attorney,other,,PlaintiffWin,0.8582016930661355,0.8582016930661355,2013
3897633,"kellogg, huber, hansen, todd, evans & figel","gibson, dunn & crutcher",other,,PlaintiffWin,0.8582016930661355,0.8582016930661355,2013
3897633,"kellogg, huber, hansen, todd, evans & figel","locke, liddell & sapp",other,,PlaintiffWin,0.8582016930661355,0.8582016930661355,2013
3897633,"kellogg, huber, hansen, todd, evans & figel",mcdermott will & emery,other,,PlaintiffWin,0.8582016930661355,0.8582016930661355,2013
3897633,"kellogg, huber, hansen, todd, evans & figel","boies, schiller & flexner",other,,PlaintiffWin,0.8582016930661355,0.8582016930661355,2013
3897633,"kellogg, huber, hansen, todd, evans & figel",sullivan & cromwell,other,,PlaintiffWin,0.8582016930661355,0.8582016930661355,2013
3897633,"kellogg, huber, hansen, todd, evans & figel","gibson, dunn & crutcher",other,,PlaintiffWin,0.8582016930661355,0.8582016930661355,2013
3897633,"kellogg, huber, hansen, todd, evans & figel",covington & burling,other,,PlaintiffWin,0.8582016930661355,0.8582016930661355,2013
3897633,"kellogg, huber, hansen, todd, evans & figel",simpson thacher & bartlett,other,,PlaintiffWin,0.8582016930661355,0.8582016930661355,2013
3897633,"kellogg, huber, hansen, todd, evans & figel","milbank, tweed, hadley & mccloy",other,,PlaintiffWin,0.8582016930661355,0.8582016930661355,2013
3897633,"kellogg, huber, hansen, todd, evans & figel",hughes hubbard & reed,other,,PlaintiffWin,0.8582016930661355,0.8582016930661355,2013
3897633,"kellogg, huber, hansen, todd, evans & figel",locke lord bissell & liddell,other,,PlaintiffWin,0.8582016930661355,0.8582016930661355,2013
3897633,"kellogg, huber, hansen, todd, evans & figel",paul weiss rifkind wharton & garrison,other,,PlaintiffWin,0.8582016930661355,0.8582016930661355,2013
3897633,"kellogg, huber, hansen, todd, evans & figel",cahill gordon & reindel,other,,PlaintiffWin,0.8582016930661355,0.8582016930661355,2013
3897633,"kellogg, huber, hansen, todd, evans & figel",covington & burling,other,,PlaintiffWin,0.8582016930661355,0.8582016930661355,2013
3897633,"kellogg, huber, hansen, todd, evans & figel","boies, schiller & flexner",other,,PlaintiffWin,0.8582016930661355,0.8582016930661355,2013
3897633,"kellogg, huber, hansen, todd, evans & figel",davis polk & wardwell,other,,PlaintiffWin,0.8582016930661355,0.8582016930661355,2013
3897633,"kellogg, huber, hansen, todd, evans & figel",katten muchin rosenman,other,,PlaintiffWin,0.8582016930661355,0.8582016930661355,2013
3897633,"kellogg, huber, hansen, todd, evans & figel",sidley austin,other,,PlaintiffWin,0.8582016930661355,0.8582016930661355,2013
3897633,"kellogg, huber, hansen, todd, evans & figel",schiff hardin,other,,PlaintiffWin,0.8582016930661355,0.8582016930661355,2013
3897633,"kellogg, huber, hansen, todd, evans & figel",sidley austin,other,,PlaintiffWin,0.8582016930661355,0.8582016930661355,2013
3897633,"kellogg, huber, hansen, todd, evans & figel",flemming zulack williamson zauderer,other,,PlaintiffWin,0.8582016930661355,0.8582016930661355,2013
3897633,"kellogg, huber, hansen, todd, evans & figel",hogan lovells us,other,,PlaintiffWin,0.8582016930661355,0.8582016930661355,2013
3897633,"kellogg, huber, hansen, todd, evans & figel",sullivan & cromwell,other,,PlaintiffWin,0.8582016930661355,0.8582016930661355,2013
3897633,bernstein litowitz berger & grossmann,united states attorney,other,,PlaintiffWin,0.8582016930661355,0.8582016930661355,2013
3897633,bernstein litowitz berger & grossmann,"gibson, dunn & crutcher",other,,PlaintiffWin,0.8582016930661355,0.8582016930661355,2013
3897633,bernstein litowitz berger & grossmann,"locke, liddell & sapp",other,,PlaintiffWin,0.8582016930661355,0.8582016930661355,2013
3897633,bernstein litowitz berger & grossmann,mcdermott will & emery,other,,PlaintiffWin,0.8582016930661355,0.8582016930661355,2013
3897633,bernstein litowitz berger & grossmann,"boies, schiller & flexner",other,,PlaintiffWin,0.8582016930661355,0.8582016930661355,2013
3897633,bernstein litowitz berger & grossmann,sullivan & cromwell,other,,PlaintiffWin,0.8582016930661355,0.8582016930661355,2013
3897633,bernstein litowitz berger & grossmann,"gibson, dunn & crutcher",other,,PlaintiffWin,0.8582016930661355,0.8582016930661355,2013
3897633,bernstein litowitz berger & grossmann,covington & burling,other,,PlaintiffWin,0.8582016930661355,0.8582016930661355,2013
3897633,bernstein litowitz berger & grossmann,simpson thacher & bartlett,other,,PlaintiffWin,0.8582016930661355,0.8582016930661355,2013
3897633,bernstein litowitz berger & grossmann,"milbank, tweed, hadley & mccloy",other,,PlaintiffWin,0.8582016930661355,0.8582016930661355,2013
3897633,bernstein litowitz berger & grossmann,hughes hubbard & reed,other,,PlaintiffWin,0.8582016930661355,0.8582016930661355,2013
3897633,bernstein litowitz berger & grossmann,locke lord bissell & liddell,other,,PlaintiffWin,0.8582016930661355,0.8582016930661355,2013
3897633,bernstein litowitz berger & grossmann,paul weiss rifkind wharton & garrison,other,,PlaintiffWin,0.8582016930661355,0.8582016930661355,2013
3897633,bernstein litowitz berger & grossmann,cahill gordon & reindel,other,,PlaintiffWin,0.8582016930661355,0.8582016930661355,2013
3897633,bernstein litowitz berger & grossmann,covington & burling,other,,PlaintiffWin,0.8582016930661355,0.8582016930661355,2013
3897633,bernstein litowitz berger & grossmann,"boies, schiller & flexner",other,,PlaintiffWin,0.8582016930661355,0.8582016930661355,2013
3897633,bernstein litowitz berger & grossmann,davis polk & wardwell,other,,PlaintiffWin,0.8582016930661355,0.8582016930661355,2013
3897633,bernstein litowitz berger & grossmann,katten muchin rosenman,other,,PlaintiffWin,0.8582016930661355,0.8582016930661355,2013
3897633,bernstein litowitz berger & grossmann,sidley austin,other,,PlaintiffWin,0.8582016930661355,0.8582016930661355,2013
3897633,bernstein litowitz berger & grossmann,schiff hardin,other,,PlaintiffWin,0.8582016930661355,0.8582016930661355,2013
3897633,bernstein litowitz berger & grossmann,sidley austin,other,,PlaintiffWin,0.8582016930661355,0.8582016930661355,2013
3897633,bernstein litowitz berger & grossmann,flemming zulack williamson zauderer,other,,PlaintiffWin,0.8582016930661355,0.8582016930661355,2013
3897633,bernstein litowitz berger & grossmann,hogan lovells us,other,,PlaintiffWin,0.8582016930661355,0.8582016930661355,2013
3897633,bernstein litowitz berger & grossmann,sullivan & cromwell,other,,PlaintiffWin,0.8582016930661355,0.8582016930661355,2013
3897633,robbins geller rudman & dowd,united states attorney,other,,PlaintiffWin,0.8582016930661355,0.8582016930661355,2013
3897633,robbins geller rudman & dowd,"gibson, dunn & crutcher",other,,PlaintiffWin,0.8582016930661355,0.8582016930661355,2013
3897633,robbins geller rudman & dowd,"locke, liddell & sapp",other,,PlaintiffWin,0.8582016930661355,0.8582016930661355,2013
3897633,robbins geller rudman & dowd,mcdermott will & emery,other,,PlaintiffWin,0.8582016930661355,0.8582016930661355,2013
3897633,robbins geller rudman & dowd,"boies, schiller & flexner",other,,PlaintiffWin,0.8582016930661355,0.8582016930661355,2013
3897633,robbins geller rudman & dowd,sullivan & cromwell,other,,PlaintiffWin,0.8582016930661355,0.8582016930661355,2013
3897633,robbins geller rudman & dowd,"gibson, dunn & crutcher",other,,PlaintiffWin,0.8582016930661355,0.8582016930661355,2013
3897633,robbins geller rudman & dowd,covington & burling,other,,PlaintiffWin,0.8582016930661355,0.8582016930661355,2013
3897633,robbins geller rudman & dowd,simpson thacher & bartlett,other,,PlaintiffWin,0.8582016930661355,0.8582016930661355,2013
3897633,robbins geller rudman & dowd,"milbank, tweed, hadley & mccloy",other,,PlaintiffWin,0.8582016930661355,0.8582016930661355,2013
3897633,robbins geller rudman & dowd,hughes hubbard & reed,other,,PlaintiffWin,0.8582016930661355,0.8582016930661355,2013
3897633,robbins geller rudman & dowd,locke lord bissell & liddell,other,,PlaintiffWin,0.8582016930661355,0.8582016930661355,2013
3897633,robbins geller rudman & dowd,paul weiss rifkind wharton & garrison,other,,PlaintiffWin,0.8582016930661355,0.8582016930661355,2013
3897633,robbins geller rudman & dowd,cahill gordon & reindel,other,,PlaintiffWin,0.8582016930661355,0.8582016930661355,2013
3897633,robbins geller rudman & dowd,covington & burling,other,,PlaintiffWin,0.8582016930661355,0.8582016930661355,2013
3897633,robbins geller rudman & dowd,"boies, schiller & flexner",other,,PlaintiffWin,0.8582016930661355,0.8582016930661355,2013
3897633,robbins geller rudman & dowd,davis polk & wardwell,other,,PlaintiffWin,0.8582016930661355,0.8582016930661355,2013
3897633,robbins geller rudman & dowd,katten muchin rosenman,other,,PlaintiffWin,0.8582016930661355,0.8582016930661355,2013
3897633,robbins geller rudman & dowd,sidley austin,other,,PlaintiffWin,0.8582016930661355,0.8582016930661355,2013
3897633,robbins geller rudman & dowd,schiff hardin,other,,PlaintiffWin,0.8582016930661355,0.8582016930661355,2013
3897633,robbins geller rudman & dowd,sidley austin,other,,PlaintiffWin,0.8582016930661355,0.8582016930661355,2013
3897633,robbins geller rudman & dowd,flemming zulack williamson zauderer,other,,PlaintiffWin,0.8582016930661355,0.8582016930661355,2013
3897633,robbins geller rudman & dowd,hogan lovells us,other,,PlaintiffWin,0.8582016930661355,0.8582016930661355,2013
3897633,robbins geller rudman & dowd,sullivan & cromwell,other,,PlaintiffWin,0.8582016930661355,0.8582016930661355,2013
3897633,berger & montague,united states attorney,other,,PlaintiffWin,0.8582016930661355,0.8582016930661355,2013
3897633,berger & montague,"gibson, dunn & crutcher",other,,PlaintiffWin,0.8582016930661355,0.8582016930661355,2013
3897633,berger & montague,"locke, liddell & sapp",other,,PlaintiffWin,0.8582016930661355,0.8582016930661355,2013
3897633,berger & montague,mcdermott will & emery,other,,PlaintiffWin,0.8582016930661355,0.8582016930661355,2013
3897633,berger & montague,"boies, schiller & flexner",other,,PlaintiffWin,0.8582016930661355,0.8582016930661355,2013
3897633,berger & montague,sullivan & cromwell,other,,PlaintiffWin,0.8582016930661355,0.8582016930661355,2013
3897633,berger & montague,"gibson, dunn & crutcher",other,,PlaintiffWin,0.8582016930661355,0.8582016930661355,2013
3897633,berger & montague,covington & burling,other,,PlaintiffWin,0.8582016930661355,0.8582016930661355,2013
3897633,berger & montague,simpson thacher & bartlett,other,,PlaintiffWin,0.8582016930661355,0.8582016930661355,2013
3897633,berger & montague,"milbank, tweed, hadley & mccloy",other,,PlaintiffWin,0.8582016930661355,0.8582016930661355,2013
3897633,berger & montague,hughes hubbard & reed,other,,PlaintiffWin,0.8582016930661355,0.8582016930661355,2013
3897633,berger & montague,locke lord bissell & liddell,other,,PlaintiffWin,0.8582016930661355,0.8582016930661355,2013
3897633,berger & montague,paul weiss rifkind wharton & garrison,other,,PlaintiffWin,0.8582016930661355,0.8582016930661355,2013
3897633,berger & montague,cahill gordon & reindel,other,,PlaintiffWin,0.8582016930661355,0.8582016930661355,2013
3897633,berger & montague,covington & burling,other,,PlaintiffWin,0.8582016930661355,0.8582016930661355,2013
3897633,berger & montague,"boies, schiller & flexner",other,,PlaintiffWin,0.8582016930661355,0.8582016930661355,2013
3897633,berger & montague,davis polk & wardwell,other,,PlaintiffWin,0.8582016930661355,0.8582016930661355,2013
3897633,berger & montague,katten muchin rosenman,other,,PlaintiffWin,0.8582016930661355,0.8582016930661355,2013
3897633,berger & montague,sidley austin,other,,PlaintiffWin,0.8582016930661355,0.8582016930661355,2013
3897633,berger & montague,schiff hardin,other,,PlaintiffWin,0.8582016930661355,0.8582016930661355,2013
3897633,berger & montague,sidley austin,other,,PlaintiffWin,0.8582016930661355,0.8582016930661355,2013
3897633,berger & montague,flemming zulack williamson zauderer,other,,PlaintiffWin,0.8582016930661355,0.8582016930661355,2013
3897633,berger & montague,hogan lovells us,other,,PlaintiffWin,0.8582016930661355,0.8582016930661355,2013
3897633,berger & montague,sullivan & cromwell,other,,PlaintiffWin,0.8582016930661355,0.8582016930661355,2013
3897633,block & levitón,united states attorney,other,,PlaintiffWin,0.8582016930661355,0.8582016930661355,2013
3897633,block & levitón,"gibson, dunn & crutcher",other,,PlaintiffWin,0.8582016930661355,0.8582016930661355,2013
3897633,block & levitón,"locke, liddell & sapp",other,,PlaintiffWin,0.8582016930661355,0.8582016930661355,2013
3897633,block & levitón,mcdermott will & emery,other,,PlaintiffWin,0.8582016930661355,0.8582016930661355,2013
3897633,block & levitón,"boies, schiller & flexner",other,,PlaintiffWin,0.8582016930661355,0.8582016930661355,2013
3897633,block & levitón,sullivan & cromwell,other,,PlaintiffWin,0.8582016930661355,0.8582016930661355,2013
3897633,block & levitón,"gibson, dunn & crutcher",other,,PlaintiffWin,0.8582016930661355,0.8582016930661355,2013
3897633,block & levitón,covington & burling,other,,PlaintiffWin,0.8582016930661355,0.8582016930661355,2013
3897633,block & levitón,simpson thacher & bartlett,other,,PlaintiffWin,0.8582016930661355,0.8582016930661355,2013
3897633,block & levitón,"milbank, tweed, hadley & mccloy",other,,PlaintiffWin,0.8582016930661355,0.8582016930661355,2013
3897633,block & levitón,hughes hubbard & reed,other,,PlaintiffWin,0.8582016930661355,0.8582016930661355,2013
3897633,block & levitón,locke lord bissell & liddell,other,,PlaintiffWin,0.8582016930661355,0.8582016930661355,2013
3897633,block & levitón,paul weiss rifkind wharton & garrison,other,,PlaintiffWin,0.8582016930661355,0.8582016930661355,2013
3897633,block & levitón,cahill gordon & reindel,other,,PlaintiffWin,0.8582016930661355,0.8582016930661355,2013
3897633,block & levitón,covington & burling,other,,PlaintiffWin,0.8582016930661355,0.8582016930661355,2013
3897633,block & levitón,"boies, schiller & flexner",other,,PlaintiffWin,0.8582016930661355,0.8582016930661355,2013
3897633,block & levitón,davis polk & wardwell,other,,PlaintiffWin,0.8582016930661355,0.8582016930661355,2013
3897633,block & levitón,katten muchin rosenman,other,,PlaintiffWin,0.8582016930661355,0.8582016930661355,2013
3897633,block & levitón,sidley austin,other,,PlaintiffWin,0.8582016930661355,0.8582016930661355,2013
3897633,block & levitón,schiff hardin,other,,PlaintiffWin,0.8582016930661355,0.8582016930661355,2013
3897633,block & levitón,sidley austin,other,,PlaintiffWin,0.8582016930661355,0.8582016930661355,2013
3897633,block & levitón,flemming zulack williamson zauderer,other,,PlaintiffWin,0.8582016930661355,0.8582016930661355,2013
3897633,block & levitón,hogan lovells us,other,,PlaintiffWin,0.8582016930661355,0.8582016930661355,2013
3897633,block & levitón,sullivan & cromwell,other,,PlaintiffWin,0.8582016930661355,0.8582016930661355,2013
3897633,kaplan fox & kilsheimer,united states attorney,other,,PlaintiffWin,0.8582016930661355,0.8582016930661355,2013
3897633,kaplan fox & kilsheimer,"gibson, dunn & crutcher",other,,PlaintiffWin,0.8582016930661355,0.8582016930661355,2013
3897633,kaplan fox & kilsheimer,"locke, liddell & sapp",other,,PlaintiffWin,0.8582016930661355,0.8582016930661355,2013
3897633,kaplan fox & kilsheimer,mcdermott will & emery,other,,PlaintiffWin,0.8582016930661355,0.8582016930661355,2013
3897633,kaplan fox & kilsheimer,"boies, schiller & flexner",other,,PlaintiffWin,0.8582016930661355,0.8582016930661355,2013
3897633,kaplan fox & kilsheimer,sullivan & cromwell,other,,PlaintiffWin,0.8582016930661355,0.8582016930661355,2013
3897633,kaplan fox & kilsheimer,"gibson, dunn & crutcher",other,,PlaintiffWin,0.8582016930661355,0.8582016930661355,2013
3897633,kaplan fox & kilsheimer,covington & burling,other,,PlaintiffWin,0.8582016930661355,0.8582016930661355,2013
3897633,kaplan fox & kilsheimer,simpson thacher & bartlett,other,,PlaintiffWin,0.8582016930661355,0.8582016930661355,2013
3897633,kaplan fox & kilsheimer,"milbank, tweed, hadley & mccloy",other,,PlaintiffWin,0.8582016930661355,0.8582016930661355,2013
3897633,kaplan fox & kilsheimer,hughes hubbard & reed,other,,PlaintiffWin,0.8582016930661355,0.8582016930661355,2013
3897633,kaplan fox & kilsheimer,locke lord bissell & liddell,other,,PlaintiffWin,0.8582016930661355,0.8582016930661355,2013
3897633,kaplan fox & kilsheimer,paul weiss rifkind wharton & garrison,other,,PlaintiffWin,0.8582016930661355,0.8582016930661355,2013
3897633,kaplan fox & kilsheimer,cahill gordon & reindel,other,,PlaintiffWin,0.8582016930661355,0.8582016930661355,2013
3897633,kaplan fox & kilsheimer,covington & burling,other,,PlaintiffWin,0.8582016930661355,0.8582016930661355,2013
3897633,kaplan fox & kilsheimer,"boies, schiller & flexner",other,,PlaintiffWin,0.8582016930661355,0.8582016930661355,2013
3897633,kaplan fox & kilsheimer,davis polk & wardwell,other,,PlaintiffWin,0.8582016930661355,0.8582016930661355,2013
3897633,kaplan fox & kilsheimer,katten muchin rosenman,other,,PlaintiffWin,0.8582016930661355,0.8582016930661355,2013
3897633,kaplan fox & kilsheimer,sidley austin,other,,PlaintiffWin,0.8582016930661355,0.8582016930661355,2013
3897633,kaplan fox & kilsheimer,schiff hardin,other,,PlaintiffWin,0.8582016930661355,0.8582016930661355,2013
3897633,kaplan fox & kilsheimer,sidley austin,other,,PlaintiffWin,0.8582016930661355,0.8582016930661355,2013
3897633,kaplan fox & kilsheimer,flemming zulack williamson zauderer,other,,PlaintiffWin,0.8582016930661355,0.8582016930661355,2013
3897633,kaplan fox & kilsheimer,hogan lovells us,other,,PlaintiffWin,0.8582016930661355,0.8582016930661355,2013
3897633,kaplan fox & kilsheimer,sullivan & cromwell,other,,PlaintiffWin,0.8582016930661355,0.8582016930661355,2013
3897633,glancy binkow & goldberg,united states attorney,other,,PlaintiffWin,0.8582016930661355,0.8582016930661355,2013
3897633,glancy binkow & goldberg,"gibson, dunn & crutcher",other,,PlaintiffWin,0.8582016930661355,0.8582016930661355,2013
3897633,glancy binkow & goldberg,"locke, liddell & sapp",other,,PlaintiffWin,0.8582016930661355,0.8582016930661355,2013
3897633,glancy binkow & goldberg,mcdermott will & emery,other,,PlaintiffWin,0.8582016930661355,0.8582016930661355,2013
3897633,glancy binkow & goldberg,"boies, schiller & flexner",other,,PlaintiffWin,0.8582016930661355,0.8582016930661355,2013
3897633,glancy binkow & goldberg,sullivan & cromwell,other,,PlaintiffWin,0.8582016930661355,0.8582016930661355,2013
3897633,glancy binkow & goldberg,"gibson, dunn & crutcher",other,,PlaintiffWin,0.8582016930661355,0.8582016930661355,2013
3897633,glancy binkow & goldberg,covington & burling,other,,PlaintiffWin,0.8582016930661355,0.8582016930661355,2013
3897633,glancy binkow & goldberg,simpson thacher & bartlett,other,,PlaintiffWin,0.8582016930661355,0.8582016930661355,2013
3897633,glancy binkow & goldberg,"milbank, tweed, hadley & mccloy",other,,PlaintiffWin,0.8582016930661355,0.8582016930661355,2013
3897633,glancy binkow & goldberg,hughes hubbard & reed,other,,PlaintiffWin,0.8582016930661355,0.8582016930661355,2013
3897633,glancy binkow & goldberg,locke lord bissell & liddell,other,,PlaintiffWin,0.8582016930661355,0.8582016930661355,2013
3897633,glancy binkow & goldberg,paul weiss rifkind wharton & garrison,other,,PlaintiffWin,0.8582016930661355,0.8582016930661355,2013
3897633,glancy binkow & goldberg,cahill gordon & reindel,other,,PlaintiffWin,0.8582016930661355,0.8582016930661355,2013
3897633,glancy binkow & goldberg,covington & burling,other,,PlaintiffWin,0.8582016930661355,0.8582016930661355,2013
3897633,glancy binkow & goldberg,"boies, schiller & flexner",other,,PlaintiffWin,0.8582016930661355,0.8582016930661355,2013
3897633,glancy binkow & goldberg,davis polk & wardwell,other,,PlaintiffWin,0.8582016930661355,0.8582016930661355,2013
3897633,glancy binkow & goldberg,katten muchin rosenman,other,,PlaintiffWin,0.8582016930661355,0.8582016930661355,2013
3897633,glancy binkow & goldberg,sidley austin,other,,PlaintiffWin,0.8582016930661355,0.8582016930661355,2013
3897633,glancy binkow & goldberg,schiff hardin,other,,PlaintiffWin,0.8582016930661355,0.8582016930661355,2013
3897633,glancy binkow & goldberg,sidley austin,other,,PlaintiffWin,0.8582016930661355,0.8582016930661355,2013
3897633,glancy binkow & goldberg,flemming zulack williamson zauderer,other,,PlaintiffWin,0.8582016930661355,0.8582016930661355,2013
3897633,glancy binkow & goldberg,hogan lovells us,other,,PlaintiffWin,0.8582016930661355,0.8582016930661355,2013
3897633,glancy binkow & goldberg,sullivan & cromwell,other,,PlaintiffWin,0.8582016930661355,0.8582016930661355,2013
3897633,"robins, kaplan, miller & ciresi",united states attorney,other,,PlaintiffWin,0.8582016930661355,0.8582016930661355,2013
3897633,"robins, kaplan, miller & ciresi","gibson, dunn & crutcher",other,,PlaintiffWin,0.8582016930661355,0.8582016930661355,2013
3897633,"robins, kaplan, miller & ciresi","locke, liddell & sapp",other,,PlaintiffWin,0.8582016930661355,0.8582016930661355,2013
3897633,"robins, kaplan, miller & ciresi",mcdermott will & emery,other,,PlaintiffWin,0.8582016930661355,0.8582016930661355,2013
3897633,"robins, kaplan, miller & ciresi","boies, schiller & flexner",other,,PlaintiffWin,0.8582016930661355,0.8582016930661355,2013
3897633,"robins, kaplan, miller & ciresi",sullivan & cromwell,other,,PlaintiffWin,0.8582016930661355,0.8582016930661355,2013
3897633,"robins, kaplan, miller & ciresi","gibson, dunn & crutcher",other,,PlaintiffWin,0.8582016930661355,0.8582016930661355,2013
3897633,"robins, kaplan, miller & ciresi",covington & burling,other,,PlaintiffWin,0.8582016930661355,0.8582016930661355,2013
3897633,"robins, kaplan, miller & ciresi",simpson thacher & bartlett,other,,PlaintiffWin,0.8582016930661355,0.8582016930661355,2013
3897633,"robins, kaplan, miller & ciresi","milbank, tweed, hadley & mccloy",other,,PlaintiffWin,0.8582016930661355,0.8582016930661355,2013
3897633,"robins, kaplan, miller & ciresi",hughes hubbard & reed,other,,PlaintiffWin,0.8582016930661355,0.8582016930661355,2013
3897633,"robins, kaplan, miller & ciresi",locke lord bissell & liddell,other,,PlaintiffWin,0.8582016930661355,0.8582016930661355,2013
3897633,"robins, kaplan, miller & ciresi",paul weiss rifkind wharton & garrison,other,,PlaintiffWin,0.8582016930661355,0.8582016930661355,2013
3897633,"robins, kaplan, miller & ciresi",cahill gordon & reindel,other,,PlaintiffWin,0.8582016930661355,0.8582016930661355,2013
3897633,"robins, kaplan, miller & ciresi",covington & burling,other,,PlaintiffWin,0.8582016930661355,0.8582016930661355,2013
3897633,"robins, kaplan, miller & ciresi","boies, schiller & flexner",other,,PlaintiffWin,0.8582016930661355,0.8582016930661355,2013
3897633,"robins, kaplan, miller & ciresi",davis polk & wardwell,other,,PlaintiffWin,0.8582016930661355,0.8582016930661355,2013
3897633,"robins, kaplan, miller & ciresi",katten muchin rosenman,other,,PlaintiffWin,0.8582016930661355,0.8582016930661355,2013
3897633,"robins, kaplan, miller & ciresi",sidley austin,other,,PlaintiffWin,0.8582016930661355,0.8582016930661355,2013
3897633,"robins, kaplan, miller & ciresi",schiff hardin,other,,PlaintiffWin,0.8582016930661355,0.8582016930661355,2013
3897633,"robins, kaplan, miller & ciresi",sidley austin,other,,PlaintiffWin,0.8582016930661355,0.8582016930661355,2013
3897633,"robins, kaplan, miller & ciresi",flemming zulack williamson zauderer,other,,PlaintiffWin,0.8582016930661355,0.8582016930661355,2013
3897633,"robins, kaplan, miller & ciresi",hogan lovells us,other,,PlaintiffWin,0.8582016930661355,0.8582016930661355,2013
3897633,"robins, kaplan, miller & ciresi",sullivan & cromwell,other,,PlaintiffWin,0.8582016930661355,0.8582016930661355,2013
3897633,lieff cabraser heimann & bernstein,united states attorney,other,,PlaintiffWin,0.8582016930661355,0.8582016930661355,2013
3897633,lieff cabraser heimann & bernstein,"gibson, dunn & crutcher",other,,PlaintiffWin,0.8582016930661355,0.8582016930661355,2013
3897633,lieff cabraser heimann & bernstein,"locke, liddell & sapp",other,,PlaintiffWin,0.8582016930661355,0.8582016930661355,2013
3897633,lieff cabraser heimann & bernstein,mcdermott will & emery,other,,PlaintiffWin,0.8582016930661355,0.8582016930661355,2013
3897633,lieff cabraser heimann & bernstein,"boies, schiller & flexner",other,,PlaintiffWin,0.8582016930661355,0.8582016930661355,2013
3897633,lieff cabraser heimann & bernstein,sullivan & cromwell,other,,PlaintiffWin,0.8582016930661355,0.8582016930661355,2013
3897633,lieff cabraser heimann & bernstein,"gibson, dunn & crutcher",other,,PlaintiffWin,0.8582016930661355,0.8582016930661355,2013
3897633,lieff cabraser heimann & bernstein,covington & burling,other,,PlaintiffWin,0.8582016930661355,0.8582016930661355,2013
3897633,lieff cabraser heimann & bernstein,simpson thacher & bartlett,other,,PlaintiffWin,0.8582016930661355,0.8582016930661355,2013
3897633,lieff cabraser heimann & bernstein,"milbank, tweed, hadley & mccloy",other,,PlaintiffWin,0.8582016930661355,0.8582016930661355,2013
3897633,lieff cabraser heimann & bernstein,hughes hubbard & reed,other,,PlaintiffWin,0.8582016930661355,0.8582016930661355,2013
3897633,lieff cabraser heimann & bernstein,locke lord bissell & liddell,other,,PlaintiffWin,0.8582016930661355,0.8582016930661355,2013
3897633,lieff cabraser heimann & bernstein,paul weiss rifkind wharton & garrison,other,,PlaintiffWin,0.8582016930661355,0.8582016930661355,2013
3897633,lieff cabraser heimann & bernstein,cahill gordon & reindel,other,,PlaintiffWin,0.8582016930661355,0.8582016930661355,2013
3897633,lieff cabraser heimann & bernstein,covington & burling,other,,PlaintiffWin,0.8582016930661355,0.8582016930661355,2013
3897633,lieff cabraser heimann & bernstein,"boies, schiller & flexner",other,,PlaintiffWin,0.8582016930661355,0.8582016930661355,2013
3897633,lieff cabraser heimann & bernstein,davis polk & wardwell,other,,PlaintiffWin,0.8582016930661355,0.8582016930661355,2013
3897633,lieff cabraser heimann & bernstein,katten muchin rosenman,other,,PlaintiffWin,0.8582016930661355,0.8582016930661355,2013
3897633,lieff cabraser heimann & bernstein,sidley austin,other,,PlaintiffWin,0.8582016930661355,0.8582016930661355,2013
3897633,lieff cabraser heimann & bernstein,schiff hardin,other,,PlaintiffWin,0.8582016930661355,0.8582016930661355,2013
3897633,lieff cabraser heimann & bernstein,sidley austin,other,,PlaintiffWin,0.8582016930661355,0.8582016930661355,2013
3897633,lieff cabraser heimann & bernstein,flemming zulack williamson zauderer,other,,PlaintiffWin,0.8582016930661355,0.8582016930661355,2013
3897633,lieff cabraser heimann & bernstein,hogan lovells us,other,,PlaintiffWin,0.8582016930661355,0.8582016930661355,2013
3897633,lieff cabraser heimann & bernstein,sullivan & cromwell,other,,PlaintiffWin,0.8582016930661355,0.8582016930661355,2013
3897633,grant & eisenhofer,united states attorney,other,,PlaintiffWin,0.8582016930661355,0.8582016930661355,2013
3897633,grant & eisenhofer,"gibson, dunn & crutcher",other,,PlaintiffWin,0.8582016930661355,0.8582016930661355,2013
3897633,grant & eisenhofer,"locke, liddell & sapp",other,,PlaintiffWin,0.8582016930661355,0.8582016930661355,2013
3897633,grant & eisenhofer,mcdermott will & emery,other,,PlaintiffWin,0.8582016930661355,0.8582016930661355,2013
3897633,grant & eisenhofer,"boies, schiller & flexner",other,,PlaintiffWin,0.8582016930661355,0.8582016930661355,2013
3897633,grant & eisenhofer,sullivan & cromwell,other,,PlaintiffWin,0.8582016930661355,0.8582016930661355,2013
3897633,grant & eisenhofer,"gibson, dunn & crutcher",other,,PlaintiffWin,0.8582016930661355,0.8582016930661355,2013
3897633,grant & eisenhofer,covington & burling,other,,PlaintiffWin,0.8582016930661355,0.8582016930661355,2013
3897633,grant & eisenhofer,simpson thacher & bartlett,other,,PlaintiffWin,0.8582016930661355,0.8582016930661355,2013
3897633,grant & eisenhofer,"milbank, tweed, hadley & mccloy",other,,PlaintiffWin,0.8582016930661355,0.8582016930661355,2013
3897633,grant & eisenhofer,hughes hubbard & reed,other,,PlaintiffWin,0.8582016930661355,0.8582016930661355,2013
3897633,grant & eisenhofer,locke lord bissell & liddell,other,,PlaintiffWin,0.8582016930661355,0.8582016930661355,2013
3897633,grant & eisenhofer,paul weiss rifkind wharton & garrison,other,,PlaintiffWin,0.8582016930661355,0.8582016930661355,2013
3897633,grant & eisenhofer,cahill gordon & reindel,other,,PlaintiffWin,0.8582016930661355,0.8582016930661355,2013
3897633,grant & eisenhofer,covington & burling,other,,PlaintiffWin,0.8582016930661355,0.8582016930661355,2013
3897633,grant & eisenhofer,"boies, schiller & flexner",other,,PlaintiffWin,0.8582016930661355,0.8582016930661355,2013
3897633,grant & eisenhofer,davis polk & wardwell,other,,PlaintiffWin,0.8582016930661355,0.8582016930661355,2013
3897633,grant & eisenhofer,katten muchin rosenman,other,,PlaintiffWin,0.8582016930661355,0.8582016930661355,2013
3897633,grant & eisenhofer,sidley austin,other,,PlaintiffWin,0.8582016930661355,0.8582016930661355,2013
3897633,grant & eisenhofer,schiff hardin,other,,PlaintiffWin,0.8582016930661355,0.8582016930661355,2013
3897633,grant & eisenhofer,sidley austin,other,,PlaintiffWin,0.8582016930661355,0.8582016930661355,2013
3897633,grant & eisenhofer,flemming zulack williamson zauderer,other,,PlaintiffWin,0.8582016930661355,0.8582016930661355,2013
3897633,grant & eisenhofer,hogan lovells us,other,,PlaintiffWin,0.8582016930661355,0.8582016930661355,2013
3897633,grant & eisenhofer,sullivan & cromwell,other,,PlaintiffWin,0.8582016930661355,0.8582016930661355,2013
3897633,baron & budd,united states attorney,other,,PlaintiffWin,0.8582016930661355,0.8582016930661355,2013
3897633,baron & budd,"gibson, dunn & crutcher",other,,PlaintiffWin,0.8582016930661355,0.8582016930661355,2013
3897633,baron & budd,"locke, liddell & sapp",other,,PlaintiffWin,0.8582016930661355,0.8582016930661355,2013
3897633,baron & budd,mcdermott will & emery,other,,PlaintiffWin,0.8582016930661355,0.8582016930661355,2013
3897633,baron & budd,"boies, schiller & flexner",other,,PlaintiffWin,0.8582016930661355,0.8582016930661355,2013
3897633,baron & budd,sullivan & cromwell,other,,PlaintiffWin,0.8582016930661355,0.8582016930661355,2013
3897633,baron & budd,"gibson, dunn & crutcher",other,,PlaintiffWin,0.8582016930661355,0.8582016930661355,2013
3897633,baron & budd,covington & burling,other,,PlaintiffWin,0.8582016930661355,0.8582016930661355,2013
3897633,baron & budd,simpson thacher & bartlett,other,,PlaintiffWin,0.8582016930661355,0.8582016930661355,2013
3897633,baron & budd,"milbank, tweed, hadley & mccloy",other,,PlaintiffWin,0.8582016930661355,0.8582016930661355,2013
3897633,baron & budd,hughes hubbard & reed,other,,PlaintiffWin,0.8582016930661355,0.8582016930661355,2013
3897633,baron & budd,locke lord bissell & liddell,other,,PlaintiffWin,0.8582016930661355,0.8582016930661355,2013
3897633,baron & budd,paul weiss rifkind wharton & garrison,other,,PlaintiffWin,0.8582016930661355,0.8582016930661355,2013
3897633,baron & budd,cahill gordon & reindel,other,,PlaintiffWin,0.8582016930661355,0.8582016930661355,2013
3897633,baron & budd,covington & burling,other,,PlaintiffWin,0.8582016930661355,0.8582016930661355,2013
3897633,baron & budd,"boies, schiller & flexner",other,,PlaintiffWin,0.8582016930661355,0.8582016930661355,2013
3897633,baron & budd,davis polk & wardwell,other,,PlaintiffWin,0.8582016930661355,0.8582016930661355,2013
3897633,baron & budd,katten muchin rosenman,other,,PlaintiffWin,0.8582016930661355,0.8582016930661355,2013
3897633,baron & budd,sidley austin,other,,PlaintiffWin,0.8582016930661355,0.8582016930661355,2013
3897633,baron & budd,schiff hardin,other,,PlaintiffWin,0.8582016930661355,0.8582016930661355,2013
3897633,baron & budd,sidley austin,other,,PlaintiffWin,0.8582016930661355,0.8582016930661355,2013
3897633,baron & budd,flemming zulack williamson zauderer,other,,PlaintiffWin,0.8582016930661355,0.8582016930661355,2013
3897633,baron & budd,hogan lovells us,other,,PlaintiffWin,0.8582016930661355,0.8582016930661355,2013
3897633,baron & budd,sullivan & cromwell,other,,PlaintiffWin,0.8582016930661355,0.8582016930661355,2013
3897633,susman godfrey,united states attorney,other,,PlaintiffWin,0.8582016930661355,0.8582016930661355,2013
3897633,susman godfrey,"gibson, dunn & crutcher",other,,PlaintiffWin,0.8582016930661355,0.8582016930661355,2013
3897633,susman godfrey,"locke, liddell & sapp",other,,PlaintiffWin,0.8582016930661355,0.8582016930661355,2013
3897633,susman godfrey,mcdermott will & emery,other,,PlaintiffWin,0.8582016930661355,0.8582016930661355,2013
3897633,susman godfrey,"boies, schiller & flexner",other,,PlaintiffWin,0.8582016930661355,0.8582016930661355,2013
3897633,susman godfrey,sullivan & cromwell,other,,PlaintiffWin,0.8582016930661355,0.8582016930661355,2013
3897633,susman godfrey,"gibson, dunn & crutcher",other,,PlaintiffWin,0.8582016930661355,0.8582016930661355,2013
3897633,susman godfrey,covington & burling,other,,PlaintiffWin,0.8582016930661355,0.8582016930661355,2013
3897633,susman godfrey,simpson thacher & bartlett,other,,PlaintiffWin,0.8582016930661355,0.8582016930661355,2013
3897633,susman godfrey,"milbank, tweed, hadley & mccloy",other,,PlaintiffWin,0.8582016930661355,0.8582016930661355,2013
3897633,susman godfrey,hughes hubbard & reed,other,,PlaintiffWin,0.8582016930661355,0.8582016930661355,2013
3897633,susman godfrey,locke lord bissell & liddell,other,,PlaintiffWin,0.8582016930661355,0.8582016930661355,2013
3897633,susman godfrey,paul weiss rifkind wharton & garrison,other,,PlaintiffWin,0.8582016930661355,0.8582016930661355,2013
3897633,susman godfrey,cahill gordon & reindel,other,,PlaintiffWin,0.8582016930661355,0.8582016930661355,2013
3897633,susman godfrey,covington & burling,other,,PlaintiffWin,0.8582016930661355,0.8582016930661355,2013
3897633,susman godfrey,"boies, schiller & flexner",other,,PlaintiffWin,0.8582016930661355,0.8582016930661355,2013
3897633,susman godfrey,davis polk & wardwell,other,,PlaintiffWin,0.8582016930661355,0.8582016930661355,2013
3897633,susman godfrey,katten muchin rosenman,other,,PlaintiffWin,0.8582016930661355,0.8582016930661355,2013
3897633,susman godfrey,sidley austin,other,,PlaintiffWin,0.8582016930661355,0.8582016930661355,2013
3897633,susman godfrey,schiff hardin,other,,PlaintiffWin,0.8582016930661355,0.8582016930661355,2013
3897633,susman godfrey,sidley austin,other,,PlaintiffWin,0.8582016930661355,0.8582016930661355,2013
3897633,susman godfrey,flemming zulack williamson zauderer,other,,PlaintiffWin,0.8582016930661355,0.8582016930661355,2013
3897633,susman godfrey,hogan lovells us,other,,PlaintiffWin,0.8582016930661355,0.8582016930661355,2013
3897633,susman godfrey,sullivan & cromwell,other,,PlaintiffWin,0.8582016930661355,0.8582016930661355,2013
3897633,scottscott,united states attorney,other,,PlaintiffWin,0.8582016930661355,0.8582016930661355,2013
3897633,scottscott,"gibson, dunn & crutcher",other,,PlaintiffWin,0.8582016930661355,0.8582016930661355,2013
3897633,scottscott,"locke, liddell & sapp",other,,PlaintiffWin,0.8582016930661355,0.8582016930661355,2013
3897633,scottscott,mcdermott will & emery,other,,PlaintiffWin,0.8582016930661355,0.8582016930661355,2013
3897633,scottscott,"boies, schiller & flexner",other,,PlaintiffWin,0.8582016930661355,0.8582016930661355,2013
3897633,scottscott,sullivan & cromwell,other,,PlaintiffWin,0.8582016930661355,0.8582016930661355,2013
3897633,scottscott,"gibson, dunn & crutcher",other,,PlaintiffWin,0.8582016930661355,0.8582016930661355,2013
3897633,scottscott,covington & burling,other,,PlaintiffWin,0.8582016930661355,0.8582016930661355,2013
3897633,scottscott,simpson thacher & bartlett,other,,PlaintiffWin,0.8582016930661355,0.8582016930661355,2013
3897633,scottscott,"milbank, tweed, hadley & mccloy",other,,PlaintiffWin,0.8582016930661355,0.8582016930661355,2013
3897633,scottscott,hughes hubbard & reed,other,,PlaintiffWin,0.8582016930661355,0.8582016930661355,2013
3897633,scottscott,locke lord bissell & liddell,other,,PlaintiffWin,0.8582016930661355,0.8582016930661355,2013
3897633,scottscott,paul weiss rifkind wharton & garrison,other,,PlaintiffWin,0.8582016930661355,0.8582016930661355,2013
3897633,scottscott,cahill gordon & reindel,other,,PlaintiffWin,0.8582016930661355,0.8582016930661355,2013
3897633,scottscott,covington & burling,other,,PlaintiffWin,0.8582016930661355,0.8582016930661355,2013
3897633,scottscott,"boies, schiller & flexner",other,,PlaintiffWin,0.8582016930661355,0.8582016930661355,2013
3897633,scottscott,davis polk & wardwell,other,,PlaintiffWin,0.8582016930661355,0.8582016930661355,2013
3897633,scottscott,katten muchin rosenman,other,,PlaintiffWin,0.8582016930661355,0.8582016930661355,2013
3897633,scottscott,sidley austin,other,,PlaintiffWin,0.8582016930661355,0.8582016930661355,2013
3897633,scottscott,schiff hardin,other,,PlaintiffWin,0.8582016930661355,0.8582016930661355,2013
3897633,scottscott,sidley austin,other,,PlaintiffWin,0.8582016930661355,0.8582016930661355,2013
3897633,scottscott,flemming zulack williamson zauderer,other,,PlaintiffWin,0.8582016930661355,0.8582016930661355,2013
3897633,scottscott,hogan lovells us,other,,PlaintiffWin,0.8582016930661355,0.8582016930661355,2013
3897633,scottscott,sullivan & cromwell,other,,PlaintiffWin,0.8582016930661355,0.8582016930661355,2013
3897633,cotchett pitre & mccarthy,united states attorney,other,,PlaintiffWin,0.8582016930661355,0.8582016930661355,2013
3897633,cotchett pitre & mccarthy,"gibson, dunn & crutcher",other,,PlaintiffWin,0.8582016930661355,0.8582016930661355,2013
3897633,cotchett pitre & mccarthy,"locke, liddell & sapp",other,,PlaintiffWin,0.8582016930661355,0.8582016930661355,2013
3897633,cotchett pitre & mccarthy,mcdermott will & emery,other,,PlaintiffWin,0.8582016930661355,0.8582016930661355,2013
3897633,cotchett pitre & mccarthy,"boies, schiller & flexner",other,,PlaintiffWin,0.8582016930661355,0.8582016930661355,2013
3897633,cotchett pitre & mccarthy,sullivan & cromwell,other,,PlaintiffWin,0.8582016930661355,0.8582016930661355,2013
3897633,cotchett pitre & mccarthy,"gibson, dunn & crutcher",other,,PlaintiffWin,0.8582016930661355,0.8582016930661355,2013
3897633,cotchett pitre & mccarthy,covington & burling,other,,PlaintiffWin,0.8582016930661355,0.8582016930661355,2013
3897633,cotchett pitre & mccarthy,simpson thacher & bartlett,other,,PlaintiffWin,0.8582016930661355,0.8582016930661355,2013
3897633,cotchett pitre & mccarthy,"milbank, tweed, hadley & mccloy",other,,PlaintiffWin,0.8582016930661355,0.8582016930661355,2013
3897633,cotchett pitre & mccarthy,hughes hubbard & reed,other,,PlaintiffWin,0.8582016930661355,0.8582016930661355,2013
3897633,cotchett pitre & mccarthy,locke lord bissell & liddell,other,,PlaintiffWin,0.8582016930661355,0.8582016930661355,2013
3897633,cotchett pitre & mccarthy,paul weiss rifkind wharton & garrison,other,,PlaintiffWin,0.8582016930661355,0.8582016930661355,2013
3897633,cotchett pitre & mccarthy,cahill gordon & reindel,other,,PlaintiffWin,0.8582016930661355,0.8582016930661355,2013
3897633,cotchett pitre & mccarthy,covington & burling,other,,PlaintiffWin,0.8582016930661355,0.8582016930661355,2013
3897633,cotchett pitre & mccarthy,"boies, schiller & flexner",other,,PlaintiffWin,0.8582016930661355,0.8582016930661355,2013
3897633,cotchett pitre & mccarthy,davis polk & wardwell,other,,PlaintiffWin,0.8582016930661355,0.8582016930661355,2013
3897633,cotchett pitre & mccarthy,katten muchin rosenman,other,,PlaintiffWin,0.8582016930661355,0.8582016930661355,2013
3897633,cotchett pitre & mccarthy,sidley austin,other,,PlaintiffWin,0.8582016930661355,0.8582016930661355,2013
3897633,cotchett pitre & mccarthy,schiff hardin,other,,PlaintiffWin,0.8582016930661355,0.8582016930661355,2013
3897633,cotchett pitre & mccarthy,sidley austin,other,,PlaintiffWin,0.8582016930661355,0.8582016930661355,2013
3897633,cotchett pitre & mccarthy,flemming zulack williamson zauderer,other,,PlaintiffWin,0.8582016930661355,0.8582016930661355,2013
3897633,cotchett pitre & mccarthy,hogan lovells us,other,,PlaintiffWin,0.8582016930661355,0.8582016930661355,2013
3897633,cotchett pitre & mccarthy,sullivan & cromwell,other,,PlaintiffWin,0.8582016930661355,0.8582016930661355,2013
3897633,cotchett pitre & mccarthy,united states attorney,other,,PlaintiffWin,0.8582016930661355,0.8582016930661355,2013
3897633,cotchett pitre & mccarthy,"gibson, dunn & crutcher",other,,PlaintiffWin,0.8582016930661355,0.8582016930661355,2013
3897633,cotchett pitre & mccarthy,"locke, liddell & sapp",other,,PlaintiffWin,0.8582016930661355,0.8582016930661355,2013
3897633,cotchett pitre & mccarthy,mcdermott will & emery,other,,PlaintiffWin,0.8582016930661355,0.8582016930661355,2013
3897633,cotchett pitre & mccarthy,"boies, schiller & flexner",other,,PlaintiffWin,0.8582016930661355,0.8582016930661355,2013
3897633,cotchett pitre & mccarthy,sullivan & cromwell,other,,PlaintiffWin,0.8582016930661355,0.8582016930661355,2013
3897633,cotchett pitre & mccarthy,"gibson, dunn & crutcher",other,,PlaintiffWin,0.8582016930661355,0.8582016930661355,2013
3897633,cotchett pitre & mccarthy,covington & burling,other,,PlaintiffWin,0.8582016930661355,0.8582016930661355,2013
3897633,cotchett pitre & mccarthy,simpson thacher & bartlett,other,,PlaintiffWin,0.8582016930661355,0.8582016930661355,2013
3897633,cotchett pitre & mccarthy,"milbank, tweed, hadley & mccloy",other,,PlaintiffWin,0.8582016930661355,0.8582016930661355,2013
3897633,cotchett pitre & mccarthy,hughes hubbard & reed,other,,PlaintiffWin,0.8582016930661355,0.8582016930661355,2013
3897633,cotchett pitre & mccarthy,locke lord bissell & liddell,other,,PlaintiffWin,0.8582016930661355,0.8582016930661355,2013
3897633,cotchett pitre & mccarthy,paul weiss rifkind wharton & garrison,other,,PlaintiffWin,0.8582016930661355,0.8582016930661355,2013
3897633,cotchett pitre & mccarthy,cahill gordon & reindel,other,,PlaintiffWin,0.8582016930661355,0.8582016930661355,2013
3897633,cotchett pitre & mccarthy,covington & burling,other,,PlaintiffWin,0.8582016930661355,0.8582016930661355,2013
3897633,cotchett pitre & mccarthy,"boies, schiller & flexner",other,,PlaintiffWin,0.8582016930661355,0.8582016930661355,2013
3897633,cotchett pitre & mccarthy,davis polk & wardwell,other,,PlaintiffWin,0.8582016930661355,0.8582016930661355,2013
3897633,cotchett pitre & mccarthy,katten muchin rosenman,other,,PlaintiffWin,0.8582016930661355,0.8582016930661355,2013
3897633,cotchett pitre & mccarthy,sidley austin,other,,PlaintiffWin,0.8582016930661355,0.8582016930661355,2013
3897633,cotchett pitre & mccarthy,schiff hardin,other,,PlaintiffWin,0.8582016930661355,0.8582016930661355,2013
3897633,cotchett pitre & mccarthy,sidley austin,other,,PlaintiffWin,0.8582016930661355,0.8582016930661355,2013
3897633,cotchett pitre & mccarthy,flemming zulack williamson zauderer,other,,PlaintiffWin,0.8582016930661355,0.8582016930661355,2013
3897633,cotchett pitre & mccarthy,hogan lovells us,other,,PlaintiffWin,0.8582016930661355,0.8582016930661355,2013
3897633,cotchett pitre & mccarthy,sullivan & cromwell,other,,PlaintiffWin,0.8582016930661355,0.8582016930661355,2013
3897633,goldberg,united states attorney,other,,PlaintiffWin,0.8582016930661355,0.8582016930661355,2013
3897633,goldberg,"gibson, dunn & crutcher",other,,PlaintiffWin,0.8582016930661355,0.8582016930661355,2013
3897633,goldberg,"locke, liddell & sapp",other,,PlaintiffWin,0.8582016930661355,0.8582016930661355,2013
3897633,goldberg,mcdermott will & emery,other,,PlaintiffWin,0.8582016930661355,0.8582016930661355,2013
3897633,goldberg,"boies, schiller & flexner",other,,PlaintiffWin,0.8582016930661355,0.8582016930661355,2013
3897633,goldberg,sullivan & cromwell,other,,PlaintiffWin,0.8582016930661355,0.8582016930661355,2013
3897633,goldberg,"gibson, dunn & crutcher",other,,PlaintiffWin,0.8582016930661355,0.8582016930661355,2013
3897633,goldberg,covington & burling,other,,PlaintiffWin,0.8582016930661355,0.8582016930661355,2013
3897633,goldberg,simpson thacher & bartlett,other,,PlaintiffWin,0.8582016930661355,0.8582016930661355,2013
3897633,goldberg,"milbank, tweed, hadley & mccloy",other,,PlaintiffWin,0.8582016930661355,0.8582016930661355,2013
3897633,goldberg,hughes hubbard & reed,other,,PlaintiffWin,0.8582016930661355,0.8582016930661355,2013
3897633,goldberg,locke lord bissell & liddell,other,,PlaintiffWin,0.8582016930661355,0.8582016930661355,2013
3897633,goldberg,paul weiss rifkind wharton & garrison,other,,PlaintiffWin,0.8582016930661355,0.8582016930661355,2013
3897633,goldberg,cahill gordon & reindel,other,,PlaintiffWin,0.8582016930661355,0.8582016930661355,2013
3897633,goldberg,covington & burling,other,,PlaintiffWin,0.8582016930661355,0.8582016930661355,2013
3897633,goldberg,"boies, schiller & flexner",other,,PlaintiffWin,0.8582016930661355,0.8582016930661355,2013
3897633,goldberg,davis polk & wardwell,other,,PlaintiffWin,0.8582016930661355,0.8582016930661355,2013
3897633,goldberg,katten muchin rosenman,other,,PlaintiffWin,0.8582016930661355,0.8582016930661355,2013
3897633,goldberg,sidley austin,other,,PlaintiffWin,0.8582016930661355,0.8582016930661355,2013
3897633,goldberg,schiff hardin,other,,PlaintiffWin,0.8582016930661355,0.8582016930661355,2013
3897633,goldberg,sidley austin,other,,PlaintiffWin,0.8582016930661355,0.8582016930661355,2013
3897633,goldberg,flemming zulack williamson zauderer,other,,PlaintiffWin,0.8582016930661355,0.8582016930661355,2013
3897633,goldberg,hogan lovells us,other,,PlaintiffWin,0.8582016930661355,0.8582016930661355,2013
3897633,goldberg,sullivan & cromwell,other,,PlaintiffWin,0.8582016930661355,0.8582016930661355,2013
3897633,dickstein shapiro,united states attorney,other,,PlaintiffWin,0.8582016930661355,0.8582016930661355,2013
3897633,dickstein shapiro,"gibson, dunn & crutcher",other,,PlaintiffWin,0.8582016930661355,0.8582016930661355,2013
3897633,dickstein shapiro,"locke, liddell & sapp",other,,PlaintiffWin,0.8582016930661355,0.8582016930661355,2013
3897633,dickstein shapiro,mcdermott will & emery,other,,PlaintiffWin,0.8582016930661355,0.8582016930661355,2013
3897633,dickstein shapiro,"boies, schiller & flexner",other,,PlaintiffWin,0.8582016930661355,0.8582016930661355,2013
3897633,dickstein shapiro,sullivan & cromwell,other,,PlaintiffWin,0.8582016930661355,0.8582016930661355,2013
3897633,dickstein shapiro,"gibson, dunn & crutcher",other,,PlaintiffWin,0.8582016930661355,0.8582016930661355,2013
3897633,dickstein shapiro,covington & burling,other,,PlaintiffWin,0.8582016930661355,0.8582016930661355,2013
3897633,dickstein shapiro,simpson thacher & bartlett,other,,PlaintiffWin,0.8582016930661355,0.8582016930661355,2013
3897633,dickstein shapiro,"milbank, tweed, hadley & mccloy",other,,PlaintiffWin,0.8582016930661355,0.8582016930661355,2013
3897633,dickstein shapiro,hughes hubbard & reed,other,,PlaintiffWin,0.8582016930661355,0.8582016930661355,2013
3897633,dickstein shapiro,locke lord bissell & liddell,other,,PlaintiffWin,0.8582016930661355,0.8582016930661355,2013
3897633,dickstein shapiro,paul weiss rifkind wharton & garrison,other,,PlaintiffWin,0.8582016930661355,0.8582016930661355,2013
3897633,dickstein shapiro,cahill gordon & reindel,other,,PlaintiffWin,0.8582016930661355,0.8582016930661355,2013
3897633,dickstein shapiro,covington & burling,other,,PlaintiffWin,0.8582016930661355,0.8582016930661355,2013
3897633,dickstein shapiro,"boies, schiller & flexner",other,,PlaintiffWin,0.8582016930661355,0.8582016930661355,2013
3897633,dickstein shapiro,davis polk & wardwell,other,,PlaintiffWin,0.8582016930661355,0.8582016930661355,2013
3897633,dickstein shapiro,katten muchin rosenman,other,,PlaintiffWin,0.8582016930661355,0.8582016930661355,2013
3897633,dickstein shapiro,sidley austin,other,,PlaintiffWin,0.8582016930661355,0.8582016930661355,2013
3897633,dickstein shapiro,schiff hardin,other,,PlaintiffWin,0.8582016930661355,0.8582016930661355,2013
3897633,dickstein shapiro,sidley austin,other,,PlaintiffWin,0.8582016930661355,0.8582016930661355,2013
3897633,dickstein shapiro,flemming zulack williamson zauderer,other,,PlaintiffWin,0.8582016930661355,0.8582016930661355,2013
3897633,dickstein shapiro,hogan lovells us,other,,PlaintiffWin,0.8582016930661355,0.8582016930661355,2013
3897633,dickstein shapiro,sullivan & cromwell,other,,PlaintiffWin,0.8582016930661355,0.8582016930661355,2013
3897633,hausfeld,united states attorney,other,,PlaintiffWin,0.8582016930661355,0.8582016930661355,2013
3897633,hausfeld,"gibson, dunn & crutcher",other,,PlaintiffWin,0.8582016930661355,0.8582016930661355,2013
3897633,hausfeld,"locke, liddell & sapp",other,,PlaintiffWin,0.8582016930661355,0.8582016930661355,2013
3897633,hausfeld,mcdermott will & emery,other,,PlaintiffWin,0.8582016930661355,0.8582016930661355,2013
3897633,hausfeld,"boies, schiller & flexner",other,,PlaintiffWin,0.8582016930661355,0.8582016930661355,2013
3897633,hausfeld,sullivan & cromwell,other,,PlaintiffWin,0.8582016930661355,0.8582016930661355,2013
3897633,hausfeld,"gibson, dunn & crutcher",other,,PlaintiffWin,0.8582016930661355,0.8582016930661355,2013
3897633,hausfeld,covington & burling,other,,PlaintiffWin,0.8582016930661355,0.8582016930661355,2013
3897633,hausfeld,simpson thacher & bartlett,other,,PlaintiffWin,0.8582016930661355,0.8582016930661355,2013
3897633,hausfeld,"milbank, tweed, hadley & mccloy",other,,PlaintiffWin,0.8582016930661355,0.8582016930661355,2013
3897633,hausfeld,hughes hubbard & reed,other,,PlaintiffWin,0.8582016930661355,0.8582016930661355,2013
3897633,hausfeld,locke lord bissell & liddell,other,,PlaintiffWin,0.8582016930661355,0.8582016930661355,2013
3897633,hausfeld,paul weiss rifkind wharton & garrison,other,,PlaintiffWin,0.8582016930661355,0.8582016930661355,2013
3897633,hausfeld,cahill gordon & reindel,other,,PlaintiffWin,0.8582016930661355,0.8582016930661355,2013
3897633,hausfeld,covington & burling,other,,PlaintiffWin,0.8582016930661355,0.8582016930661355,2013
3897633,hausfeld,"boies, schiller & flexner",other,,PlaintiffWin,0.8582016930661355,0.8582016930661355,2013
3897633,hausfeld,davis polk & wardwell,other,,PlaintiffWin,0.8582016930661355,0.8582016930661355,2013
3897633,hausfeld,katten muchin rosenman,other,,PlaintiffWin,0.8582016930661355,0.8582016930661355,2013
3897633,hausfeld,sidley austin,other,,PlaintiffWin,0.8582016930661355,0.8582016930661355,2013
3897633,hausfeld,schiff hardin,other,,PlaintiffWin,0.8582016930661355,0.8582016930661355,2013
3897633,hausfeld,sidley austin,other,,PlaintiffWin,0.8582016930661355,0.8582016930661355,2013
3897633,hausfeld,flemming zulack williamson zauderer,other,,PlaintiffWin,0.8582016930661355,0.8582016930661355,2013
3897633,hausfeld,hogan lovells us,other,,PlaintiffWin,0.8582016930661355,0.8582016930661355,2013
3897633,hausfeld,sullivan & cromwell,other,,PlaintiffWin,0.8582016930661355,0.8582016930661355,2013
3897633,hagens berman sobol shapiro,united states attorney,other,,PlaintiffWin,0.8582016930661355,0.8582016930661355,2013
3897633,hagens berman sobol shapiro,"gibson, dunn & crutcher",other,,PlaintiffWin,0.8582016930661355,0.8582016930661355,2013
3897633,hagens berman sobol shapiro,"locke, liddell & sapp",other,,PlaintiffWin,0.8582016930661355,0.8582016930661355,2013
3897633,hagens berman sobol shapiro,mcdermott will & emery,other,,PlaintiffWin,0.8582016930661355,0.8582016930661355,2013
3897633,hagens berman sobol shapiro,"boies, schiller & flexner",other,,PlaintiffWin,0.8582016930661355,0.8582016930661355,2013
3897633,hagens berman sobol shapiro,sullivan & cromwell,other,,PlaintiffWin,0.8582016930661355,0.8582016930661355,2013
3897633,hagens berman sobol shapiro,"gibson, dunn & crutcher",other,,PlaintiffWin,0.8582016930661355,0.8582016930661355,2013
3897633,hagens berman sobol shapiro,covington & burling,other,,PlaintiffWin,0.8582016930661355,0.8582016930661355,2013
3897633,hagens berman sobol shapiro,simpson thacher & bartlett,other,,PlaintiffWin,0.8582016930661355,0.8582016930661355,2013
3897633,hagens berman sobol shapiro,"milbank, tweed, hadley & mccloy",other,,PlaintiffWin,0.8582016930661355,0.8582016930661355,2013
3897633,hagens berman sobol shapiro,hughes hubbard & reed,other,,PlaintiffWin,0.8582016930661355,0.8582016930661355,2013
3897633,hagens berman sobol shapiro,locke lord bissell & liddell,other,,PlaintiffWin,0.8582016930661355,0.8582016930661355,2013
3897633,hagens berman sobol shapiro,paul weiss rifkind wharton & garrison,other,,PlaintiffWin,0.8582016930661355,0.8582016930661355,2013
3897633,hagens berman sobol shapiro,cahill gordon & reindel,other,,PlaintiffWin,0.8582016930661355,0.8582016930661355,2013
3897633,hagens berman sobol shapiro,covington & burling,other,,PlaintiffWin,0.8582016930661355,0.8582016930661355,2013
3897633,hagens berman sobol shapiro,"boies, schiller & flexner",other,,PlaintiffWin,0.8582016930661355,0.8582016930661355,2013
3897633,hagens berman sobol shapiro,davis polk & wardwell,other,,PlaintiffWin,0.8582016930661355,0.8582016930661355,2013
3897633,hagens berman sobol shapiro,katten muchin rosenman,other,,PlaintiffWin,0.8582016930661355,0.8582016930661355,2013
3897633,hagens berman sobol shapiro,sidley austin,other,,PlaintiffWin,0.8582016930661355,0.8582016930661355,2013
3897633,hagens berman sobol shapiro,schiff hardin,other,,PlaintiffWin,0.8582016930661355,0.8582016930661355,2013
3897633,hagens berman sobol shapiro,sidley austin,other,,PlaintiffWin,0.8582016930661355,0.8582016930661355,2013
3897633,hagens berman sobol shapiro,flemming zulack williamson zauderer,other,,PlaintiffWin,0.8582016930661355,0.8582016930661355,2013
3897633,hagens berman sobol shapiro,hogan lovells us,other,,PlaintiffWin,0.8582016930661355,0.8582016930661355,2013
3897633,hagens berman sobol shapiro,sullivan & cromwell,other,,PlaintiffWin,0.8582016930661355,0.8582016930661355,2013
3897633,milberg,united states attorney,other,,PlaintiffWin,0.8582016930661355,0.8582016930661355,2013
3897633,milberg,"gibson, dunn & crutcher",other,,PlaintiffWin,0.8582016930661355,0.8582016930661355,2013
3897633,milberg,"locke, liddell & sapp",other,,PlaintiffWin,0.8582016930661355,0.8582016930661355,2013
3897633,milberg,mcdermott will & emery,other,,PlaintiffWin,0.8582016930661355,0.8582016930661355,2013
3897633,milberg,"boies, schiller & flexner",other,,PlaintiffWin,0.8582016930661355,0.8582016930661355,2013
3897633,milberg,sullivan & cromwell,other,,PlaintiffWin,0.8582016930661355,0.8582016930661355,2013
3897633,milberg,"gibson, dunn & crutcher",other,,PlaintiffWin,0.8582016930661355,0.8582016930661355,2013
3897633,milberg,covington & burling,other,,PlaintiffWin,0.8582016930661355,0.8582016930661355,2013
3897633,milberg,simpson thacher & bartlett,other,,PlaintiffWin,0.8582016930661355,0.8582016930661355,2013
3897633,milberg,"milbank, tweed, hadley & mccloy",other,,PlaintiffWin,0.8582016930661355,0.8582016930661355,2013
3897633,milberg,hughes hubbard & reed,other,,PlaintiffWin,0.8582016930661355,0.8582016930661355,2013
3897633,milberg,locke lord bissell & liddell,other,,PlaintiffWin,0.8582016930661355,0.8582016930661355,2013
3897633,milberg,paul weiss rifkind wharton & garrison,other,,PlaintiffWin,0.8582016930661355,0.8582016930661355,2013
3897633,milberg,cahill gordon & reindel,other,,PlaintiffWin,0.8582016930661355,0.8582016930661355,2013
3897633,milberg,covington & burling,other,,PlaintiffWin,0.8582016930661355,0.8582016930661355,2013
3897633,milberg,"boies, schiller & flexner",other,,PlaintiffWin,0.8582016930661355,0.8582016930661355,2013
3897633,milberg,davis polk & wardwell,other,,PlaintiffWin,0.8582016930661355,0.8582016930661355,2013
3897633,milberg,katten muchin rosenman,other,,PlaintiffWin,0.8582016930661355,0.8582016930661355,2013
3897633,milberg,sidley austin,other,,PlaintiffWin,0.8582016930661355,0.8582016930661355,2013
3897633,milberg,schiff hardin,other,,PlaintiffWin,0.8582016930661355,0.8582016930661355,2013
3897633,milberg,sidley austin,other,,PlaintiffWin,0.8582016930661355,0.8582016930661355,2013
3897633,milberg,flemming zulack williamson zauderer,other,,PlaintiffWin,0.8582016930661355,0.8582016930661355,2013
3897633,milberg,hogan lovells us,other,,PlaintiffWin,0.8582016930661355,0.8582016930661355,2013
3897633,milberg,sullivan & cromwell,other,,PlaintiffWin,0.8582016930661355,0.8582016930661355,2013
3897633,kirby mclnerney,united states attorney,other,,PlaintiffWin,0.8582016930661355,0.8582016930661355,2013
3897633,kirby mclnerney,"gibson, dunn & crutcher",other,,PlaintiffWin,0.8582016930661355,0.8582016930661355,2013
3897633,kirby mclnerney,"locke, liddell & sapp",other,,PlaintiffWin,0.8582016930661355,0.8582016930661355,2013
3897633,kirby mclnerney,mcdermott will & emery,other,,PlaintiffWin,0.8582016930661355,0.8582016930661355,2013
3897633,kirby mclnerney,"boies, schiller & flexner",other,,PlaintiffWin,0.8582016930661355,0.8582016930661355,2013
3897633,kirby mclnerney,sullivan & cromwell,other,,PlaintiffWin,0.8582016930661355,0.8582016930661355,2013
3897633,kirby mclnerney,"gibson, dunn & crutcher",other,,PlaintiffWin,0.8582016930661355,0.8582016930661355,2013
3897633,kirby mclnerney,covington & burling,other,,PlaintiffWin,0.8582016930661355,0.8582016930661355,2013
3897633,kirby mclnerney,simpson thacher & bartlett,other,,PlaintiffWin,0.8582016930661355,0.8582016930661355,2013
3897633,kirby mclnerney,"milbank, tweed, hadley & mccloy",other,,PlaintiffWin,0.8582016930661355,0.8582016930661355,2013
3897633,kirby mclnerney,hughes hubbard & reed,other,,PlaintiffWin,0.8582016930661355,0.8582016930661355,2013
3897633,kirby mclnerney,locke lord bissell & liddell,other,,PlaintiffWin,0.8582016930661355,0.8582016930661355,2013
3897633,kirby mclnerney,paul weiss rifkind wharton & garrison,other,,PlaintiffWin,0.8582016930661355,0.8582016930661355,2013
3897633,kirby mclnerney,cahill gordon & reindel,other,,PlaintiffWin,0.8582016930661355,0.8582016930661355,2013
3897633,kirby mclnerney,covington & burling,other,,PlaintiffWin,0.8582016930661355,0.8582016930661355,2013
3897633,kirby mclnerney,"boies, schiller & flexner",other,,PlaintiffWin,0.8582016930661355,0.8582016930661355,2013
3897633,kirby mclnerney,davis polk & wardwell,other,,PlaintiffWin,0.8582016930661355,0.8582016930661355,2013
3897633,kirby mclnerney,katten muchin rosenman,other,,PlaintiffWin,0.8582016930661355,0.8582016930661355,2013
3897633,kirby mclnerney,sidley austin,other,,PlaintiffWin,0.8582016930661355,0.8582016930661355,2013
3897633,kirby mclnerney,schiff hardin,other,,PlaintiffWin,0.8582016930661355,0.8582016930661355,2013
3897633,kirby mclnerney,sidley austin,other,,PlaintiffWin,0.8582016930661355,0.8582016930661355,2013
3897633,kirby mclnerney,flemming zulack williamson zauderer,other,,PlaintiffWin,0.8582016930661355,0.8582016930661355,2013
3897633,kirby mclnerney,hogan lovells us,other,,PlaintiffWin,0.8582016930661355,0.8582016930661355,2013
3897633,kirby mclnerney,sullivan & cromwell,other,,PlaintiffWin,0.8582016930661355,0.8582016930661355,2013
3897633,mcculley mccluer,united states attorney,other,,PlaintiffWin,0.8582016930661355,0.8582016930661355,2013
3897633,mcculley mccluer,"gibson, dunn & crutcher",other,,PlaintiffWin,0.8582016930661355,0.8582016930661355,2013
3897633,mcculley mccluer,"locke, liddell & sapp",other,,PlaintiffWin,0.8582016930661355,0.8582016930661355,2013
3897633,mcculley mccluer,mcdermott will & emery,other,,PlaintiffWin,0.8582016930661355,0.8582016930661355,2013
3897633,mcculley mccluer,"boies, schiller & flexner",other,,PlaintiffWin,0.8582016930661355,0.8582016930661355,2013
3897633,mcculley mccluer,sullivan & cromwell,other,,PlaintiffWin,0.8582016930661355,0.8582016930661355,2013
3897633,mcculley mccluer,"gibson, dunn & crutcher",other,,PlaintiffWin,0.8582016930661355,0.8582016930661355,2013
3897633,mcculley mccluer,covington & burling,other,,PlaintiffWin,0.8582016930661355,0.8582016930661355,2013
3897633,mcculley mccluer,simpson thacher & bartlett,other,,PlaintiffWin,0.8582016930661355,0.8582016930661355,2013
3897633,mcculley mccluer,"milbank, tweed, hadley & mccloy",other,,PlaintiffWin,0.8582016930661355,0.8582016930661355,2013
3897633,mcculley mccluer,hughes hubbard & reed,other,,PlaintiffWin,0.8582016930661355,0.8582016930661355,2013
3897633,mcculley mccluer,locke lord bissell & liddell,other,,PlaintiffWin,0.8582016930661355,0.8582016930661355,2013
3897633,mcculley mccluer,paul weiss rifkind wharton & garrison,other,,PlaintiffWin,0.8582016930661355,0.8582016930661355,2013
3897633,mcculley mccluer,cahill gordon & reindel,other,,PlaintiffWin,0.8582016930661355,0.8582016930661355,2013
3897633,mcculley mccluer,covington & burling,other,,PlaintiffWin,0.8582016930661355,0.8582016930661355,2013
3897633,mcculley mccluer,"boies, schiller & flexner",other,,PlaintiffWin,0.8582016930661355,0.8582016930661355,2013
3897633,mcculley mccluer,davis polk & wardwell,other,,PlaintiffWin,0.8582016930661355,0.8582016930661355,2013
3897633,mcculley mccluer,katten muchin rosenman,other,,PlaintiffWin,0.8582016930661355,0.8582016930661355,2013
3897633,mcculley mccluer,sidley austin,other,,PlaintiffWin,0.8582016930661355,0.8582016930661355,2013
3897633,mcculley mccluer,schiff hardin,other,,PlaintiffWin,0.8582016930661355,0.8582016930661355,2013
3897633,mcculley mccluer,sidley austin,other,,PlaintiffWin,0.8582016930661355,0.8582016930661355,2013
3897633,mcculley mccluer,flemming zulack williamson zauderer,other,,PlaintiffWin,0.8582016930661355,0.8582016930661355,2013
3897633,mcculley mccluer,hogan lovells us,other,,PlaintiffWin,0.8582016930661355,0.8582016930661355,2013
3897633,mcculley mccluer,sullivan & cromwell,other,,PlaintiffWin,0.8582016930661355,0.8582016930661355,2013
3900657,milberg,davis polk & wardwell,labor,,PlaintiffWin,0.7418243458234626,0.7418243458234626,2013
3900706,wilmer cutler pickering hale & dor,"orrick, herrington & sutcliffe",other,,DefendantWin,0.8295753540640557,0.8295753540640557,2013
3900706,wilmer cutler pickering hale & dor,"orrick, herrington & sutcliffe",other,,DefendantWin,0.8295753540640557,0.8295753540640557,2013
3908150,grant & eisenhofer,sullivan & cromwell,other,,PlaintiffWin,0.8328461342809778,0.8328461342809778,2013
3908150,grant & eisenhofer,"gibson, dunn & crutcher",other,,PlaintiffWin,0.8328461342809778,0.8328461342809778,2013
3908150,grant & eisenhofer,morrison & foerster,other,,PlaintiffWin,0.8328461342809778,0.8328461342809778,2013
3908150,grant & eisenhofer,morrison & foerster,other,,PlaintiffWin,0.8328461342809778,0.8328461342809778,2013
3908150,grant & eisenhofer,sullivan & cromwell,other,,PlaintiffWin,0.8328461342809778,0.8328461342809778,2013
3908150,grant & eisenhofer,greenberg traurig,other,,PlaintiffWin,0.8328461342809778,0.8328461342809778,2013
3908150,grant & eisenhofer,hughes hubbard & reed,other,,PlaintiffWin,0.8328461342809778,0.8328461342809778,2013
3916131,robbins geller rudman & dowd,davis polk & wardwell,other,,PlaintiffWin,0.704964534892599,0.704964534892599,2013
3916131,robbins geller rudman & dowd,"skadden, arps, slate, meagher & flom",other,,PlaintiffWin,0.704964534892599,0.704964534892599,2013
3916131,robbins geller rudman & dowd,wilmer cutler pickering hale & dor,other,,PlaintiffWin,0.704964534892599,0.704964534892599,2013
3916131,robbins geller rudman & dowd,dechert,other,,PlaintiffWin,0.704964534892599,0.704964534892599,2013
3916131,robbins geller rudman & dowd,wilmer cutler pickering hale & dor,other,,PlaintiffWin,0.704964534892599,0.704964534892599,2013
3916131,robbins geller rudman & dowd,dechert,other,,PlaintiffWin,0.704964534892599,0.704964534892599,2013
3916282,"kellogg, huber, hansen, todd, evans & figel","cravath, swaine & moore",other,,PlaintiffWin,0.935052478907226,0.935052478907226,2013
3927974,dickstein shapiro,united states attorney,prisoner_petitions,,PlaintiffWin,0.9291751349089804,0.9291751349089804,2013
3928563,"boies, schiller & flexner",kirkland & ellis,contract,,PlaintiffWin,0.7064166478934136,0.7064166478934136,2013
3928563,"boies, schiller & flexner",hughes hubbard & reed,contract,,PlaintiffWin,0.7064166478934136,0.7064166478934136,2013
3928563,"boies, schiller & flexner","paul, weiss, rifkind, wharton & garrison",contract,,PlaintiffWin,0.7064166478934136,0.7064166478934136,2013
3928563,"boies, schiller & flexner",simpson thacher & bartlett,contract,,PlaintiffWin,0.7064166478934136,0.7064166478934136,2013
3928563,"boies, schiller & flexner",dechert,contract,,PlaintiffWin,0.7064166478934136,0.7064166478934136,2013
3928563,"boies, schiller & flexner",greenberg traurig,contract,,PlaintiffWin,0.7064166478934136,0.7064166478934136,2013
3928563,"boies, schiller & flexner",kirkland & ellis,contract,,PlaintiffWin,0.7064166478934136,0.7064166478934136,2013
3928563,"boies, schiller & flexner",hughes hubbard & reed,contract,,PlaintiffWin,0.7064166478934136,0.7064166478934136,2013
3928563,"boies, schiller & flexner","paul, weiss, rifkind, wharton & garrison",contract,,PlaintiffWin,0.7064166478934136,0.7064166478934136,2013
3928563,"boies, schiller & flexner",simpson thacher & bartlett,contract,,PlaintiffWin,0.7064166478934136,0.7064166478934136,2013
3928563,"boies, schiller & flexner",dechert,contract,,PlaintiffWin,0.7064166478934136,0.7064166478934136,2013
3928563,"boies, schiller & flexner",greenberg traurig,contract,,PlaintiffWin,0.7064166478934136,0.7064166478934136,2013
3928563,milberg,kirkland & ellis,contract,,PlaintiffWin,0.7064166478934136,0.7064166478934136,2013
3928563,milberg,hughes hubbard & reed,contract,,PlaintiffWin,0.7064166478934136,0.7064166478934136,2013
3928563,milberg,"paul, weiss, rifkind, wharton & garrison",contract,,PlaintiffWin,0.7064166478934136,0.7064166478934136,2013
3928563,milberg,simpson thacher & bartlett,contract,,PlaintiffWin,0.7064166478934136,0.7064166478934136,2013
3928563,milberg,dechert,contract,,PlaintiffWin,0.7064166478934136,0.7064166478934136,2013
3928563,milberg,greenberg traurig,contract,,PlaintiffWin,0.7064166478934136,0.7064166478934136,2013
3928563,lovell stewart halebian jacobson,kirkland & ellis,contract,,PlaintiffWin,0.7064166478934136,0.7064166478934136,2013
3928563,lovell stewart halebian jacobson,hughes hubbard & reed,contract,,PlaintiffWin,0.7064166478934136,0.7064166478934136,2013
3928563,lovell stewart halebian jacobson,"paul, weiss, rifkind, wharton & garrison",contract,,PlaintiffWin,0.7064166478934136,0.7064166478934136,2013
3928563,lovell stewart halebian jacobson,simpson thacher & bartlett,contract,,PlaintiffWin,0.7064166478934136,0.7064166478934136,2013
3928563,lovell stewart halebian jacobson,dechert,contract,,PlaintiffWin,0.7064166478934136,0.7064166478934136,2013
3928563,lovell stewart halebian jacobson,greenberg traurig,contract,,PlaintiffWin,0.7064166478934136,0.7064166478934136,2013
3934926,o’melveny & myers,united states attorney,other,,PlaintiffWin,0.7079262489197748,0.7079262489197748,2013
3939721,goodwin procter,attorney general,civil_rights,,PlaintiffWin,0.5975978000263824,0.5975978000263824,2013
3940173,hagens berman sobol shapiro,covington & burling,other,,PlaintiffWin,0.8530597248699808,0.8530597248699808,2013
3940173,hagens berman sobol shapiro,"weil, gotshal & manges",other,,PlaintiffWin,0.8530597248699808,0.8530597248699808,2013
3940173,hagens berman sobol shapiro,covington & burling,other,,PlaintiffWin,0.8530597248699808,0.8530597248699808,2013
3940173,hagens berman sobol shapiro,latham & watkins,other,,PlaintiffWin,0.8530597248699808,0.8530597248699808,2013
3946925,susman godfrey,arnold & porter,other,,PlaintiffWin,0.9354643355755587,0.9354643355755587,2013
3946925,susman godfrey,foley & lardner,other,,PlaintiffWin,0.9354643355755587,0.9354643355755587,2013
3948261,robbins geller rudman & dowd,susman godfrey,other,,PlaintiffWin,0.9798286475766932,0.9798286475766932,2013
3948261,glancy binkow & goldberg,susman godfrey,other,,PlaintiffWin,0.9798286475766932,0.9798286475766932,2013
3948261,scott & scott,susman godfrey,other,,PlaintiffWin,0.9798286475766932,0.9798286475766932,2013
3971651,jenner & block,dla piper us,contract,,DefendantWin,0.926950189746413,0.926950189746413,2014
3971806,united states attorney,united states attorney,civil_rights,,PlaintiffWin,0.7931494690093925,0.7931494690093925,2014
4017172,"boies, schiller & flexner","morgan, lewis & bockius",other,,PlaintiffWin,0.9454238754461656,0.9454238754461656,2015
4017172,"boies, schiller & flexner",o’melveny & myers,other,,PlaintiffWin,0.9454238754461656,0.9454238754461656,2015
4022076,robbins geller rudman & dowd,winston & strawn,other,,PlaintiffWin,0.9087941257012268,0.9087941257012268,2013
4022076,hagens berman sobol shapiro,winston & strawn,other,,PlaintiffWin,0.9087941257012268,0.9087941257012268,2013
4024243,hagens berman sobol shapiro,"weil, gotshal & manges",torts,,PlaintiffWin,0.71507500261418,0.71507500261418,2015
4024243,hagens berman sobol shapiro,latham & watkins,torts,,PlaintiffWin,0.71507500261418,0.71507500261418,2015
4024243,hagens berman sobol shapiro,latham & watkins,torts,,PlaintiffWin,0.71507500261418,0.71507500261418,2015
4024243,hagens berman sobol shapiro,"weil, gotshal & manges",torts,,PlaintiffWin,0.71507500261418,0.71507500261418,2015
4024243,hagens berman sobol shapiro,latham & watkins,torts,,PlaintiffWin,0.71507500261418,0.71507500261418,2015
4024243,hagens berman sobol shapiro,latham & watkins,torts,,PlaintiffWin,0.71507500261418,0.71507500261418,2015
4024720,hausfeld,"gibson, dunn & crutcher",other,,PlaintiffWin,0.9739903200948228,0.9739903200948228,2015
4024720,hausfeld,"morris, nichols, arsht & tunnell",other,,PlaintiffWin,0.9739903200948228,0.9739903200948228,2015
4026421,greenberg traurig,arnold & porter,other,,PlaintiffWin,0.9232631623128024,0.9232631623128024,2013
4043655,grant & eisenhofer,akin gump strauss hauer & feld,other,,PlaintiffWin,0.7947528942673693,0.7947528942673693,2013
4043655,grant & eisenhofer,obermayer rebmann maxwell & hippel,other,,PlaintiffWin,0.7947528942673693,0.7947528942673693,2013
4044040,grant & eisenhofer,buchanan ingersoll & rooney,torts,,PlaintiffWin,0.7510013283900684,0.7510013283900684,2013
4044040,milberg,buchanan ingersoll & rooney,torts,,PlaintiffWin,0.7510013283900684,0.7510013283900684,2013
4044676,perkins coie,skadden arps slate meagher & flom,other,,PlaintiffWin,0.8345699640712835,0.8345699640712835,2013
4044676,perkins coie,skadden arps slate meagher & flom,other,,PlaintiffWin,0.8345699640712835,0.8345699640712835,2013
4044804,cohen milstein sellers & toll,"gibson, dunn & crutcher",civil_rights,,PlaintiffWin,0.6005882298457496,0.6005882298457496,2013
4044804,cohen milstein sellers & toll,"gibson, dunn & crutcher",civil_rights,,PlaintiffWin,0.6005882298457496,0.6005882298457496,2013
4044804,cohen milstein sellers & toll,"gibson, dunn & crutcher",civil_rights,,PlaintiffWin,0.6005882298457496,0.6005882298457496,2013
4044804,cohen milstein sellers & toll,"gibson, dunn & crutcher",civil_rights,,PlaintiffWin,0.6005882298457496,0.6005882298457496,2013
4044823,glancy binkow & goldberg,"morgan, lewis & bockius",other,,PlaintiffWin,0.96240988705762,0.96240988705762,2013
4044823,glancy binkow & goldberg,"morgan, lewis & bockius",other,,PlaintiffWin,0.96240988705762,0.96240988705762,2013
4044823,glancy binkow & goldberg,"morgan, lewis & bockius",other,,PlaintiffWin,0.96240988705762,0.96240988705762,2013
4044823,kirby mclnerney,"morgan, lewis & bockius",other,,PlaintiffWin,0.96240988705762,0.96240988705762,2013
4044823,kirby mclnerney,"morgan, lewis & bockius",other,,PlaintiffWin,0.96240988705762,0.96240988705762,2013
4044823,kirby mclnerney,"morgan, lewis & bockius",other,,PlaintiffWin,0.96240988705762,0.96240988705762,2013
4049874,mayer brown,dla piper,contract,,PlaintiffWin,0.9196954490270134,0.0803045509729866,2013
4052045,robbins geller rudman & dowd,dla piper us,other,,PlaintiffWin,0.6778416452191427,0.6778416452191427,2014
4052045,robbins geller rudman & dowd,dla piper,other,,PlaintiffWin,0.6778416452191427,0.6778416452191427,2014
4060090,"morgan, lewis & bockius",kirkland & ellis,torts,,PlaintiffWin,0.800130741774078,0.800130741774078,2014
4060090,"morgan, lewis & bockius",kirkland & ellis,torts,,PlaintiffWin,0.800130741774078,0.800130741774078,2014
4060090,"morgan, lewis & bockius",akin gump strauss hauer & feld,torts,,PlaintiffWin,0.800130741774078,0.800130741774078,2014
4060090,"morgan, lewis & bockius",kirkland & ellis,torts,,PlaintiffWin,0.800130741774078,0.800130741774078,2014
4060090,"morgan, lewis & bockius",kirkland & ellis,torts,,PlaintiffWin,0.800130741774078,0.800130741774078,2014
4060090,"morgan, lewis & bockius",akin gump strauss hauer & feld,torts,,PlaintiffWin,0.800130741774078,0.800130741774078,2014
4061483,sidley austin,katten muchin rosenman,other,,DefendantWin,0.7512586718415631,0.7512586718415631,2013
4061529,berger & montague,jenner & block,other,,DefendantWin,0.6996715995487586,0.6996715995487586,2014
4065692,foley & lardner,united states attorney,other,,PlaintiffWin,0.7494846494849616,0.7494846494849616,2014
4065993,ropes & gray,akin gump strauss hauer & feld,other,,PlaintiffWin,0.9658892350429548,0.9658892350429548,2014
4065993,ropes & gray,goodwin procter,other,,PlaintiffWin,0.9658892350429548,0.9658892350429548,2014
4065993,ropes & gray,akin gump strauss hauer & feld,other,,PlaintiffWin,0.9658892350429548,0.9658892350429548,2014
4065993,ropes & gray,goodwin procter,other,,PlaintiffWin,0.9658892350429548,0.9658892350429548,2014
4065998,"shepherd, finkelman, miller & shah",sheppard mullin richter & hampton,contract,,DefendantWin,0.954625321871084,0.954625321871084,2015
4066055,"cravath, swaine & moore",attorney general,prisoner_petitions,,PlaintiffWin,0.9127535898211684,0.9127535898211684,2014
4066055,"cravath, swaine & moore",attorney general,prisoner_petitions,,PlaintiffWin,0.9127535898211684,0.9127535898211684,2014
4066489,"cravath, swaine & moore",attorney general,prisoner_petitions,,PlaintiffWin,0.9127535898211684,0.9127535898211684,2014
4066489,"cravath, swaine & moore",attorney general,prisoner_petitions,,PlaintiffWin,0.9127535898211684,0.9127535898211684,2014
4066944,foley & lardner,united states attorney,other,,PlaintiffWin,0.7494846494849616,0.7494846494849616,2014
4067524,grant & eisenhofer,"cravath, swaine & moore",other,,PlaintiffWin,0.8434749218802524,0.8434749218802524,2014
4067524,grant & eisenhofer,o’melveny & myers,other,,PlaintiffWin,0.8434749218802524,0.8434749218802524,2014
4068721,"boies, schiller & flexner","paul, weiss, rifkind, wharton & garrison",other,,PlaintiffWin,0.9335771702434048,0.9335771702434048,2014
4068721,"boies, schiller & flexner","skadden, arps, slate, meagher & flom",other,,PlaintiffWin,0.9335771702434048,0.9335771702434048,2014
4068721,"boies, schiller & flexner","cravath, swaine & moore",other,,PlaintiffWin,0.9335771702434048,0.9335771702434048,2014
4068879,dechert,united states attorney,other,,PlaintiffWin,0.920566827684579,0.920566827684579,2014
4069178,cohen milstein sellers & toll,"orrick, herrington & sutcliffe",other,,PlaintiffWin,0.8286080353891928,0.8286080353891928,2014
4069178,cohen milstein sellers & toll,greenberg traurig,other,,PlaintiffWin,0.8286080353891928,0.8286080353891928,2014
4069178,cohen milstein sellers & toll,greenberg traurig,other,,PlaintiffWin,0.8286080353891928,0.8286080353891928,2014
4069178,"boies, schiller & flexner","orrick, herrington & sutcliffe",other,,PlaintiffWin,0.8286080353891928,0.8286080353891928,2014
4069178,"boies, schiller & flexner",greenberg traurig,other,,PlaintiffWin,0.8286080353891928,0.8286080353891928,2014
4069178,"boies, schiller & flexner",greenberg traurig,other,,PlaintiffWin,0.8286080353891928,0.8286080353891928,2014
4069178,susman godfrey,"orrick, herrington & sutcliffe",other,,PlaintiffWin,0.8286080353891928,0.8286080353891928,2014
4069178,susman godfrey,greenberg traurig,other,,PlaintiffWin,0.8286080353891928,0.8286080353891928,2014
4069178,susman godfrey,greenberg traurig,other,,PlaintiffWin,0.8286080353891928,0.8286080353891928,2014
4069178,hausfeld,"orrick, herrington & sutcliffe",other,,PlaintiffWin,0.8286080353891928,0.8286080353891928,2014
4069178,hausfeld,greenberg traurig,other,,PlaintiffWin,0.8286080353891928,0.8286080353891928,2014
4069178,hausfeld,greenberg traurig,other,,PlaintiffWin,0.8286080353891928,0.8286080353891928,2014
4069178,kirby mclnerney,"orrick, herrington & sutcliffe",other,,PlaintiffWin,0.8286080353891928,0.8286080353891928,2014
4069178,kirby mclnerney,greenberg traurig,other,,PlaintiffWin,0.8286080353891928,0.8286080353891928,2014
4069178,kirby mclnerney,greenberg traurig,other,,PlaintiffWin,0.8286080353891928,0.8286080353891928,2014
4077413,bernstein litowitz berger & grossmann,mayer brown,other,,PlaintiffWin,0.8705589588605629,0.8705589588605629,2013
4077413,"lieff, cabraser, heimann & bernstein",mayer brown,other,,PlaintiffWin,0.8705589588605629,0.8705589588605629,2013
4077413,girard gibbs,mayer brown,other,,PlaintiffWin,0.8705589588605629,0.8705589588605629,2013
4077547,foley & lardner,united states attorney,other,,PlaintiffWin,0.7494846494849616,0.7494846494849616,2013
4077737,perkins coie,united states attorney,civil_rights,,DefendantWin,0.7223847262026236,0.7223847262026236,2013
4090096,hagens berman sobol shapiro,covington & burling,other,,PlaintiffWin,0.8728893053540471,0.8728893053540471,2014
4090096,hagens berman sobol shapiro,latham & watkins,other,,PlaintiffWin,0.8728893053540471,0.8728893053540471,2014
4091963,"boies, schiller & flexner",latham & watkins,other,,PlaintiffWin,0.9534078732901238,0.9534078732901238,2015
4091963,"boies, schiller & flexner","morgan, lewis & bockius",other,,PlaintiffWin,0.9534078732901238,0.9534078732901238,2015
4094351,simpson thacher & bartlett,covington & burling,contract,,PlaintiffWin,0.8000421338386084,0.8000421338386084,2014
4094351,simpson thacher & bartlett,simpson thacher & bartlett,contract,,PlaintiffWin,0.8000421338386084,0.8000421338386084,2014
4119862,block & levitón,united states attorney,other,,PlaintiffWin,0.9776370926064396,0.9776370926064396,2014
4119862,block & levitón,morrison & foerster,other,,PlaintiffWin,0.9776370926064396,0.9776370926064396,2014
4119862,block & levitón,steptoe & johnson,other,,PlaintiffWin,0.9776370926064396,0.9776370926064396,2014
4119862,block & levitón,"milbank, tweed, hadley & mccloy",other,,PlaintiffWin,0.9776370926064396,0.9776370926064396,2014
4119862,block & levitón,cohen milstein sellers & toll,other,,PlaintiffWin,0.9776370926064396,0.9776370926064396,2014
4119862,block & levitón,davis polk & wardwell,other,,PlaintiffWin,0.9776370926064396,0.9776370926064396,2014
4119862,block & levitón,"boies, schiller & flexner",other,,PlaintiffWin,0.9776370926064396,0.9776370926064396,2014
4119862,block & levitón,akin gump strauss hauer & feld,other,,PlaintiffWin,0.9776370926064396,0.9776370926064396,2014
4119862,block & levitón,shearman & sterling,other,,PlaintiffWin,0.9776370926064396,0.9776370926064396,2014
4119862,block & levitón,"gibson, dunn & crutcher",other,,PlaintiffWin,0.9776370926064396,0.9776370926064396,2014
4119862,block & levitón,perkins coie,other,,PlaintiffWin,0.9776370926064396,0.9776370926064396,2014
4119862,block & levitón,dechert,other,,PlaintiffWin,0.9776370926064396,0.9776370926064396,2014
4119862,girard gibbs,united states attorney,other,,PlaintiffWin,0.9776370926064396,0.9776370926064396,2014
4119862,girard gibbs,morrison & foerster,other,,PlaintiffWin,0.9776370926064396,0.9776370926064396,2014
4119862,girard gibbs,steptoe & johnson,other,,PlaintiffWin,0.9776370926064396,0.9776370926064396,2014
4119862,girard gibbs,"milbank, tweed, hadley & mccloy",other,,PlaintiffWin,0.9776370926064396,0.9776370926064396,2014
4119862,girard gibbs,cohen milstein sellers & toll,other,,PlaintiffWin,0.9776370926064396,0.9776370926064396,2014
4119862,girard gibbs,davis polk & wardwell,other,,PlaintiffWin,0.9776370926064396,0.9776370926064396,2014
4119862,girard gibbs,"boies, schiller & flexner",other,,PlaintiffWin,0.9776370926064396,0.9776370926064396,2014
4119862,girard gibbs,akin gump strauss hauer & feld,other,,PlaintiffWin,0.9776370926064396,0.9776370926064396,2014
4119862,girard gibbs,shearman & sterling,other,,PlaintiffWin,0.9776370926064396,0.9776370926064396,2014
4119862,girard gibbs,"gibson, dunn & crutcher",other,,PlaintiffWin,0.9776370926064396,0.9776370926064396,2014
4119862,girard gibbs,perkins coie,other,,PlaintiffWin,0.9776370926064396,0.9776370926064396,2014
4119862,girard gibbs,dechert,other,,PlaintiffWin,0.9776370926064396,0.9776370926064396,2014
4122445,simpson thacher & bartlett,covington & burling,contract,,PlaintiffWin,0.8000421338386084,0.8000421338386084,2014
4122445,simpson thacher & bartlett,simpson thacher & bartlett,contract,,PlaintiffWin,0.8000421338386084,0.8000421338386084,2014
4123930,grant & eisenhofer,"morgan, lewis & bockius",other,,PlaintiffWin,0.8251055177138944,0.8251055177138944,2013
4123930,grant & eisenhofer,"morgan, lewis & bockius",other,,PlaintiffWin,0.8251055177138944,0.8251055177138944,2013
4124328,robbins geller rudman & dowd,dechert,contract,,PlaintiffWin,0.8310353386442939,0.8310353386442939,2013
4125527,grant & eisenhofer,"shook, hardy & bacon",other,,DefendantWin,0.880562122437753,0.880562122437753,2014
4125527,grant & eisenhofer,"boies, schiller & flexner",other,,DefendantWin,0.880562122437753,0.880562122437753,2014
4125527,grant & eisenhofer,skadden arps slate meagher & flom,other,,DefendantWin,0.880562122437753,0.880562122437753,2014
4125527,grant & eisenhofer,quinn emanuel urquhart & sullivan,other,,DefendantWin,0.880562122437753,0.880562122437753,2014
4125527,grant & eisenhofer,"skadden, arps, slate, meagher & flom",other,,DefendantWin,0.880562122437753,0.880562122437753,2014
4125527,grant & eisenhofer,davis polk & wardwell,other,,DefendantWin,0.880562122437753,0.880562122437753,2014
4125527,grant & eisenhofer,"skadden, arps, slate, meagher & flom",other,,DefendantWin,0.880562122437753,0.880562122437753,2014
4125527,grant & eisenhofer,"shook, hardy & bacon",other,,DefendantWin,0.880562122437753,0.880562122437753,2014
4125527,grant & eisenhofer,"shook, hardy & bacon",other,,DefendantWin,0.880562122437753,0.880562122437753,2014
4125527,grant & eisenhofer,"shook, hardy & bacon",other,,DefendantWin,0.880562122437753,0.880562122437753,2014
4125527,grant & eisenhofer,"milbank, tweed, hadley & mccloy",other,,DefendantWin,0.880562122437753,0.880562122437753,2014
4125527,grant & eisenhofer,goodwin procter,other,,DefendantWin,0.880562122437753,0.880562122437753,2014
4125527,grant & eisenhofer,dechert,other,,DefendantWin,0.880562122437753,0.880562122437753,2014
4125527,grant & eisenhofer,sidley austin,other,,DefendantWin,0.880562122437753,0.880562122437753,2014
4125527,lieff cabraser heimann & bernstein,"shook, hardy & bacon",other,,DefendantWin,0.880562122437753,0.880562122437753,2014
4125527,lieff cabraser heimann & bernstein,"boies, schiller & flexner",other,,DefendantWin,0.880562122437753,0.880562122437753,2014
4125527,lieff cabraser heimann & bernstein,skadden arps slate meagher & flom,other,,DefendantWin,0.880562122437753,0.880562122437753,2014
4125527,lieff cabraser heimann & bernstein,quinn emanuel urquhart & sullivan,other,,DefendantWin,0.880562122437753,0.880562122437753,2014
4125527,lieff cabraser heimann & bernstein,"skadden, arps, slate, meagher & flom",other,,DefendantWin,0.880562122437753,0.880562122437753,2014
4125527,lieff cabraser heimann & bernstein,davis polk & wardwell,other,,DefendantWin,0.880562122437753,0.880562122437753,2014
4125527,lieff cabraser heimann & bernstein,"skadden, arps, slate, meagher & flom",other,,DefendantWin,0.880562122437753,0.880562122437753,2014
4125527,lieff cabraser heimann & bernstein,"shook, hardy & bacon",other,,DefendantWin,0.880562122437753,0.880562122437753,2014
4125527,lieff cabraser heimann & bernstein,"shook, hardy & bacon",other,,DefendantWin,0.880562122437753,0.880562122437753,2014
4125527,lieff cabraser heimann & bernstein,"shook, hardy & bacon",other,,DefendantWin,0.880562122437753,0.880562122437753,2014
4125527,lieff cabraser heimann & bernstein,"milbank, tweed, hadley & mccloy",other,,DefendantWin,0.880562122437753,0.880562122437753,2014
4125527,lieff cabraser heimann & bernstein,goodwin procter,other,,DefendantWin,0.880562122437753,0.880562122437753,2014
4125527,lieff cabraser heimann & bernstein,dechert,other,,DefendantWin,0.880562122437753,0.880562122437753,2014
4125527,lieff cabraser heimann & bernstein,sidley austin,other,,DefendantWin,0.880562122437753,0.880562122437753,2014
4125527,hagens berman sobol shapiro,"shook, hardy & bacon",other,,DefendantWin,0.880562122437753,0.880562122437753,2014
4125527,hagens berman sobol shapiro,"boies, schiller & flexner",other,,DefendantWin,0.880562122437753,0.880562122437753,2014
4125527,hagens berman sobol shapiro,skadden arps slate meagher & flom,other,,DefendantWin,0.880562122437753,0.880562122437753,2014
4125527,hagens berman sobol shapiro,quinn emanuel urquhart & sullivan,other,,DefendantWin,0.880562122437753,0.880562122437753,2014
4125527,hagens berman sobol shapiro,"skadden, arps, slate, meagher & flom",other,,DefendantWin,0.880562122437753,0.880562122437753,2014
4125527,hagens berman sobol shapiro,davis polk & wardwell,other,,DefendantWin,0.880562122437753,0.880562122437753,2014
4125527,hagens berman sobol shapiro,"skadden, arps, slate, meagher & flom",other,,DefendantWin,0.880562122437753,0.880562122437753,2014
4125527,hagens berman sobol shapiro,"shook, hardy & bacon",other,,DefendantWin,0.880562122437753,0.880562122437753,2014
4125527,hagens berman sobol shapiro,"shook, hardy & bacon",other,,DefendantWin,0.880562122437753,0.880562122437753,2014
4125527,hagens berman sobol shapiro,"shook, hardy & bacon",other,,DefendantWin,0.880562122437753,0.880562122437753,2014
4125527,hagens berman sobol shapiro,"milbank, tweed, hadley & mccloy",other,,DefendantWin,0.880562122437753,0.880562122437753,2014
4125527,hagens berman sobol shapiro,goodwin procter,other,,DefendantWin,0.880562122437753,0.880562122437753,2014
4125527,hagens berman sobol shapiro,dechert,other,,DefendantWin,0.880562122437753,0.880562122437753,2014
4125527,hagens berman sobol shapiro,sidley austin,other,,DefendantWin,0.880562122437753,0.880562122437753,2014
4125527,blank rome,"shook, hardy & bacon",other,,DefendantWin,0.880562122437753,0.880562122437753,2014
4125527,blank rome,"boies, schiller & flexner",other,,DefendantWin,0.880562122437753,0.880562122437753,2014
4125527,blank rome,skadden arps slate meagher & flom,other,,DefendantWin,0.880562122437753,0.880562122437753,2014
4125527,blank rome,quinn emanuel urquhart & sullivan,other,,DefendantWin,0.880562122437753,0.880562122437753,2014
4125527,blank rome,"skadden, arps, slate, meagher & flom",other,,DefendantWin,0.880562122437753,0.880562122437753,2014
4125527,blank rome,davis polk & wardwell,other,,DefendantWin,0.880562122437753,0.880562122437753,2014
4125527,blank rome,"skadden, arps, slate, meagher & flom",other,,DefendantWin,0.880562122437753,0.880562122437753,2014
4125527,blank rome,"shook, hardy & bacon",other,,DefendantWin,0.880562122437753,0.880562122437753,2014
4125527,blank rome,"shook, hardy & bacon",other,,DefendantWin,0.880562122437753,0.880562122437753,2014
4125527,blank rome,"shook, hardy & bacon",other,,DefendantWin,0.880562122437753,0.880562122437753,2014
4125527,blank rome,"milbank, tweed, hadley & mccloy",other,,DefendantWin,0.880562122437753,0.880562122437753,2014
4125527,blank rome,goodwin procter,other,,DefendantWin,0.880562122437753,0.880562122437753,2014
4125527,blank rome,dechert,other,,DefendantWin,0.880562122437753,0.880562122437753,2014
4125527,blank rome,sidley austin,other,,DefendantWin,0.880562122437753,0.880562122437753,2014
4125867,attorney general,attorney general,other,,PlaintiffWin,0.8684234393190184,0.8684234393190184,2014
4126577,morris & morris,united states attorney,other,,DefendantWin,0.973822692334728,0.973822692334728,2014
4126662,akin gump strauss hauer & feld,attorney general,civil_rights,,DefendantWin,0.5212386049158897,0.5212386049158897,2013
4126662,akin gump strauss hauer & feld,united states attorney,civil_rights,,DefendantWin,0.5212386049158897,0.5212386049158897,2013
4126670,perkins coie,attorney general,civil_rights,,DefendantWin,0.803233860675794,0.803233860675794,2014
4128539,cohen milstein sellers & toll,"morgan, lewis & bockius",labor,,PlaintiffWin,0.6469214768998118,0.6469214768998118,2014
4128539,cohen milstein sellers & toll,"morgan, lewis & bockius",labor,,PlaintiffWin,0.6469214768998118,0.6469214768998118,2014
4128846,kirkland & ellis,attorney general,civil_rights,,DefendantWin,0.7705526897007787,0.7705526897007787,2014
4129862,"gibson, dunn & crutcher",attorney general,civil_rights,,DefendantWin,0.8394748103178182,0.8394748103178182,2014
4129862,"boies, schiller & flexner",attorney general,civil_rights,,DefendantWin,0.8394748103178182,0.8394748103178182,2014
4129862,"boies, schiller & flexner",attorney general,civil_rights,,DefendantWin,0.8394748103178182,0.8394748103178182,2014
4129862,"gibson, dunn & crutcher",attorney general,civil_rights,,DefendantWin,0.8394748103178182,0.8394748103178182,2014
4134204,kaplan fox & kilsheimer,"weil, gotshal & manges",other,,PlaintiffWin,0.988563430838514,0.988563430838514,2014
4136648,kaplan fox & kilsheimer,winston & strawn,other,,PlaintiffWin,0.9606927373521074,0.9606927373521074,2013
4136648,kaplan fox & kilsheimer,"orrick, herrington & sutcliffe",other,,PlaintiffWin,0.9606927373521074,0.9606927373521074,2013
4136648,kaplan fox & kilsheimer,williams & connolly,other,,PlaintiffWin,0.9606927373521074,0.9606927373521074,2013
4136648,kaplan fox & kilsheimer,"weil, gotshal & manges",other,,PlaintiffWin,0.9606927373521074,0.9606927373521074,2013
4136648,kaplan fox & kilsheimer,"orrick, herrington & sutcliffe",other,,PlaintiffWin,0.9606927373521074,0.9606927373521074,2013
4136648,kaplan fox & kilsheimer,davis polk & wardwell,other,,PlaintiffWin,0.9606927373521074,0.9606927373521074,2013
4136648,kaplan fox & kilsheimer,dla piper,other,,PlaintiffWin,0.9606927373521074,0.9606927373521074,2013
4136648,kaplan fox & kilsheimer,sidley austin,other,,PlaintiffWin,0.9606927373521074,0.9606927373521074,2013
4136648,kaplan fox & kilsheimer,mayer brown,other,,PlaintiffWin,0.9606927373521074,0.9606927373521074,2013
4136648,kaplan fox & kilsheimer,greenberg traurig,other,,PlaintiffWin,0.9606927373521074,0.9606927373521074,2013
4136648,kaplan fox & kilsheimer,sidley austin,other,,PlaintiffWin,0.9606927373521074,0.9606927373521074,2013
4137057,dechert,attorney general,civil_rights,,PlaintiffWin,0.8668291953524743,0.8668291953524743,2013
4137357,simpson thacher & bartlett,covington & burling,contract,,PlaintiffWin,0.8000421338386084,0.8000421338386084,2014
4137357,simpson thacher & bartlett,simpson thacher & bartlett,contract,,PlaintiffWin,0.8000421338386084,0.8000421338386084,2014
4137529,buchanan ingersoll & rooney,winston & strawn,other,,PlaintiffWin,0.90001062050288,0.90001062050288,2013
4137556,simpson thacher & bartlett,covington & burling,contract,,PlaintiffWin,0.7955668781733614,0.7955668781733614,2014
4137556,simpson thacher & bartlett,covington & burling,contract,,PlaintiffWin,0.7955668781733614,0.7955668781733614,2014
4137812,fish & richardson,mcdermott will & emery,other,,PlaintiffWin,0.9652496410996424,0.9652496410996424,2014
4137812,fish & richardson,mcdermott will & emery,other,,PlaintiffWin,0.9652496410996424,0.9652496410996424,2014
4137812,fish & richardson,mcdermott will & emery,other,,PlaintiffWin,0.9652496410996424,0.9652496410996424,2014
4137812,fish & richardson,mcdermott will & emery,other,,PlaintiffWin,0.9652496410996424,0.9652496410996424,2014
4141393,winston & strawn,ropes & gray,other,,PlaintiffWin,0.9236572804770976,0.9236572804770976,2014
4141676,scottscott,"morgan, lewis & bockius",labor,,DefendantWin,0.9879584204984692,0.9879584204984692,2013
4141676,scottscott,foley & lardner,labor,,DefendantWin,0.9879584204984692,0.9879584204984692,2013
4141676,scottscott,mcdermott will & emery,labor,,DefendantWin,0.9879584204984692,0.9879584204984692,2013
4143596,"morris, nichols, arsht & tunnell","orrick, herrington & sutcliffe",other,,PlaintiffWin,0.8988146312888694,0.8988146312888694,2013
4143776,"lieff, cabraser, heimann & bernstein","shook, hardy & bacon",torts,,PlaintiffWin,0.5162759878324704,0.5162759878324704,2014
4143776,"lieff, cabraser, heimann & bernstein",arnold & porter,torts,,PlaintiffWin,0.5162759878324704,0.5162759878324704,2014
4143776,"lieff, cabraser, heimann & bernstein","boies, schiller & flexner",torts,,PlaintiffWin,0.5162759878324704,0.5162759878324704,2014
4143776,"lieff, cabraser, heimann & bernstein",greenberg traurig,torts,,PlaintiffWin,0.5162759878324704,0.5162759878324704,2014
4143776,"lieff, cabraser, heimann & bernstein",mayer brown,torts,,PlaintiffWin,0.5162759878324704,0.5162759878324704,2014
4143776,"lieff, cabraser, heimann & bernstein","shook, hardy & bacon",torts,,PlaintiffWin,0.5162759878324704,0.5162759878324704,2014
4143776,"lieff, cabraser, heimann & bernstein",arnold & porter,torts,,PlaintiffWin,0.5162759878324704,0.5162759878324704,2014
4143776,"lieff, cabraser, heimann & bernstein","boies, schiller & flexner",torts,,PlaintiffWin,0.5162759878324704,0.5162759878324704,2014
4143776,"lieff, cabraser, heimann & bernstein",greenberg traurig,torts,,PlaintiffWin,0.5162759878324704,0.5162759878324704,2014
4143776,"lieff, cabraser, heimann & bernstein",mayer brown,torts,,PlaintiffWin,0.5162759878324704,0.5162759878324704,2014
4143776,"lieff, cabraser, heimann & bernstein","shook, hardy & bacon",torts,,PlaintiffWin,0.5162759878324704,0.5162759878324704,2014
4143776,"lieff, cabraser, heimann & bernstein",arnold & porter,torts,,PlaintiffWin,0.5162759878324704,0.5162759878324704,2014
4143776,"lieff, cabraser, heimann & bernstein","boies, schiller & flexner",torts,,PlaintiffWin,0.5162759878324704,0.5162759878324704,2014
4143776,"lieff, cabraser, heimann & bernstein",greenberg traurig,torts,,PlaintiffWin,0.5162759878324704,0.5162759878324704,2014
4143776,"lieff, cabraser, heimann & bernstein",mayer brown,torts,,PlaintiffWin,0.5162759878324704,0.5162759878324704,2014
4153041,"orrick, herrington & sutcliffe",greenberg traurig,other,,DefendantWin,0.8888805500027864,0.8888805500027864,2015
4153041,morrison & foerster,greenberg traurig,other,,DefendantWin,0.8888805500027864,0.8888805500027864,2015
4153041,shearman & sterling,greenberg traurig,other,,DefendantWin,0.8888805500027864,0.8888805500027864,2015
4153041,"boies, schiller & flexner",greenberg traurig,other,,DefendantWin,0.8888805500027864,0.8888805500027864,2015
4153041,"orrick, herrington & sutcliffe",greenberg traurig,other,,DefendantWin,0.8888805500027864,0.8888805500027864,2015
4153041,"orrick, herrington & sutcliffe",greenberg traurig,other,,DefendantWin,0.8888805500027864,0.8888805500027864,2015
4153339,latham & watkins,perkins coie,other,,PlaintiffWin,0.7467159507817129,0.7467159507817129,2015
4153626,attorney general,morrison & foerster,other,,DefendantWin,0.8652139388470471,0.8652139388470471,2015
4153626,attorney general,morrison & foerster,other,,DefendantWin,0.8652139388470471,0.8652139388470471,2015
4154059,blank rome,"morris, nichols, arsht & tunnell",other,,PlaintiffWin,0.9289248214836952,0.9289248214836952,2015
4159912,venable,united states attorney,other,,PlaintiffWin,0.9388228323384056,0.9388228323384056,2015
4160628,shapiro haber & urmy,ropes & gray,other,,PlaintiffWin,0.9746647296632576,0.9746647296632576,2015
4165203,dechert,kirkland & ellis,other,,PlaintiffWin,0.905122474076662,0.905122474076662,2014
4165203,dechert,kirkland & ellis,other,,PlaintiffWin,0.905122474076662,0.905122474076662,2014
4165203,dechert,"morris, nichols, arsht & tunnell",other,,PlaintiffWin,0.905122474076662,0.905122474076662,2014
4165203,dechert,kirkland & ellis,other,,PlaintiffWin,0.905122474076662,0.905122474076662,2014
4165203,dechert,kirkland & ellis,other,,PlaintiffWin,0.905122474076662,0.905122474076662,2014
4165203,dechert,"morris, nichols, arsht & tunnell",other,,PlaintiffWin,0.905122474076662,0.905122474076662,2014
4165967,jenner & block,fish & richardson,other,,PlaintiffWin,0.9323886763453896,0.9323886763453896,2014
4168184,mcdermott will & emery,attorney general,civil_rights,,PlaintiffWin,0.6162365111432901,0.3837634888567098,2014
4169415,cohen milstein sellers & toll,jenner & block,labor,,PlaintiffWin,0.9670490670698778,0.9670490670698778,2014
4171181,kirkland & ellis,attorney general,civil_rights,,DefendantWin,0.6664124179256488,0.6664124179256488,2013
4171181,kirkland & ellis,venable,civil_rights,,DefendantWin,0.6664124179256488,0.6664124179256488,2013
4171488,morrison & foerster,attorney general,other,,PlaintiffWin,0.91934650804129,0.91934650804129,2013
4171488,morrison & foerster,sheppard mullin richter & hampton,other,,PlaintiffWin,0.91934650804129,0.91934650804129,2013
4172245,blank rome,"paul, weiss, rifkind, wharton & garrison",other,,PlaintiffWin,0.9292568180065616,0.9292568180065616,2013
4172245,blank rome,"paul, weiss, rifkind, wharton & garrison",other,,PlaintiffWin,0.9292568180065616,0.9292568180065616,2013
4172245,blank rome,"paul, weiss, rifkind, wharton & garrison",other,,PlaintiffWin,0.9292568180065616,0.9292568180065616,2013
4172917,greenberg traurig,attorney general,civil_rights,,PlaintiffWin,0.8390604344448338,0.8390604344448338,2014
4173978,grant & eisenhofer,kirkland & ellis,other,,PlaintiffWin,0.6775787728081215,0.6775787728081215,2014
4173978,grant & eisenhofer,patterson belknap webb & tyler,other,,PlaintiffWin,0.6775787728081215,0.6775787728081215,2014
4175764,steptoe & johnson,attorney general,civil_rights,,PlaintiffWin,0.6228028461274695,0.6228028461274695,2014
4177711,fish & richardson,wilmer cutler pickering hale & dor,other,,PlaintiffWin,0.7063153732566836,0.7063153732566836,2015
4178093,hagens berman sobol shapiro,quinn emanuel urquhart & sullivan,contract,,PlaintiffWin,0.809219411824423,0.809219411824423,2015
4178093,hagens berman sobol shapiro,quinn emanuel urquhart & sullivan,contract,,PlaintiffWin,0.809219411824423,0.809219411824423,2015
4178093,hagens berman sobol shapiro,dechert,contract,,PlaintiffWin,0.809219411824423,0.809219411824423,2015
4178093,hagens berman sobol shapiro,quinn emanuel urquhart & sullivan,contract,,PlaintiffWin,0.809219411824423,0.809219411824423,2015
4178093,hagens berman sobol shapiro,quinn emanuel urquhart & sullivan,contract,,PlaintiffWin,0.809219411824423,0.809219411824423,2015
4178093,hagens berman sobol shapiro,dechert,contract,,PlaintiffWin,0.809219411824423,0.809219411824423,2015
4178392,katten muchin rosenman,"boies, schiller & flexner",other,,PlaintiffWin,0.8396044174968235,0.8396044174968235,2015
4178625,cohen milstein sellers & toll,latham & watkins,other,,PlaintiffWin,0.8779925101551398,0.8779925101551398,2014
4179117,jenner & block,attorney general,civil_rights,,DefendantWin,0.7730172378403092,0.7730172378403092,2014
4179939,o’melveny & myers,covington & burling,contract,,PlaintiffWin,0.5850725706962258,0.5850725706962258,2015
4192225,hausfeld,attorney general,civil_rights,,PlaintiffWin,0.901838797798313,0.901838797798313,2014
4192295,dechert,kirkland & ellis,other,,PlaintiffWin,0.9429597012620208,0.9429597012620208,2014
4192531,"gibson, dunn & crutcher",quinn emanuel urquhart & sullivan,other,,DefendantWin,0.918095087197454,0.918095087197454,2014
4192531,"gibson, dunn & crutcher",quinn emanuel urquhart & sullivan,other,,DefendantWin,0.918095087197454,0.918095087197454,2014
4192531,"gibson, dunn & crutcher",williams & connolly,other,,DefendantWin,0.918095087197454,0.918095087197454,2014
4192531,"gibson, dunn & crutcher",sheppard mullin richter & hampton,other,,DefendantWin,0.918095087197454,0.918095087197454,2014
4192531,"gibson, dunn & crutcher",quinn emanuel urquhart & sullivan,other,,DefendantWin,0.918095087197454,0.918095087197454,2014
4192531,"gibson, dunn & crutcher",quinn emanuel urquhart & sullivan,other,,DefendantWin,0.918095087197454,0.918095087197454,2014
4192531,"gibson, dunn & crutcher",williams & connolly,other,,DefendantWin,0.918095087197454,0.918095087197454,2014
4192531,"gibson, dunn & crutcher",sheppard mullin richter & hampton,other,,DefendantWin,0.918095087197454,0.918095087197454,2014
4192531,"gibson, dunn & crutcher",quinn emanuel urquhart & sullivan,other,,DefendantWin,0.918095087197454,0.918095087197454,2014
4192531,"gibson, dunn & crutcher",quinn emanuel urquhart & sullivan,other,,DefendantWin,0.918095087197454,0.918095087197454,2014
4192531,"gibson, dunn & crutcher",williams & connolly,other,,DefendantWin,0.918095087197454,0.918095087197454,2014
4192531,"gibson, dunn & crutcher",sheppard mullin richter & hampton,other,,DefendantWin,0.918095087197454,0.918095087197454,2014
4192531,morrison & foerster,quinn emanuel urquhart & sullivan,other,,DefendantWin,0.918095087197454,0.918095087197454,2014
4192531,morrison & foerster,quinn emanuel urquhart & sullivan,other,,DefendantWin,0.918095087197454,0.918095087197454,2014
4192531,morrison & foerster,williams & connolly,other,,DefendantWin,0.918095087197454,0.918095087197454,2014
4192531,morrison & foerster,sheppard mullin richter & hampton,other,,DefendantWin,0.918095087197454,0.918095087197454,2014
4192531,morrison & foerster,quinn emanuel urquhart & sullivan,other,,DefendantWin,0.918095087197454,0.918095087197454,2014
4192531,morrison & foerster,quinn emanuel urquhart & sullivan,other,,DefendantWin,0.918095087197454,0.918095087197454,2014
4192531,morrison & foerster,williams & connolly,other,,DefendantWin,0.918095087197454,0.918095087197454,2014
4192531,morrison & foerster,sheppard mullin richter & hampton,other,,DefendantWin,0.918095087197454,0.918095087197454,2014
4192531,morrison & foerster,quinn emanuel urquhart & sullivan,other,,DefendantWin,0.918095087197454,0.918095087197454,2014
4192531,morrison & foerster,quinn emanuel urquhart & sullivan,other,,DefendantWin,0.918095087197454,0.918095087197454,2014
4192531,morrison & foerster,williams & connolly,other,,DefendantWin,0.918095087197454,0.918095087197454,2014
4192531,morrison & foerster,sheppard mullin richter & hampton,other,,DefendantWin,0.918095087197454,0.918095087197454,2014
4192531,"gibson, dunn & crutcher",quinn emanuel urquhart & sullivan,other,,DefendantWin,0.918095087197454,0.918095087197454,2014
4192531,"gibson, dunn & crutcher",quinn emanuel urquhart & sullivan,other,,DefendantWin,0.918095087197454,0.918095087197454,2014
4192531,"gibson, dunn & crutcher",williams & connolly,other,,DefendantWin,0.918095087197454,0.918095087197454,2014
4192531,"gibson, dunn & crutcher",sheppard mullin richter & hampton,other,,DefendantWin,0.918095087197454,0.918095087197454,2014
4192531,morrison & foerster,quinn emanuel urquhart & sullivan,other,,DefendantWin,0.918095087197454,0.918095087197454,2014
4192531,morrison & foerster,quinn emanuel urquhart & sullivan,other,,DefendantWin,0.918095087197454,0.918095087197454,2014
4192531,morrison & foerster,williams & connolly,other,,DefendantWin,0.918095087197454,0.918095087197454,2014
4192531,morrison & foerster,sheppard mullin richter & hampton,other,,DefendantWin,0.918095087197454,0.918095087197454,2014
4192531,"morgan, lewis & bockius",quinn emanuel urquhart & sullivan,other,,DefendantWin,0.918095087197454,0.918095087197454,2014
4192531,"morgan, lewis & bockius",quinn emanuel urquhart & sullivan,other,,DefendantWin,0.918095087197454,0.918095087197454,2014
4192531,"morgan, lewis & bockius",williams & connolly,other,,DefendantWin,0.918095087197454,0.918095087197454,2014
4192531,"morgan, lewis & bockius",sheppard mullin richter & hampton,other,,DefendantWin,0.918095087197454,0.918095087197454,2014
4193390,cuneo gilbert & laduca,morrison & foerster,other,,PlaintiffWin,0.9789880479437876,0.9789880479437876,2013
4193390,cuneo gilbert & laduca,morrison & foerster,other,,PlaintiffWin,0.9789880479437876,0.9789880479437876,2013
4193989,robbins geller rudman & dowd,locke lord bissell & liddell,other,,PlaintiffWin,0.978065476588019,0.978065476588019,2014
4193989,robbins geller rudman & dowd,sheppard mullin richter & hampton,other,,PlaintiffWin,0.978065476588019,0.978065476588019,2014
4193989,robbins geller rudman & dowd,locke lord bissell & liddell,other,,PlaintiffWin,0.978065476588019,0.978065476588019,2014
4193989,robbins geller rudman & dowd,sheppard mullin richter & hampton,other,,PlaintiffWin,0.978065476588019,0.978065476588019,2014
4194116,hughes hubbard & reed,o’melveny & myers,labor,,DefendantWin,0.96107330016268,0.96107330016268,2013
4194116,hughes hubbard & reed,o’melveny & myers,labor,,DefendantWin,0.96107330016268,0.96107330016268,2013
4196442,freed kanner london & millen,kirkland & ellis,other,,PlaintiffWin,0.9259060865786248,0.9259060865786248,2014
4196442,freed kanner london & millen,covington & burling,other,,PlaintiffWin,0.9259060865786248,0.9259060865786248,2014
4196442,freed kanner london & millen,latham & watkins,other,,PlaintiffWin,0.9259060865786248,0.9259060865786248,2014
4196442,freed kanner london & millen,covington & burling,other,,PlaintiffWin,0.9259060865786248,0.9259060865786248,2014
4196442,freed kanner london & millen,"skadden, arps, slate, meagher & flom",other,,PlaintiffWin,0.9259060865786248,0.9259060865786248,2014
4196442,freed kanner london & millen,steptoe & johnson,other,,PlaintiffWin,0.9259060865786248,0.9259060865786248,2014
4196442,freed kanner london & millen,condon & forsyth,other,,PlaintiffWin,0.9259060865786248,0.9259060865786248,2014
4196442,freed kanner london & millen,"cravath, swaine & moore",other,,PlaintiffWin,0.9259060865786248,0.9259060865786248,2014
4196442,freed kanner london & millen,hogan lovells us,other,,PlaintiffWin,0.9259060865786248,0.9259060865786248,2014
4196442,freed kanner london & millen,mayer brown,other,,PlaintiffWin,0.9259060865786248,0.9259060865786248,2014
4196442,freed kanner london & millen,dla piper us,other,,PlaintiffWin,0.9259060865786248,0.9259060865786248,2014
4196442,freed kanner london & millen,shriver & jacobso,other,,PlaintiffWin,0.9259060865786248,0.9259060865786248,2014
4196442,freed kanner london & millen,dla piper,other,,PlaintiffWin,0.9259060865786248,0.9259060865786248,2014
4196442,freed kanner london & millen,shriver & jacobso,other,,PlaintiffWin,0.9259060865786248,0.9259060865786248,2014
4196442,freed kanner london & millen,condon & forsyth,other,,PlaintiffWin,0.9259060865786248,0.9259060865786248,2014
4196442,cuneo gilbert & laduca,kirkland & ellis,other,,PlaintiffWin,0.9259060865786248,0.9259060865786248,2014
4196442,cuneo gilbert & laduca,covington & burling,other,,PlaintiffWin,0.9259060865786248,0.9259060865786248,2014
4196442,cuneo gilbert & laduca,latham & watkins,other,,PlaintiffWin,0.9259060865786248,0.9259060865786248,2014
4196442,cuneo gilbert & laduca,covington & burling,other,,PlaintiffWin,0.9259060865786248,0.9259060865786248,2014
4196442,cuneo gilbert & laduca,"skadden, arps, slate, meagher & flom",other,,PlaintiffWin,0.9259060865786248,0.9259060865786248,2014
4196442,cuneo gilbert & laduca,steptoe & johnson,other,,PlaintiffWin,0.9259060865786248,0.9259060865786248,2014
4196442,cuneo gilbert & laduca,condon & forsyth,other,,PlaintiffWin,0.9259060865786248,0.9259060865786248,2014
4196442,cuneo gilbert & laduca,"cravath, swaine & moore",other,,PlaintiffWin,0.9259060865786248,0.9259060865786248,2014
4196442,cuneo gilbert & laduca,hogan lovells us,other,,PlaintiffWin,0.9259060865786248,0.9259060865786248,2014
4196442,cuneo gilbert & laduca,mayer brown,other,,PlaintiffWin,0.9259060865786248,0.9259060865786248,2014
4196442,cuneo gilbert & laduca,dla piper us,other,,PlaintiffWin,0.9259060865786248,0.9259060865786248,2014
4196442,cuneo gilbert & laduca,shriver & jacobso,other,,PlaintiffWin,0.9259060865786248,0.9259060865786248,2014
4196442,cuneo gilbert & laduca,dla piper,other,,PlaintiffWin,0.9259060865786248,0.9259060865786248,2014
4196442,cuneo gilbert & laduca,shriver & jacobso,other,,PlaintiffWin,0.9259060865786248,0.9259060865786248,2014
4196442,cuneo gilbert & laduca,condon & forsyth,other,,PlaintiffWin,0.9259060865786248,0.9259060865786248,2014
4196442,glancy binkow & goldberg,kirkland & ellis,other,,PlaintiffWin,0.9259060865786248,0.9259060865786248,2014
4196442,glancy binkow & goldberg,covington & burling,other,,PlaintiffWin,0.9259060865786248,0.9259060865786248,2014
4196442,glancy binkow & goldberg,latham & watkins,other,,PlaintiffWin,0.9259060865786248,0.9259060865786248,2014
4196442,glancy binkow & goldberg,covington & burling,other,,PlaintiffWin,0.9259060865786248,0.9259060865786248,2014
4196442,glancy binkow & goldberg,"skadden, arps, slate, meagher & flom",other,,PlaintiffWin,0.9259060865786248,0.9259060865786248,2014
4196442,glancy binkow & goldberg,steptoe & johnson,other,,PlaintiffWin,0.9259060865786248,0.9259060865786248,2014
4196442,glancy binkow & goldberg,condon & forsyth,other,,PlaintiffWin,0.9259060865786248,0.9259060865786248,2014
4196442,glancy binkow & goldberg,"cravath, swaine & moore",other,,PlaintiffWin,0.9259060865786248,0.9259060865786248,2014
4196442,glancy binkow & goldberg,hogan lovells us,other,,PlaintiffWin,0.9259060865786248,0.9259060865786248,2014
4196442,glancy binkow & goldberg,mayer brown,other,,PlaintiffWin,0.9259060865786248,0.9259060865786248,2014
4196442,glancy binkow & goldberg,dla piper us,other,,PlaintiffWin,0.9259060865786248,0.9259060865786248,2014
4196442,glancy binkow & goldberg,shriver & jacobso,other,,PlaintiffWin,0.9259060865786248,0.9259060865786248,2014
4196442,glancy binkow & goldberg,dla piper,other,,PlaintiffWin,0.9259060865786248,0.9259060865786248,2014
4196442,glancy binkow & goldberg,shriver & jacobso,other,,PlaintiffWin,0.9259060865786248,0.9259060865786248,2014
4196442,glancy binkow & goldberg,condon & forsyth,other,,PlaintiffWin,0.9259060865786248,0.9259060865786248,2014
4196442,glancy binkow & goldberg,kirkland & ellis,other,,PlaintiffWin,0.9259060865786248,0.9259060865786248,2014
4196442,glancy binkow & goldberg,covington & burling,other,,PlaintiffWin,0.9259060865786248,0.9259060865786248,2014
4196442,glancy binkow & goldberg,latham & watkins,other,,PlaintiffWin,0.9259060865786248,0.9259060865786248,2014
4196442,glancy binkow & goldberg,covington & burling,other,,PlaintiffWin,0.9259060865786248,0.9259060865786248,2014
4196442,glancy binkow & goldberg,"skadden, arps, slate, meagher & flom",other,,PlaintiffWin,0.9259060865786248,0.9259060865786248,2014
4196442,glancy binkow & goldberg,steptoe & johnson,other,,PlaintiffWin,0.9259060865786248,0.9259060865786248,2014
4196442,glancy binkow & goldberg,condon & forsyth,other,,PlaintiffWin,0.9259060865786248,0.9259060865786248,2014
4196442,glancy binkow & goldberg,"cravath, swaine & moore",other,,PlaintiffWin,0.9259060865786248,0.9259060865786248,2014
4196442,glancy binkow & goldberg,hogan lovells us,other,,PlaintiffWin,0.9259060865786248,0.9259060865786248,2014
4196442,glancy binkow & goldberg,mayer brown,other,,PlaintiffWin,0.9259060865786248,0.9259060865786248,2014
4196442,glancy binkow & goldberg,dla piper us,other,,PlaintiffWin,0.9259060865786248,0.9259060865786248,2014
4196442,glancy binkow & goldberg,shriver & jacobso,other,,PlaintiffWin,0.9259060865786248,0.9259060865786248,2014
4196442,glancy binkow & goldberg,dla piper,other,,PlaintiffWin,0.9259060865786248,0.9259060865786248,2014
4196442,glancy binkow & goldberg,shriver & jacobso,other,,PlaintiffWin,0.9259060865786248,0.9259060865786248,2014
4196442,glancy binkow & goldberg,condon & forsyth,other,,PlaintiffWin,0.9259060865786248,0.9259060865786248,2014
4196442,kaplan fox & kilsheimer,kirkland & ellis,other,,PlaintiffWin,0.9259060865786248,0.9259060865786248,2014
4196442,kaplan fox & kilsheimer,covington & burling,other,,PlaintiffWin,0.9259060865786248,0.9259060865786248,2014
4196442,kaplan fox & kilsheimer,latham & watkins,other,,PlaintiffWin,0.9259060865786248,0.9259060865786248,2014
4196442,kaplan fox & kilsheimer,covington & burling,other,,PlaintiffWin,0.9259060865786248,0.9259060865786248,2014
4196442,kaplan fox & kilsheimer,"skadden, arps, slate, meagher & flom",other,,PlaintiffWin,0.9259060865786248,0.9259060865786248,2014
4196442,kaplan fox & kilsheimer,steptoe & johnson,other,,PlaintiffWin,0.9259060865786248,0.9259060865786248,2014
4196442,kaplan fox & kilsheimer,condon & forsyth,other,,PlaintiffWin,0.9259060865786248,0.9259060865786248,2014
4196442,kaplan fox & kilsheimer,"cravath, swaine & moore",other,,PlaintiffWin,0.9259060865786248,0.9259060865786248,2014
4196442,kaplan fox & kilsheimer,hogan lovells us,other,,PlaintiffWin,0.9259060865786248,0.9259060865786248,2014
4196442,kaplan fox & kilsheimer,mayer brown,other,,PlaintiffWin,0.9259060865786248,0.9259060865786248,2014
4196442,kaplan fox & kilsheimer,dla piper us,other,,PlaintiffWin,0.9259060865786248,0.9259060865786248,2014
4196442,kaplan fox & kilsheimer,shriver & jacobso,other,,PlaintiffWin,0.9259060865786248,0.9259060865786248,2014
4196442,kaplan fox & kilsheimer,dla piper,other,,PlaintiffWin,0.9259060865786248,0.9259060865786248,2014
4196442,kaplan fox & kilsheimer,shriver & jacobso,other,,PlaintiffWin,0.9259060865786248,0.9259060865786248,2014
4196442,kaplan fox & kilsheimer,condon & forsyth,other,,PlaintiffWin,0.9259060865786248,0.9259060865786248,2014
4196442,lockridge grindal ñauen p,kirkland & ellis,other,,PlaintiffWin,0.9259060865786248,0.9259060865786248,2014
4196442,lockridge grindal ñauen p,covington & burling,other,,PlaintiffWin,0.9259060865786248,0.9259060865786248,2014
4196442,lockridge grindal ñauen p,latham & watkins,other,,PlaintiffWin,0.9259060865786248,0.9259060865786248,2014
4196442,lockridge grindal ñauen p,covington & burling,other,,PlaintiffWin,0.9259060865786248,0.9259060865786248,2014
4196442,lockridge grindal ñauen p,"skadden, arps, slate, meagher & flom",other,,PlaintiffWin,0.9259060865786248,0.9259060865786248,2014
4196442,lockridge grindal ñauen p,steptoe & johnson,other,,PlaintiffWin,0.9259060865786248,0.9259060865786248,2014
4196442,lockridge grindal ñauen p,condon & forsyth,other,,PlaintiffWin,0.9259060865786248,0.9259060865786248,2014
4196442,lockridge grindal ñauen p,"cravath, swaine & moore",other,,PlaintiffWin,0.9259060865786248,0.9259060865786248,2014
4196442,lockridge grindal ñauen p,hogan lovells us,other,,PlaintiffWin,0.9259060865786248,0.9259060865786248,2014
4196442,lockridge grindal ñauen p,mayer brown,other,,PlaintiffWin,0.9259060865786248,0.9259060865786248,2014
4196442,lockridge grindal ñauen p,dla piper us,other,,PlaintiffWin,0.9259060865786248,0.9259060865786248,2014
4196442,lockridge grindal ñauen p,shriver & jacobso,other,,PlaintiffWin,0.9259060865786248,0.9259060865786248,2014
4196442,lockridge grindal ñauen p,dla piper,other,,PlaintiffWin,0.9259060865786248,0.9259060865786248,2014
4196442,lockridge grindal ñauen p,shriver & jacobso,other,,PlaintiffWin,0.9259060865786248,0.9259060865786248,2014
4196442,lockridge grindal ñauen p,condon & forsyth,other,,PlaintiffWin,0.9259060865786248,0.9259060865786248,2014
4196442,susman godfrey,kirkland & ellis,other,,PlaintiffWin,0.9259060865786248,0.9259060865786248,2014
4196442,susman godfrey,covington & burling,other,,PlaintiffWin,0.9259060865786248,0.9259060865786248,2014
4196442,susman godfrey,latham & watkins,other,,PlaintiffWin,0.9259060865786248,0.9259060865786248,2014
4196442,susman godfrey,covington & burling,other,,PlaintiffWin,0.9259060865786248,0.9259060865786248,2014
4196442,susman godfrey,"skadden, arps, slate, meagher & flom",other,,PlaintiffWin,0.9259060865786248,0.9259060865786248,2014
4196442,susman godfrey,steptoe & johnson,other,,PlaintiffWin,0.9259060865786248,0.9259060865786248,2014
4196442,susman godfrey,condon & forsyth,other,,PlaintiffWin,0.9259060865786248,0.9259060865786248,2014
4196442,susman godfrey,"cravath, swaine & moore",other,,PlaintiffWin,0.9259060865786248,0.9259060865786248,2014
4196442,susman godfrey,hogan lovells us,other,,PlaintiffWin,0.9259060865786248,0.9259060865786248,2014
4196442,susman godfrey,mayer brown,other,,PlaintiffWin,0.9259060865786248,0.9259060865786248,2014
4196442,susman godfrey,dla piper us,other,,PlaintiffWin,0.9259060865786248,0.9259060865786248,2014
4196442,susman godfrey,shriver & jacobso,other,,PlaintiffWin,0.9259060865786248,0.9259060865786248,2014
4196442,susman godfrey,dla piper,other,,PlaintiffWin,0.9259060865786248,0.9259060865786248,2014
4196442,susman godfrey,shriver & jacobso,other,,PlaintiffWin,0.9259060865786248,0.9259060865786248,2014
4196442,susman godfrey,condon & forsyth,other,,PlaintiffWin,0.9259060865786248,0.9259060865786248,2014
4196442,hausfeld,kirkland & ellis,other,,PlaintiffWin,0.9259060865786248,0.9259060865786248,2014
4196442,hausfeld,covington & burling,other,,PlaintiffWin,0.9259060865786248,0.9259060865786248,2014
4196442,hausfeld,latham & watkins,other,,PlaintiffWin,0.9259060865786248,0.9259060865786248,2014
4196442,hausfeld,covington & burling,other,,PlaintiffWin,0.9259060865786248,0.9259060865786248,2014
4196442,hausfeld,"skadden, arps, slate, meagher & flom",other,,PlaintiffWin,0.9259060865786248,0.9259060865786248,2014
4196442,hausfeld,steptoe & johnson,other,,PlaintiffWin,0.9259060865786248,0.9259060865786248,2014
4196442,hausfeld,condon & forsyth,other,,PlaintiffWin,0.9259060865786248,0.9259060865786248,2014
4196442,hausfeld,"cravath, swaine & moore",other,,PlaintiffWin,0.9259060865786248,0.9259060865786248,2014
4196442,hausfeld,hogan lovells us,other,,PlaintiffWin,0.9259060865786248,0.9259060865786248,2014
4196442,hausfeld,mayer brown,other,,PlaintiffWin,0.9259060865786248,0.9259060865786248,2014
4196442,hausfeld,dla piper us,other,,PlaintiffWin,0.9259060865786248,0.9259060865786248,2014
4196442,hausfeld,shriver & jacobso,other,,PlaintiffWin,0.9259060865786248,0.9259060865786248,2014
4196442,hausfeld,dla piper,other,,PlaintiffWin,0.9259060865786248,0.9259060865786248,2014
4196442,hausfeld,shriver & jacobso,other,,PlaintiffWin,0.9259060865786248,0.9259060865786248,2014
4196442,hausfeld,condon & forsyth,other,,PlaintiffWin,0.9259060865786248,0.9259060865786248,2014
4196442,labaton sucharow,kirkland & ellis,other,,PlaintiffWin,0.9259060865786248,0.9259060865786248,2014
4196442,labaton sucharow,covington & burling,other,,PlaintiffWin,0.9259060865786248,0.9259060865786248,2014
4196442,labaton sucharow,latham & watkins,other,,PlaintiffWin,0.9259060865786248,0.9259060865786248,2014
4196442,labaton sucharow,covington & burling,other,,PlaintiffWin,0.9259060865786248,0.9259060865786248,2014
4196442,labaton sucharow,"skadden, arps, slate, meagher & flom",other,,PlaintiffWin,0.9259060865786248,0.9259060865786248,2014
4196442,labaton sucharow,steptoe & johnson,other,,PlaintiffWin,0.9259060865786248,0.9259060865786248,2014
4196442,labaton sucharow,condon & forsyth,other,,PlaintiffWin,0.9259060865786248,0.9259060865786248,2014
4196442,labaton sucharow,"cravath, swaine & moore",other,,PlaintiffWin,0.9259060865786248,0.9259060865786248,2014
4196442,labaton sucharow,hogan lovells us,other,,PlaintiffWin,0.9259060865786248,0.9259060865786248,2014
4196442,labaton sucharow,mayer brown,other,,PlaintiffWin,0.9259060865786248,0.9259060865786248,2014
4196442,labaton sucharow,dla piper us,other,,PlaintiffWin,0.9259060865786248,0.9259060865786248,2014
4196442,labaton sucharow,shriver & jacobso,other,,PlaintiffWin,0.9259060865786248,0.9259060865786248,2014
4196442,labaton sucharow,dla piper,other,,PlaintiffWin,0.9259060865786248,0.9259060865786248,2014
4196442,labaton sucharow,shriver & jacobso,other,,PlaintiffWin,0.9259060865786248,0.9259060865786248,2014
4196442,labaton sucharow,condon & forsyth,other,,PlaintiffWin,0.9259060865786248,0.9259060865786248,2014
4196442,susman godfrey,kirkland & ellis,other,,PlaintiffWin,0.9259060865786248,0.9259060865786248,2014
4196442,susman godfrey,covington & burling,other,,PlaintiffWin,0.9259060865786248,0.9259060865786248,2014
4196442,susman godfrey,latham & watkins,other,,PlaintiffWin,0.9259060865786248,0.9259060865786248,2014
4196442,susman godfrey,covington & burling,other,,PlaintiffWin,0.9259060865786248,0.9259060865786248,2014
4196442,susman godfrey,"skadden, arps, slate, meagher & flom",other,,PlaintiffWin,0.9259060865786248,0.9259060865786248,2014
4196442,susman godfrey,steptoe & johnson,other,,PlaintiffWin,0.9259060865786248,0.9259060865786248,2014
4196442,susman godfrey,condon & forsyth,other,,PlaintiffWin,0.9259060865786248,0.9259060865786248,2014
4196442,susman godfrey,"cravath, swaine & moore",other,,PlaintiffWin,0.9259060865786248,0.9259060865786248,2014
4196442,susman godfrey,hogan lovells us,other,,PlaintiffWin,0.9259060865786248,0.9259060865786248,2014
4196442,susman godfrey,mayer brown,other,,PlaintiffWin,0.9259060865786248,0.9259060865786248,2014
4196442,susman godfrey,dla piper us,other,,PlaintiffWin,0.9259060865786248,0.9259060865786248,2014
4196442,susman godfrey,shriver & jacobso,other,,PlaintiffWin,0.9259060865786248,0.9259060865786248,2014
4196442,susman godfrey,dla piper,other,,PlaintiffWin,0.9259060865786248,0.9259060865786248,2014
4196442,susman godfrey,shriver & jacobso,other,,PlaintiffWin,0.9259060865786248,0.9259060865786248,2014
4196442,susman godfrey,condon & forsyth,other,,PlaintiffWin,0.9259060865786248,0.9259060865786248,2014
4196442,girard gibbs,kirkland & ellis,other,,PlaintiffWin,0.9259060865786248,0.9259060865786248,2014
4196442,girard gibbs,covington & burling,other,,PlaintiffWin,0.9259060865786248,0.9259060865786248,2014
4196442,girard gibbs,latham & watkins,other,,PlaintiffWin,0.9259060865786248,0.9259060865786248,2014
4196442,girard gibbs,covington & burling,other,,PlaintiffWin,0.9259060865786248,0.9259060865786248,2014
4196442,girard gibbs,"skadden, arps, slate, meagher & flom",other,,PlaintiffWin,0.9259060865786248,0.9259060865786248,2014
4196442,girard gibbs,steptoe & johnson,other,,PlaintiffWin,0.9259060865786248,0.9259060865786248,2014
4196442,girard gibbs,condon & forsyth,other,,PlaintiffWin,0.9259060865786248,0.9259060865786248,2014
4196442,girard gibbs,"cravath, swaine & moore",other,,PlaintiffWin,0.9259060865786248,0.9259060865786248,2014
4196442,girard gibbs,hogan lovells us,other,,PlaintiffWin,0.9259060865786248,0.9259060865786248,2014
4196442,girard gibbs,mayer brown,other,,PlaintiffWin,0.9259060865786248,0.9259060865786248,2014
4196442,girard gibbs,dla piper us,other,,PlaintiffWin,0.9259060865786248,0.9259060865786248,2014
4196442,girard gibbs,shriver & jacobso,other,,PlaintiffWin,0.9259060865786248,0.9259060865786248,2014
4196442,girard gibbs,dla piper,other,,PlaintiffWin,0.9259060865786248,0.9259060865786248,2014
4196442,girard gibbs,shriver & jacobso,other,,PlaintiffWin,0.9259060865786248,0.9259060865786248,2014
4196442,girard gibbs,condon & forsyth,other,,PlaintiffWin,0.9259060865786248,0.9259060865786248,2014
4196442,cotchett pitre & mccarthy,kirkland & ellis,other,,PlaintiffWin,0.9259060865786248,0.9259060865786248,2014
4196442,cotchett pitre & mccarthy,covington & burling,other,,PlaintiffWin,0.9259060865786248,0.9259060865786248,2014
4196442,cotchett pitre & mccarthy,latham & watkins,other,,PlaintiffWin,0.9259060865786248,0.9259060865786248,2014
4196442,cotchett pitre & mccarthy,covington & burling,other,,PlaintiffWin,0.9259060865786248,0.9259060865786248,2014
4196442,cotchett pitre & mccarthy,"skadden, arps, slate, meagher & flom",other,,PlaintiffWin,0.9259060865786248,0.9259060865786248,2014
4196442,cotchett pitre & mccarthy,steptoe & johnson,other,,PlaintiffWin,0.9259060865786248,0.9259060865786248,2014
4196442,cotchett pitre & mccarthy,condon & forsyth,other,,PlaintiffWin,0.9259060865786248,0.9259060865786248,2014
4196442,cotchett pitre & mccarthy,"cravath, swaine & moore",other,,PlaintiffWin,0.9259060865786248,0.9259060865786248,2014
4196442,cotchett pitre & mccarthy,hogan lovells us,other,,PlaintiffWin,0.9259060865786248,0.9259060865786248,2014
4196442,cotchett pitre & mccarthy,mayer brown,other,,PlaintiffWin,0.9259060865786248,0.9259060865786248,2014
4196442,cotchett pitre & mccarthy,dla piper us,other,,PlaintiffWin,0.9259060865786248,0.9259060865786248,2014
4196442,cotchett pitre & mccarthy,shriver & jacobso,other,,PlaintiffWin,0.9259060865786248,0.9259060865786248,2014
4196442,cotchett pitre & mccarthy,dla piper,other,,PlaintiffWin,0.9259060865786248,0.9259060865786248,2014
4196442,cotchett pitre & mccarthy,shriver & jacobso,other,,PlaintiffWin,0.9259060865786248,0.9259060865786248,2014
4196442,cotchett pitre & mccarthy,condon & forsyth,other,,PlaintiffWin,0.9259060865786248,0.9259060865786248,2014
4197095,"shepherd, finkelman, miller & shah",patterson belknap webb & tyler,other,,PlaintiffWin,0.9795296537659546,0.9795296537659546,2014
4197234,berger & montague,united states attorney,other,,PlaintiffWin,0.6277568113410581,0.6277568113410581,2014
4197234,berger & montague,sullivan & cromwell,other,,PlaintiffWin,0.6277568113410581,0.6277568113410581,2014
4197563,cohen milstein sellers & toll,"paul, weiss, rifkind, wharton & garrison",torts,,PlaintiffWin,0.5071632065233067,0.4928367934766933,2014
4197563,cohen milstein sellers & toll,o’melveny & myers,torts,,PlaintiffWin,0.5071632065233067,0.4928367934766933,2014
4197563,cohen milstein sellers & toll,"paul, weiss, rifkind, wharton & garrison",torts,,PlaintiffWin,0.5071632065233067,0.4928367934766933,2014
4198930,hausfeld,baker & hostetler,other,,PlaintiffWin,0.9696453485914692,0.9696453485914692,2015
4199087,glancy binkow & goldberg,akin gump strauss hauer & feld,other,,PlaintiffWin,0.9948046597678049,0.9948046597678049,2015
4199087,glancy binkow & goldberg,hogan lovells us,other,,PlaintiffWin,0.9948046597678049,0.9948046597678049,2015
4199087,glancy binkow & goldberg,kirkland & ellis,other,,PlaintiffWin,0.9948046597678049,0.9948046597678049,2015
4204901,"boies, schiller & flexner","shook, hardy & bacon",other,,DefendantWin,0.9159625013881576,0.9159625013881576,2014
4204901,"boies, schiller & flexner",greenberg traurig,other,,DefendantWin,0.9159625013881576,0.9159625013881576,2014
4204901,"boies, schiller & flexner","shook, hardy & bacon",other,,DefendantWin,0.9159625013881576,0.9159625013881576,2014
4204901,"boies, schiller & flexner",greenberg traurig,other,,DefendantWin,0.9159625013881576,0.9159625013881576,2014
4205148,"boies, schiller & flexner","shook, hardy & bacon",other,,DefendantWin,0.9501668985633478,0.9501668985633478,2014
4205148,"boies, schiller & flexner","shook, hardy & bacon",other,,DefendantWin,0.9501668985633478,0.9501668985633478,2014
4206003,fish & richardson,united states attorney,other,,PlaintiffWin,0.6926504402775502,0.6926504402775502,2013
4206003,fish & richardson,united states attorney,other,,PlaintiffWin,0.6926504402775502,0.6926504402775502,2013
4208221,cohen milstein sellers & toll,patterson belknap webb & tyler,other,,PlaintiffWin,0.8083695576745452,0.8083695576745452,2013
4208221,cohen milstein sellers & toll,"skadden, arps, slate, meagher & flom",other,,PlaintiffWin,0.8083695576745452,0.8083695576745452,2013
4208221,cohen milstein sellers & toll,morrison & foerster,other,,PlaintiffWin,0.8083695576745452,0.8083695576745452,2013
4208221,cohen milstein sellers & toll,"paul, weiss, rifkind, wharton & garrison",other,,PlaintiffWin,0.8083695576745452,0.8083695576745452,2013
4208221,cohen milstein sellers & toll,paul weiss rifkind wharton & garrison,other,,PlaintiffWin,0.8083695576745452,0.8083695576745452,2013
4208221,cohen milstein sellers & toll,arnold & porter,other,,PlaintiffWin,0.8083695576745452,0.8083695576745452,2013
4208221,hagens berman sobol shapiro,patterson belknap webb & tyler,other,,PlaintiffWin,0.8083695576745452,0.8083695576745452,2013
4208221,hagens berman sobol shapiro,"skadden, arps, slate, meagher & flom",other,,PlaintiffWin,0.8083695576745452,0.8083695576745452,2013
4208221,hagens berman sobol shapiro,morrison & foerster,other,,PlaintiffWin,0.8083695576745452,0.8083695576745452,2013
4208221,hagens berman sobol shapiro,"paul, weiss, rifkind, wharton & garrison",other,,PlaintiffWin,0.8083695576745452,0.8083695576745452,2013
4208221,hagens berman sobol shapiro,paul weiss rifkind wharton & garrison,other,,PlaintiffWin,0.8083695576745452,0.8083695576745452,2013
4208221,hagens berman sobol shapiro,arnold & porter,other,,PlaintiffWin,0.8083695576745452,0.8083695576745452,2013
4209008,grant & eisenhofer,arnold & porter,other,,PlaintiffWin,0.9125641495867752,0.9125641495867752,2014
4209008,bernstein litowitz berger & grossmann,arnold & porter,other,,PlaintiffWin,0.9125641495867752,0.9125641495867752,2014
4209008,glancy binkow & goldberg,arnold & porter,other,,PlaintiffWin,0.9125641495867752,0.9125641495867752,2014
4209008,bernstein litowitz berger & grossmann,arnold & porter,other,,PlaintiffWin,0.9125641495867752,0.9125641495867752,2014
4209008,"boies, schiller & flexner",arnold & porter,other,,PlaintiffWin,0.9125641495867752,0.9125641495867752,2014
4209008,grant & eisenhofer,arnold & porter,other,,PlaintiffWin,0.9125641495867752,0.9125641495867752,2014
4209008,"gibson, dunn & crutcher",arnold & porter,other,,PlaintiffWin,0.9125641495867752,0.9125641495867752,2014
4209157,"boies, schiller & flexner",attorney general,other,,PlaintiffWin,0.9384013770347852,0.9384013770347852,2014
4210422,arnold & porter,hughes hubbard & reed,other,,PlaintiffWin,0.7321864682662216,0.7321864682662216,2014
4210658,glancy binkow & goldberg,"orrick, herrington & sutcliffe",other,,PlaintiffWin,0.9926563931629492,0.9926563931629492,2014
4210658,robbins geller rudman & dowd,"orrick, herrington & sutcliffe",other,,PlaintiffWin,0.9926563931629492,0.9926563931629492,2014
4210658,robbins geller rudman & dowd,"orrick, herrington & sutcliffe",other,,PlaintiffWin,0.9926563931629492,0.9926563931629492,2014
4210764,foley & lardner,steptoe & johnson,other,,PlaintiffWin,0.908160802865832,0.908160802865832,2014
4210764,foley & lardner,steptoe & johnson,other,,PlaintiffWin,0.908160802865832,0.908160802865832,2014
4211219,covington & burling,"robins, kaplan, miller & ciresi",other,,PlaintiffWin,0.8616547021619643,0.8616547021619643,2013
4213835,morrison & foerster,united states attorney,other,,PlaintiffWin,0.8387583271685828,0.8387583271685828,2014
4215790,"shepherd, finkelman, miller & shah","morgan, lewis & bockius",other,,PlaintiffWin,0.8082462711604299,0.8082462711604299,2014
4215790,"shepherd, finkelman, miller & shah",cahill gordon & reindel,other,,PlaintiffWin,0.8082462711604299,0.8082462711604299,2014
4215790,"shepherd, finkelman, miller & shah","morgan, lewis & bockius",other,,PlaintiffWin,0.8082462711604299,0.8082462711604299,2014
4215790,"shepherd, finkelman, miller & shah",cahill gordon & reindel,other,,PlaintiffWin,0.8082462711604299,0.8082462711604299,2014
4215790,"shepherd, finkelman, miller & shah","morgan, lewis & bockius",other,,PlaintiffWin,0.8082462711604299,0.8082462711604299,2014
4215790,"shepherd, finkelman, miller & shah",cahill gordon & reindel,other,,PlaintiffWin,0.8082462711604299,0.8082462711604299,2014
4216288,"shepherd, finkelman, miller & shah","skadden, arps, slate, meagher & flom",other,,PlaintiffWin,0.7839426610995427,0.7839426610995427,2014
4216288,"shepherd, finkelman, miller & shah",covington & burling,other,,PlaintiffWin,0.7839426610995427,0.7839426610995427,2014
4216288,"shepherd, finkelman, miller & shah","morgan, lewis & bockius",other,,PlaintiffWin,0.7839426610995427,0.7839426610995427,2014
4216288,"shepherd, finkelman, miller & shah",covington & burling,other,,PlaintiffWin,0.7839426610995427,0.7839426610995427,2014
4216288,"shepherd, finkelman, miller & shah",morrison & foerster,other,,PlaintiffWin,0.7839426610995427,0.7839426610995427,2014
4216288,"shepherd, finkelman, miller & shah",o’melveny & myers,other,,PlaintiffWin,0.7839426610995427,0.7839426610995427,2014
4216288,"shepherd, finkelman, miller & shah",cahill gordon & reindel,other,,PlaintiffWin,0.7839426610995427,0.7839426610995427,2014
4218273,kirkland & ellis,attorney general,civil_rights,,DefendantWin,0.7705526897007787,0.7705526897007787,2014
4218305,kirkland & ellis,attorney general,civil_rights,,DefendantWin,0.7705526897007787,0.7705526897007787,2014
4219848,attorney general,kirkland & ellis,torts,,PlaintiffWin,0.8104628920633971,0.8104628920633971,2014
4219848,attorney general,katten muchin rosenman,torts,,PlaintiffWin,0.8104628920633971,0.8104628920633971,2014
4219848,attorney general,goodwin procter,torts,,PlaintiffWin,0.8104628920633971,0.8104628920633971,2014
4219848,berger & montague,kirkland & ellis,torts,,PlaintiffWin,0.8104628920633971,0.8104628920633971,2014
4219848,berger & montague,katten muchin rosenman,torts,,PlaintiffWin,0.8104628920633971,0.8104628920633971,2014
4219848,berger & montague,goodwin procter,torts,,PlaintiffWin,0.8104628920633971,0.8104628920633971,2014
4220703,pomerantz,"paul, weiss, rifkind, wharton & garrison",other,,PlaintiffWin,0.9677587798113304,0.9677587798113304,2014
4220703,pomerantz,"weil, gotshal & manges",other,,PlaintiffWin,0.9677587798113304,0.9677587798113304,2014
4222587,robbins geller rudman & dowd,"paul, weiss, rifkind, wharton & garrison",other,,PlaintiffWin,0.9021268550938484,0.9021268550938484,2014
4222587,robbins geller rudman & dowd,"weil, gotshal & manges",other,,PlaintiffWin,0.9021268550938484,0.9021268550938484,2014
4222587,bernstein litowitz berger & grossmann,"paul, weiss, rifkind, wharton & garrison",other,,PlaintiffWin,0.9021268550938484,0.9021268550938484,2014
4222587,bernstein litowitz berger & grossmann,"weil, gotshal & manges",other,,PlaintiffWin,0.9021268550938484,0.9021268550938484,2014
4222786,attorney general,attorney general,other,,DefendantWin,0.8948899265368622,0.8948899265368622,2014
4223310,sidley austin,united states attorney,other,,PlaintiffWin,0.8613298053717093,0.8613298053717093,2013
4223747,heins mills & olson,dla piper,other,,PlaintiffWin,0.9128753405657916,0.9128753405657916,2013
4223883,robbins geller rudman & dowd,"gibson, dunn & crutcher",other,,PlaintiffWin,0.5061199663267085,0.5061199663267085,2014
4223883,robbins geller rudman & dowd,"gibson, dunn & crutcher",other,,PlaintiffWin,0.5061199663267085,0.5061199663267085,2014
4223921,shearman & sterling,quinn emanuel urquhart & sullivan,other,,PlaintiffWin,0.9431177610313892,0.9431177610313892,2013
4223921,shearman & sterling,mayer brown,other,,PlaintiffWin,0.9431177610313892,0.9431177610313892,2013
4223921,jenner & block,quinn emanuel urquhart & sullivan,other,,PlaintiffWin,0.9431177610313892,0.9431177610313892,2013
4223921,jenner & block,mayer brown,other,,PlaintiffWin,0.9431177610313892,0.9431177610313892,2013
4223921,"gibson, dunn & crutcher",quinn emanuel urquhart & sullivan,other,,PlaintiffWin,0.9431177610313892,0.9431177610313892,2013
4223921,"gibson, dunn & crutcher",mayer brown,other,,PlaintiffWin,0.9431177610313892,0.9431177610313892,2013
4223921,jenner & block,quinn emanuel urquhart & sullivan,other,,PlaintiffWin,0.9431177610313892,0.9431177610313892,2013
4223921,jenner & block,mayer brown,other,,PlaintiffWin,0.9431177610313892,0.9431177610313892,2013
4224655,shapiro haber & urmy,wilmer cutler pickering hale & dor,contract,,PlaintiffWin,0.9347983060428864,0.9347983060428864,2013
4225219,susman godfrey,"morris, nichols, arsht & tunnell",other,,PlaintiffWin,0.8349810742799725,0.8349810742799725,2014
4225942,obermayer rebmann maxwell & hippel,"gibson, dunn & crutcher",other,,PlaintiffWin,0.8404987535993367,0.8404987535993367,2015
4225942,obermayer rebmann maxwell & hippel,"skadden, arps, slate, meagher & flom",other,,PlaintiffWin,0.8404987535993367,0.8404987535993367,2015
4225942,obermayer rebmann maxwell & hippel,"gibson, dunn & crutcher",other,,PlaintiffWin,0.8404987535993367,0.8404987535993367,2015
4225942,obermayer rebmann maxwell & hippel,kirkland & ellis,other,,PlaintiffWin,0.8404987535993367,0.8404987535993367,2015
4225942,obermayer rebmann maxwell & hippel,covington & burling,other,,PlaintiffWin,0.8404987535993367,0.8404987535993367,2015
4225942,obermayer rebmann maxwell & hippel,shearman & sterling,other,,PlaintiffWin,0.8404987535993367,0.8404987535993367,2015
4225942,obermayer rebmann maxwell & hippel,davis polk & wardwell,other,,PlaintiffWin,0.8404987535993367,0.8404987535993367,2015
4225942,obermayer rebmann maxwell & hippel,"skadden, arps, slate, meagher & flom",other,,PlaintiffWin,0.8404987535993367,0.8404987535993367,2015
4225942,obermayer rebmann maxwell & hippel,cahill gordon & reindel,other,,PlaintiffWin,0.8404987535993367,0.8404987535993367,2015
4225942,obermayer rebmann maxwell & hippel,covington & burling,other,,PlaintiffWin,0.8404987535993367,0.8404987535993367,2015
4225942,obermayer rebmann maxwell & hippel,sullivan & cromwell,other,,PlaintiffWin,0.8404987535993367,0.8404987535993367,2015
4225942,grant & eisenhofer,"gibson, dunn & crutcher",other,,PlaintiffWin,0.8404987535993367,0.8404987535993367,2015
4225942,grant & eisenhofer,"skadden, arps, slate, meagher & flom",other,,PlaintiffWin,0.8404987535993367,0.8404987535993367,2015
4225942,grant & eisenhofer,"gibson, dunn & crutcher",other,,PlaintiffWin,0.8404987535993367,0.8404987535993367,2015
4225942,grant & eisenhofer,kirkland & ellis,other,,PlaintiffWin,0.8404987535993367,0.8404987535993367,2015
4225942,grant & eisenhofer,covington & burling,other,,PlaintiffWin,0.8404987535993367,0.8404987535993367,2015
4225942,grant & eisenhofer,shearman & sterling,other,,PlaintiffWin,0.8404987535993367,0.8404987535993367,2015
4225942,grant & eisenhofer,davis polk & wardwell,other,,PlaintiffWin,0.8404987535993367,0.8404987535993367,2015
4225942,grant & eisenhofer,"skadden, arps, slate, meagher & flom",other,,PlaintiffWin,0.8404987535993367,0.8404987535993367,2015
4225942,grant & eisenhofer,cahill gordon & reindel,other,,PlaintiffWin,0.8404987535993367,0.8404987535993367,2015
4225942,grant & eisenhofer,covington & burling,other,,PlaintiffWin,0.8404987535993367,0.8404987535993367,2015
4225942,grant & eisenhofer,sullivan & cromwell,other,,PlaintiffWin,0.8404987535993367,0.8404987535993367,2015
4225942,cohen milstein sellers & toll,"gibson, dunn & crutcher",other,,PlaintiffWin,0.8404987535993367,0.8404987535993367,2015
4225942,cohen milstein sellers & toll,"skadden, arps, slate, meagher & flom",other,,PlaintiffWin,0.8404987535993367,0.8404987535993367,2015
4225942,cohen milstein sellers & toll,"gibson, dunn & crutcher",other,,PlaintiffWin,0.8404987535993367,0.8404987535993367,2015
4225942,cohen milstein sellers & toll,kirkland & ellis,other,,PlaintiffWin,0.8404987535993367,0.8404987535993367,2015
4225942,cohen milstein sellers & toll,covington & burling,other,,PlaintiffWin,0.8404987535993367,0.8404987535993367,2015
4225942,cohen milstein sellers & toll,shearman & sterling,other,,PlaintiffWin,0.8404987535993367,0.8404987535993367,2015
4225942,cohen milstein sellers & toll,davis polk & wardwell,other,,PlaintiffWin,0.8404987535993367,0.8404987535993367,2015
4225942,cohen milstein sellers & toll,"skadden, arps, slate, meagher & flom",other,,PlaintiffWin,0.8404987535993367,0.8404987535993367,2015
4225942,cohen milstein sellers & toll,cahill gordon & reindel,other,,PlaintiffWin,0.8404987535993367,0.8404987535993367,2015
4225942,cohen milstein sellers & toll,covington & burling,other,,PlaintiffWin,0.8404987535993367,0.8404987535993367,2015
4225942,cohen milstein sellers & toll,sullivan & cromwell,other,,PlaintiffWin,0.8404987535993367,0.8404987535993367,2015
4225942,obermayer rebmann maxwell & hippel,"gibson, dunn & crutcher",other,,PlaintiffWin,0.8404987535993367,0.8404987535993367,2015
4225942,obermayer rebmann maxwell & hippel,"skadden, arps, slate, meagher & flom",other,,PlaintiffWin,0.8404987535993367,0.8404987535993367,2015
4225942,obermayer rebmann maxwell & hippel,"gibson, dunn & crutcher",other,,PlaintiffWin,0.8404987535993367,0.8404987535993367,2015
4225942,obermayer rebmann maxwell & hippel,kirkland & ellis,other,,PlaintiffWin,0.8404987535993367,0.8404987535993367,2015
4225942,obermayer rebmann maxwell & hippel,covington & burling,other,,PlaintiffWin,0.8404987535993367,0.8404987535993367,2015
4225942,obermayer rebmann maxwell & hippel,shearman & sterling,other,,PlaintiffWin,0.8404987535993367,0.8404987535993367,2015
4225942,obermayer rebmann maxwell & hippel,davis polk & wardwell,other,,PlaintiffWin,0.8404987535993367,0.8404987535993367,2015
4225942,obermayer rebmann maxwell & hippel,"skadden, arps, slate, meagher & flom",other,,PlaintiffWin,0.8404987535993367,0.8404987535993367,2015
4225942,obermayer rebmann maxwell & hippel,cahill gordon & reindel,other,,PlaintiffWin,0.8404987535993367,0.8404987535993367,2015
4225942,obermayer rebmann maxwell & hippel,covington & burling,other,,PlaintiffWin,0.8404987535993367,0.8404987535993367,2015
4225942,obermayer rebmann maxwell & hippel,sullivan & cromwell,other,,PlaintiffWin,0.8404987535993367,0.8404987535993367,2015
4225942,glancy binkow & goldberg,"gibson, dunn & crutcher",other,,PlaintiffWin,0.8404987535993367,0.8404987535993367,2015
4225942,glancy binkow & goldberg,"skadden, arps, slate, meagher & flom",other,,PlaintiffWin,0.8404987535993367,0.8404987535993367,2015
4225942,glancy binkow & goldberg,"gibson, dunn & crutcher",other,,PlaintiffWin,0.8404987535993367,0.8404987535993367,2015
4225942,glancy binkow & goldberg,kirkland & ellis,other,,PlaintiffWin,0.8404987535993367,0.8404987535993367,2015
4225942,glancy binkow & goldberg,covington & burling,other,,PlaintiffWin,0.8404987535993367,0.8404987535993367,2015
4225942,glancy binkow & goldberg,shearman & sterling,other,,PlaintiffWin,0.8404987535993367,0.8404987535993367,2015
4225942,glancy binkow & goldberg,davis polk & wardwell,other,,PlaintiffWin,0.8404987535993367,0.8404987535993367,2015
4225942,glancy binkow & goldberg,"skadden, arps, slate, meagher & flom",other,,PlaintiffWin,0.8404987535993367,0.8404987535993367,2015
4225942,glancy binkow & goldberg,cahill gordon & reindel,other,,PlaintiffWin,0.8404987535993367,0.8404987535993367,2015
4225942,glancy binkow & goldberg,covington & burling,other,,PlaintiffWin,0.8404987535993367,0.8404987535993367,2015
4225942,glancy binkow & goldberg,sullivan & cromwell,other,,PlaintiffWin,0.8404987535993367,0.8404987535993367,2015
4225942,scottscott,"gibson, dunn & crutcher",other,,PlaintiffWin,0.8404987535993367,0.8404987535993367,2015
4225942,scottscott,"skadden, arps, slate, meagher & flom",other,,PlaintiffWin,0.8404987535993367,0.8404987535993367,2015
4225942,scottscott,"gibson, dunn & crutcher",other,,PlaintiffWin,0.8404987535993367,0.8404987535993367,2015
4225942,scottscott,kirkland & ellis,other,,PlaintiffWin,0.8404987535993367,0.8404987535993367,2015
4225942,scottscott,covington & burling,other,,PlaintiffWin,0.8404987535993367,0.8404987535993367,2015
4225942,scottscott,shearman & sterling,other,,PlaintiffWin,0.8404987535993367,0.8404987535993367,2015
4225942,scottscott,davis polk & wardwell,other,,PlaintiffWin,0.8404987535993367,0.8404987535993367,2015
4225942,scottscott,"skadden, arps, slate, meagher & flom",other,,PlaintiffWin,0.8404987535993367,0.8404987535993367,2015
4225942,scottscott,cahill gordon & reindel,other,,PlaintiffWin,0.8404987535993367,0.8404987535993367,2015
4225942,scottscott,covington & burling,other,,PlaintiffWin,0.8404987535993367,0.8404987535993367,2015
4225942,scottscott,sullivan & cromwell,other,,PlaintiffWin,0.8404987535993367,0.8404987535993367,2015
4225942,hausfeld,"gibson, dunn & crutcher",other,,PlaintiffWin,0.8404987535993367,0.8404987535993367,2015
4225942,hausfeld,"skadden, arps, slate, meagher & flom",other,,PlaintiffWin,0.8404987535993367,0.8404987535993367,2015
4225942,hausfeld,"gibson, dunn & crutcher",other,,PlaintiffWin,0.8404987535993367,0.8404987535993367,2015
4225942,hausfeld,kirkland & ellis,other,,PlaintiffWin,0.8404987535993367,0.8404987535993367,2015
4225942,hausfeld,covington & burling,other,,PlaintiffWin,0.8404987535993367,0.8404987535993367,2015
4225942,hausfeld,shearman & sterling,other,,PlaintiffWin,0.8404987535993367,0.8404987535993367,2015
4225942,hausfeld,davis polk & wardwell,other,,PlaintiffWin,0.8404987535993367,0.8404987535993367,2015
4225942,hausfeld,"skadden, arps, slate, meagher & flom",other,,PlaintiffWin,0.8404987535993367,0.8404987535993367,2015
4225942,hausfeld,cahill gordon & reindel,other,,PlaintiffWin,0.8404987535993367,0.8404987535993367,2015
4225942,hausfeld,covington & burling,other,,PlaintiffWin,0.8404987535993367,0.8404987535993367,2015
4225942,hausfeld,sullivan & cromwell,other,,PlaintiffWin,0.8404987535993367,0.8404987535993367,2015
4226113,ropes & gray,united states attorney,contract,,PlaintiffWin,0.7607751779329234,0.7607751779329234,2013
4226189,"morgan, lewis & bockius",attorney general,prisoner_petitions,,PlaintiffWin,0.8951066384253341,0.8951066384253341,2014
4226482,attorney general,arnold & porter,other,,PlaintiffWin,0.8927223090061472,0.8927223090061472,2014
4226482,attorney general,skadden arps slate meagher & flom,other,,PlaintiffWin,0.8927223090061472,0.8927223090061472,2014
4226482,attorney general,skadden arps slate meagher & flom,other,,PlaintiffWin,0.8927223090061472,0.8927223090061472,2014
4226482,attorney general,blank rome,other,,PlaintiffWin,0.8927223090061472,0.8927223090061472,2014
4226482,cohen milstein sellers & toll,arnold & porter,other,,PlaintiffWin,0.8927223090061472,0.8927223090061472,2014
4226482,cohen milstein sellers & toll,skadden arps slate meagher & flom,other,,PlaintiffWin,0.8927223090061472,0.8927223090061472,2014
4226482,cohen milstein sellers & toll,skadden arps slate meagher & flom,other,,PlaintiffWin,0.8927223090061472,0.8927223090061472,2014
4226482,cohen milstein sellers & toll,blank rome,other,,PlaintiffWin,0.8927223090061472,0.8927223090061472,2014
4226482,glancy binkow & goldberg,arnold & porter,other,,PlaintiffWin,0.8927223090061472,0.8927223090061472,2014
4226482,glancy binkow & goldberg,skadden arps slate meagher & flom,other,,PlaintiffWin,0.8927223090061472,0.8927223090061472,2014
4226482,glancy binkow & goldberg,skadden arps slate meagher & flom,other,,PlaintiffWin,0.8927223090061472,0.8927223090061472,2014
4226482,glancy binkow & goldberg,blank rome,other,,PlaintiffWin,0.8927223090061472,0.8927223090061472,2014
4226482,freed kanner london & millen,arnold & porter,other,,PlaintiffWin,0.8927223090061472,0.8927223090061472,2014
4226482,freed kanner london & millen,skadden arps slate meagher & flom,other,,PlaintiffWin,0.8927223090061472,0.8927223090061472,2014
4226482,freed kanner london & millen,skadden arps slate meagher & flom,other,,PlaintiffWin,0.8927223090061472,0.8927223090061472,2014
4226482,freed kanner london & millen,blank rome,other,,PlaintiffWin,0.8927223090061472,0.8927223090061472,2014
4226482,"shepherd, finkelman, miller & shah",arnold & porter,other,,PlaintiffWin,0.8927223090061472,0.8927223090061472,2014
4226482,"shepherd, finkelman, miller & shah",skadden arps slate meagher & flom,other,,PlaintiffWin,0.8927223090061472,0.8927223090061472,2014
4226482,"shepherd, finkelman, miller & shah",skadden arps slate meagher & flom,other,,PlaintiffWin,0.8927223090061472,0.8927223090061472,2014
4226482,"shepherd, finkelman, miller & shah",blank rome,other,,PlaintiffWin,0.8927223090061472,0.8927223090061472,2014
4226482,"shepherd, finkelman, miller & shah",arnold & porter,other,,PlaintiffWin,0.8927223090061472,0.8927223090061472,2014
4226482,"shepherd, finkelman, miller & shah",skadden arps slate meagher & flom,other,,PlaintiffWin,0.8927223090061472,0.8927223090061472,2014
4226482,"shepherd, finkelman, miller & shah",skadden arps slate meagher & flom,other,,PlaintiffWin,0.8927223090061472,0.8927223090061472,2014
4226482,"shepherd, finkelman, miller & shah",blank rome,other,,PlaintiffWin,0.8927223090061472,0.8927223090061472,2014
4226482,faruqi & faruqi,arnold & porter,other,,PlaintiffWin,0.8927223090061472,0.8927223090061472,2014
4226482,faruqi & faruqi,skadden arps slate meagher & flom,other,,PlaintiffWin,0.8927223090061472,0.8927223090061472,2014
4226482,faruqi & faruqi,skadden arps slate meagher & flom,other,,PlaintiffWin,0.8927223090061472,0.8927223090061472,2014
4226482,faruqi & faruqi,blank rome,other,,PlaintiffWin,0.8927223090061472,0.8927223090061472,2014
4226482,berger & montague,arnold & porter,other,,PlaintiffWin,0.8927223090061472,0.8927223090061472,2014
4226482,berger & montague,skadden arps slate meagher & flom,other,,PlaintiffWin,0.8927223090061472,0.8927223090061472,2014
4226482,berger & montague,skadden arps slate meagher & flom,other,,PlaintiffWin,0.8927223090061472,0.8927223090061472,2014
4226482,berger & montague,blank rome,other,,PlaintiffWin,0.8927223090061472,0.8927223090061472,2014
4226482,grant & eisenhofer,arnold & porter,other,,PlaintiffWin,0.8927223090061472,0.8927223090061472,2014
4226482,grant & eisenhofer,skadden arps slate meagher & flom,other,,PlaintiffWin,0.8927223090061472,0.8927223090061472,2014
4226482,grant & eisenhofer,skadden arps slate meagher & flom,other,,PlaintiffWin,0.8927223090061472,0.8927223090061472,2014
4226482,grant & eisenhofer,blank rome,other,,PlaintiffWin,0.8927223090061472,0.8927223090061472,2014
4226482,faruqi & faruqi,arnold & porter,other,,PlaintiffWin,0.8927223090061472,0.8927223090061472,2014
4226482,faruqi & faruqi,skadden arps slate meagher & flom,other,,PlaintiffWin,0.8927223090061472,0.8927223090061472,2014
4226482,faruqi & faruqi,skadden arps slate meagher & flom,other,,PlaintiffWin,0.8927223090061472,0.8927223090061472,2014
4226482,faruqi & faruqi,blank rome,other,,PlaintiffWin,0.8927223090061472,0.8927223090061472,2014
4226482,robbins geller rudman & dowd,arnold & porter,other,,PlaintiffWin,0.8927223090061472,0.8927223090061472,2014
4226482,robbins geller rudman & dowd,skadden arps slate meagher & flom,other,,PlaintiffWin,0.8927223090061472,0.8927223090061472,2014
4226482,robbins geller rudman & dowd,skadden arps slate meagher & flom,other,,PlaintiffWin,0.8927223090061472,0.8927223090061472,2014
4226482,robbins geller rudman & dowd,blank rome,other,,PlaintiffWin,0.8927223090061472,0.8927223090061472,2014
4226482,lowey dannenberg cohen & hart,arnold & porter,other,,PlaintiffWin,0.8927223090061472,0.8927223090061472,2014
4226482,lowey dannenberg cohen & hart,skadden arps slate meagher & flom,other,,PlaintiffWin,0.8927223090061472,0.8927223090061472,2014
4226482,lowey dannenberg cohen & hart,skadden arps slate meagher & flom,other,,PlaintiffWin,0.8927223090061472,0.8927223090061472,2014
4226482,lowey dannenberg cohen & hart,blank rome,other,,PlaintiffWin,0.8927223090061472,0.8927223090061472,2014
4226482,lockridge grindal ñauen p,arnold & porter,other,,PlaintiffWin,0.8927223090061472,0.8927223090061472,2014
4226482,lockridge grindal ñauen p,skadden arps slate meagher & flom,other,,PlaintiffWin,0.8927223090061472,0.8927223090061472,2014
4226482,lockridge grindal ñauen p,skadden arps slate meagher & flom,other,,PlaintiffWin,0.8927223090061472,0.8927223090061472,2014
4226482,lockridge grindal ñauen p,blank rome,other,,PlaintiffWin,0.8927223090061472,0.8927223090061472,2014
4226482,faruqi & faruqi,arnold & porter,other,,PlaintiffWin,0.8927223090061472,0.8927223090061472,2014
4226482,faruqi & faruqi,skadden arps slate meagher & flom,other,,PlaintiffWin,0.8927223090061472,0.8927223090061472,2014
4226482,faruqi & faruqi,skadden arps slate meagher & flom,other,,PlaintiffWin,0.8927223090061472,0.8927223090061472,2014
4226482,faruqi & faruqi,blank rome,other,,PlaintiffWin,0.8927223090061472,0.8927223090061472,2014
4226482,pomerantz,arnold & porter,other,,PlaintiffWin,0.8927223090061472,0.8927223090061472,2014
4226482,pomerantz,skadden arps slate meagher & flom,other,,PlaintiffWin,0.8927223090061472,0.8927223090061472,2014
4226482,pomerantz,skadden arps slate meagher & flom,other,,PlaintiffWin,0.8927223090061472,0.8927223090061472,2014
4226482,pomerantz,blank rome,other,,PlaintiffWin,0.8927223090061472,0.8927223090061472,2014
4226482,hagens berman sobol shapiro,arnold & porter,other,,PlaintiffWin,0.8927223090061472,0.8927223090061472,2014
4226482,hagens berman sobol shapiro,skadden arps slate meagher & flom,other,,PlaintiffWin,0.8927223090061472,0.8927223090061472,2014
4226482,hagens berman sobol shapiro,skadden arps slate meagher & flom,other,,PlaintiffWin,0.8927223090061472,0.8927223090061472,2014
4226482,hagens berman sobol shapiro,blank rome,other,,PlaintiffWin,0.8927223090061472,0.8927223090061472,2014
4226482,hausfeld,arnold & porter,other,,PlaintiffWin,0.8927223090061472,0.8927223090061472,2014
4226482,hausfeld,skadden arps slate meagher & flom,other,,PlaintiffWin,0.8927223090061472,0.8927223090061472,2014
4226482,hausfeld,skadden arps slate meagher & flom,other,,PlaintiffWin,0.8927223090061472,0.8927223090061472,2014
4226482,hausfeld,blank rome,other,,PlaintiffWin,0.8927223090061472,0.8927223090061472,2014
4226482,labaton sucharow,arnold & porter,other,,PlaintiffWin,0.8927223090061472,0.8927223090061472,2014
4226482,labaton sucharow,skadden arps slate meagher & flom,other,,PlaintiffWin,0.8927223090061472,0.8927223090061472,2014
4226482,labaton sucharow,skadden arps slate meagher & flom,other,,PlaintiffWin,0.8927223090061472,0.8927223090061472,2014
4226482,labaton sucharow,blank rome,other,,PlaintiffWin,0.8927223090061472,0.8927223090061472,2014
4226482,girard gibbs,arnold & porter,other,,PlaintiffWin,0.8927223090061472,0.8927223090061472,2014
4226482,girard gibbs,skadden arps slate meagher & flom,other,,PlaintiffWin,0.8927223090061472,0.8927223090061472,2014
4226482,girard gibbs,skadden arps slate meagher & flom,other,,PlaintiffWin,0.8927223090061472,0.8927223090061472,2014
4226482,girard gibbs,blank rome,other,,PlaintiffWin,0.8927223090061472,0.8927223090061472,2014
4226482,heins mills & olson,arnold & porter,other,,PlaintiffWin,0.8927223090061472,0.8927223090061472,2014
4226482,heins mills & olson,skadden arps slate meagher & flom,other,,PlaintiffWin,0.8927223090061472,0.8927223090061472,2014
4226482,heins mills & olson,skadden arps slate meagher & flom,other,,PlaintiffWin,0.8927223090061472,0.8927223090061472,2014
4226482,heins mills & olson,blank rome,other,,PlaintiffWin,0.8927223090061472,0.8927223090061472,2014
4226638,robbins geller rudman & dowd,sullivan & cromwell,other,,PlaintiffWin,0.9535103665937086,0.9535103665937086,2014
4226638,robbins geller rudman & dowd,perkins coie,other,,PlaintiffWin,0.9535103665937086,0.9535103665937086,2014
4226638,robbins geller rudman & dowd,perkins coie,other,,PlaintiffWin,0.9535103665937086,0.9535103665937086,2014
4226951,arnold & porter,attorney general,civil_rights,,PlaintiffWin,0.7682828961226875,0.7682828961226875,2015
4226965,morrison & foerster,sheppard mullin richter & hampton,other,,PlaintiffWin,0.8815503164105665,0.8815503164105665,2015
4226965,morrison & foerster,quinn emanuel urquhart & sullivan,other,,PlaintiffWin,0.8815503164105665,0.8815503164105665,2015
4226965,morrison & foerster,quinn emanuel urquhart & sullivan,other,,PlaintiffWin,0.8815503164105665,0.8815503164105665,2015
4226965,morrison & foerster,"paul, weiss, rifkind, wharton & garrison",other,,PlaintiffWin,0.8815503164105665,0.8815503164105665,2015
4226965,morrison & foerster,dla piper us,other,,PlaintiffWin,0.8815503164105665,0.8815503164105665,2015
4226965,morrison & foerster,quinn emanuel urquhart & sullivan,other,,PlaintiffWin,0.8815503164105665,0.8815503164105665,2015
4226965,wilmer cutler pickering hale & dor,sheppard mullin richter & hampton,other,,PlaintiffWin,0.8815503164105665,0.8815503164105665,2015
4226965,wilmer cutler pickering hale & dor,quinn emanuel urquhart & sullivan,other,,PlaintiffWin,0.8815503164105665,0.8815503164105665,2015
4226965,wilmer cutler pickering hale & dor,quinn emanuel urquhart & sullivan,other,,PlaintiffWin,0.8815503164105665,0.8815503164105665,2015
4226965,wilmer cutler pickering hale & dor,"paul, weiss, rifkind, wharton & garrison",other,,PlaintiffWin,0.8815503164105665,0.8815503164105665,2015
4226965,wilmer cutler pickering hale & dor,dla piper us,other,,PlaintiffWin,0.8815503164105665,0.8815503164105665,2015
4226965,wilmer cutler pickering hale & dor,quinn emanuel urquhart & sullivan,other,,PlaintiffWin,0.8815503164105665,0.8815503164105665,2015
4226965,wilmer cutler pickering hale & dor,sheppard mullin richter & hampton,other,,PlaintiffWin,0.8815503164105665,0.8815503164105665,2015
4226965,wilmer cutler pickering hale & dor,quinn emanuel urquhart & sullivan,other,,PlaintiffWin,0.8815503164105665,0.8815503164105665,2015
4226965,wilmer cutler pickering hale & dor,quinn emanuel urquhart & sullivan,other,,PlaintiffWin,0.8815503164105665,0.8815503164105665,2015
4226965,wilmer cutler pickering hale & dor,"paul, weiss, rifkind, wharton & garrison",other,,PlaintiffWin,0.8815503164105665,0.8815503164105665,2015
4226965,wilmer cutler pickering hale & dor,dla piper us,other,,PlaintiffWin,0.8815503164105665,0.8815503164105665,2015
4226965,wilmer cutler pickering hale & dor,quinn emanuel urquhart & sullivan,other,,PlaintiffWin,0.8815503164105665,0.8815503164105665,2015
4226965,wilmer cutler pickering hale & dor,sheppard mullin richter & hampton,other,,PlaintiffWin,0.8815503164105665,0.8815503164105665,2015
4226965,wilmer cutler pickering hale & dor,quinn emanuel urquhart & sullivan,other,,PlaintiffWin,0.8815503164105665,0.8815503164105665,2015
4226965,wilmer cutler pickering hale & dor,quinn emanuel urquhart & sullivan,other,,PlaintiffWin,0.8815503164105665,0.8815503164105665,2015
4226965,wilmer cutler pickering hale & dor,"paul, weiss, rifkind, wharton & garrison",other,,PlaintiffWin,0.8815503164105665,0.8815503164105665,2015
4226965,wilmer cutler pickering hale & dor,dla piper us,other,,PlaintiffWin,0.8815503164105665,0.8815503164105665,2015
4226965,wilmer cutler pickering hale & dor,quinn emanuel urquhart & sullivan,other,,PlaintiffWin,0.8815503164105665,0.8815503164105665,2015
4226965,wilmer cutler pickering hale & dor,sheppard mullin richter & hampton,other,,PlaintiffWin,0.8815503164105665,0.8815503164105665,2015
4226965,wilmer cutler pickering hale & dor,quinn emanuel urquhart & sullivan,other,,PlaintiffWin,0.8815503164105665,0.8815503164105665,2015
4226965,wilmer cutler pickering hale & dor,quinn emanuel urquhart & sullivan,other,,PlaintiffWin,0.8815503164105665,0.8815503164105665,2015
4226965,wilmer cutler pickering hale & dor,"paul, weiss, rifkind, wharton & garrison",other,,PlaintiffWin,0.8815503164105665,0.8815503164105665,2015
4226965,wilmer cutler pickering hale & dor,dla piper us,other,,PlaintiffWin,0.8815503164105665,0.8815503164105665,2015
4226965,wilmer cutler pickering hale & dor,quinn emanuel urquhart & sullivan,other,,PlaintiffWin,0.8815503164105665,0.8815503164105665,2015
4227022,perkins coie,skadden arps slate meagher & flom,other,,PlaintiffWin,0.8345699640712835,0.8345699640712835,2013
4229052,lieff cabraser heimann & bernstein,covington & burling,other,,DefendantWin,0.8166916459626001,0.8166916459626001,2013
4229068,attorney general,wilmer cutler pickering hale & dor,contract,,PlaintiffWin,0.8083153138765845,0.8083153138765845,2013
4229068,akin gump strauss hauer & feld,wilmer cutler pickering hale & dor,contract,,PlaintiffWin,0.8083153138765845,0.8083153138765845,2013
4229068,greenberg traurig,wilmer cutler pickering hale & dor,contract,,PlaintiffWin,0.8083153138765845,0.8083153138765845,2013
4229238,robbins geller rudman & dowd,"boies, schiller & flexner",other,,PlaintiffWin,0.7989500775953263,0.7989500775953263,2013
4229238,robbins geller rudman & dowd,sullivan & cromwell,other,,PlaintiffWin,0.7989500775953263,0.7989500775953263,2013
4229238,robbins geller rudman & dowd,"boies, schiller & flexner",other,,PlaintiffWin,0.7989500775953263,0.7989500775953263,2013
4229238,robbins geller rudman & dowd,dechert,other,,PlaintiffWin,0.7989500775953263,0.7989500775953263,2013
4231478,bernstein litowitz berger & grossmann,"cravath, swaine & moore",other,,PlaintiffWin,0.7801776222498816,0.7801776222498816,2013
4232112,morrison & foerster,attorney general,other,,PlaintiffWin,0.8708032083970514,0.8708032083970514,2013
4232112,morrison & foerster,morrison & foerster,other,,PlaintiffWin,0.8708032083970514,0.8708032083970514,2013
4232128,sullivan & cromwell,attorney general,prisoner_petitions,,PlaintiffWin,0.8526205369247167,0.8526205369247167,2013
4232880,goodwin procter,"gibson, dunn & crutcher",other,,DefendantWin,0.6321360449881961,0.6321360449881961,2013
4232880,goodwin procter,"morgan, lewis & bockius",other,,DefendantWin,0.6321360449881961,0.6321360449881961,2013
4233804,akin gump strauss hauer & feld,attorney general,civil_rights,,DefendantWin,0.5470715359959569,0.4529284640040431,2014
4233804,akin gump strauss hauer & feld,attorney general,civil_rights,,DefendantWin,0.5470715359959569,0.4529284640040431,2014
4234016,"skadden, arps, slate, meagher & flom",attorney general,other,,PlaintiffWin,0.844739471738035,0.844739471738035,2013
4235511,cohen milstein sellers & toll,"morgan, lewis & bockius",labor,,DefendantWin,0.5847078586605237,0.5847078586605237,2013
4237608,fish & richardson,united states attorney,other,,PlaintiffWin,0.6926504402775502,0.6926504402775502,2013
4238140,ropes & gray,ropes & gray,contract,,PlaintiffWin,0.7650788136762995,0.7650788136762995,2013
4247656,fish & richardson,kirkland & ellis,contract,,PlaintiffWin,0.6880105407359908,0.6880105407359908,2015
4247969,kirkland & ellis,kirkland & ellis,other,,PlaintiffWin,0.8719620647889654,0.8719620647889654,2014
4248520,scott & scott,"morgan, lewis & bockius",labor,,DefendantWin,0.9598641489391508,0.9598641489391508,2014
4248520,scott & scott,foley & lardner,labor,,DefendantWin,0.9598641489391508,0.9598641489391508,2014
4248520,scott & scott,mcdermott will & emery,labor,,DefendantWin,0.9598641489391508,0.9598641489391508,2014
4248520,pomerantz,"morgan, lewis & bockius",labor,,DefendantWin,0.9598641489391508,0.9598641489391508,2014
4248520,pomerantz,foley & lardner,labor,,DefendantWin,0.9598641489391508,0.9598641489391508,2014
4248520,pomerantz,mcdermott will & emery,labor,,DefendantWin,0.9598641489391508,0.9598641489391508,2014
4250144,glancy binkow & goldberg,"gibson, dunn & crutcher",other,,DefendantWin,0.887303229172162,0.887303229172162,2014
4250144,glancy binkow & goldberg,"gibson, dunn & crutcher",other,,DefendantWin,0.887303229172162,0.887303229172162,2014
4250144,glancy binkow & goldberg,"gibson, dunn & crutcher",other,,DefendantWin,0.887303229172162,0.887303229172162,2014
4250144,lieff cabraser heimann & bernstein,"gibson, dunn & crutcher",other,,DefendantWin,0.887303229172162,0.887303229172162,2014
4250144,lieff cabraser heimann & bernstein,"gibson, dunn & crutcher",other,,DefendantWin,0.887303229172162,0.887303229172162,2014
4250144,lieff cabraser heimann & bernstein,"gibson, dunn & crutcher",other,,DefendantWin,0.887303229172162,0.887303229172162,2014
4256486,cuneo gilbert & laduca,"morgan, lewis & bockius",other,,DefendantWin,0.9795956105297654,0.9795956105297654,2014
4257783,berger & montague,sheppard mullin richter & hampton,other,,DefendantWin,0.745592944299364,0.745592944299364,2013
4258455,cohen milstein sellers & toll,"gibson, dunn & crutcher",civil_rights,,PlaintiffWin,0.6005882298457496,0.6005882298457496,2013
4258455,cohen milstein sellers & toll,"gibson, dunn & crutcher",civil_rights,,PlaintiffWin,0.6005882298457496,0.6005882298457496,2013
4258455,cohen milstein sellers & toll,"gibson, dunn & crutcher",civil_rights,,PlaintiffWin,0.6005882298457496,0.6005882298457496,2013
4258493,berger & montague,"milbank, tweed, hadley & mccloy",contract,,PlaintiffWin,0.6587263447454519,0.6587263447454519,2014
4258493,berger & montague,shearman & sterling,contract,,PlaintiffWin,0.6587263447454519,0.6587263447454519,2014
4258493,bernstein litowitz berger & grossmann,"milbank, tweed, hadley & mccloy",contract,,PlaintiffWin,0.6587263447454519,0.6587263447454519,2014
4258493,bernstein litowitz berger & grossmann,shearman & sterling,contract,,PlaintiffWin,0.6587263447454519,0.6587263447454519,2014
4258493,block & levitón,"milbank, tweed, hadley & mccloy",contract,,PlaintiffWin,0.6587263447454519,0.6587263447454519,2014
4258493,block & levitón,shearman & sterling,contract,,PlaintiffWin,0.6587263447454519,0.6587263447454519,2014
4258493,girard gibbs,"milbank, tweed, hadley & mccloy",contract,,PlaintiffWin,0.6587263447454519,0.6587263447454519,2014
4258493,girard gibbs,shearman & sterling,contract,,PlaintiffWin,0.6587263447454519,0.6587263447454519,2014
4258493,mcculley mccluer,"milbank, tweed, hadley & mccloy",contract,,PlaintiffWin,0.6587263447454519,0.6587263447454519,2014
4258493,mcculley mccluer,shearman & sterling,contract,,PlaintiffWin,0.6587263447454519,0.6587263447454519,2014
4258840,akin gump strauss hauer & feld,williams & connolly,other,,PlaintiffWin,0.7970691588063866,0.7970691588063866,2014
4258840,buchanan ingersoll & rooney,williams & connolly,other,,PlaintiffWin,0.7970691588063866,0.7970691588063866,2014
4259601,kirkland & ellis,"morgan, lewis & bockius",contract,,PlaintiffWin,0.7819265541862421,0.7819265541862421,2016
4259601,kirkland & ellis,"weil, gotshal & manges",contract,,PlaintiffWin,0.7819265541862421,0.7819265541862421,2016
4259601,kirkland & ellis,winston & strawn,contract,,PlaintiffWin,0.7819265541862421,0.7819265541862421,2016
4259601,kirkland & ellis,"morgan, lewis & bockius",contract,,PlaintiffWin,0.7819265541862421,0.7819265541862421,2016
4259799,robbins geller rudman & dowd,cahill gordon & reindel,other,,PlaintiffWin,0.913439460868288,0.913439460868288,2013
4259895,lieff cabraser heimann & bernstein,sullivan & cromwell,civil_rights,,PlaintiffWin,0.6744158965420274,0.6744158965420274,2013
4260145,bernstein litowitz berger & grossmann,dla piper,other,,PlaintiffWin,0.8934808672140593,0.8934808672140593,2014
4260145,robbins geller rudman & dowd,dla piper,other,,PlaintiffWin,0.8934808672140593,0.8934808672140593,2014
4260375,shapiro haber & urmy,goodwin procter,contract,,PlaintiffWin,0.954463673223983,0.954463673223983,2013
4260775,faruqi & faruqi,morrison & foerster,other,,DefendantWin,0.8910908939706926,0.8910908939706926,2013
4260775,faruqi & faruqi,morrison & foerster,other,,DefendantWin,0.8910908939706926,0.8910908939706926,2013
4260775,faruqi & faruqi,morrison & foerster,other,,DefendantWin,0.8910908939706926,0.8910908939706926,2013
4260775,faruqi & faruqi,morrison & foerster,other,,DefendantWin,0.8910908939706926,0.8910908939706926,2013
4260775,robbins geller rudman & dowd,morrison & foerster,other,,DefendantWin,0.8910908939706926,0.8910908939706926,2013
4260775,robbins geller rudman & dowd,morrison & foerster,other,,DefendantWin,0.8910908939706926,0.8910908939706926,2013
4260872,attorney general,attorney general,civil_rights,,PlaintiffWin,0.7808842166842376,0.7808842166842376,2014
4261281,"morgan, lewis & bockius",kirkland & ellis,civil_rights,,PlaintiffWin,0.8394872520232273,0.8394872520232273,2015
4261281,"morgan, lewis & bockius",kirkland & ellis,civil_rights,,PlaintiffWin,0.8394872520232273,0.8394872520232273,2015
4261281,"morgan, lewis & bockius",akin gump strauss hauer & feld,civil_rights,,PlaintiffWin,0.8394872520232273,0.8394872520232273,2015
4261281,"morgan, lewis & bockius",kirkland & ellis,civil_rights,,PlaintiffWin,0.8394872520232273,0.8394872520232273,2015
4261281,"morgan, lewis & bockius",kirkland & ellis,civil_rights,,PlaintiffWin,0.8394872520232273,0.8394872520232273,2015
4261281,"morgan, lewis & bockius",akin gump strauss hauer & feld,civil_rights,,PlaintiffWin,0.8394872520232273,0.8394872520232273,2015
4261302,faruqi & faruqi,jenner & block,other,,PlaintiffWin,0.9279107833715586,0.9279107833715586,2013
4261302,faruqi & faruqi,jenner & block,other,,PlaintiffWin,0.9279107833715586,0.9279107833715586,2013
4261302,glancy binkow & goldberg,jenner & block,other,,PlaintiffWin,0.9279107833715586,0.9279107833715586,2013
4261302,glancy binkow & goldberg,jenner & block,other,,PlaintiffWin,0.9279107833715586,0.9279107833715586,2013
4261925,cohen milstein sellers & toll,kirkland & ellis,other,,DefendantWin,0.715736706195995,0.715736706195995,2013
4261925,cohen milstein sellers & toll,mccarter & english,other,,DefendantWin,0.715736706195995,0.715736706195995,2013
4261925,cohen milstein sellers & toll,williams & connolly,other,,DefendantWin,0.715736706195995,0.715736706195995,2013
4261925,cohen milstein sellers & toll,covington & burling,other,,DefendantWin,0.715736706195995,0.715736706195995,2013
4261925,cohen milstein sellers & toll,mccarter & english,other,,DefendantWin,0.715736706195995,0.715736706195995,2013
4261925,cohen milstein sellers & toll,venable,other,,DefendantWin,0.715736706195995,0.715736706195995,2013
4261925,"shepherd, finkelman, miller & shah",kirkland & ellis,other,,DefendantWin,0.715736706195995,0.715736706195995,2013
4261925,"shepherd, finkelman, miller & shah",mccarter & english,other,,DefendantWin,0.715736706195995,0.715736706195995,2013
4261925,"shepherd, finkelman, miller & shah",williams & connolly,other,,DefendantWin,0.715736706195995,0.715736706195995,2013
4261925,"shepherd, finkelman, miller & shah",covington & burling,other,,DefendantWin,0.715736706195995,0.715736706195995,2013
4261925,"shepherd, finkelman, miller & shah",mccarter & english,other,,DefendantWin,0.715736706195995,0.715736706195995,2013
4261925,"shepherd, finkelman, miller & shah",venable,other,,DefendantWin,0.715736706195995,0.715736706195995,2013
4261925,faruqi & faruqi,kirkland & ellis,other,,DefendantWin,0.715736706195995,0.715736706195995,2013
4261925,faruqi & faruqi,mccarter & english,other,,DefendantWin,0.715736706195995,0.715736706195995,2013
4261925,faruqi & faruqi,williams & connolly,other,,DefendantWin,0.715736706195995,0.715736706195995,2013
4261925,faruqi & faruqi,covington & burling,other,,DefendantWin,0.715736706195995,0.715736706195995,2013
4261925,faruqi & faruqi,mccarter & english,other,,DefendantWin,0.715736706195995,0.715736706195995,2013
4261925,faruqi & faruqi,venable,other,,DefendantWin,0.715736706195995,0.715736706195995,2013
4261925,shapiro haber & urmy,kirkland & ellis,other,,DefendantWin,0.715736706195995,0.715736706195995,2013
4261925,shapiro haber & urmy,mccarter & english,other,,DefendantWin,0.715736706195995,0.715736706195995,2013
4261925,shapiro haber & urmy,williams & connolly,other,,DefendantWin,0.715736706195995,0.715736706195995,2013
4261925,shapiro haber & urmy,covington & burling,other,,DefendantWin,0.715736706195995,0.715736706195995,2013
4261925,shapiro haber & urmy,mccarter & english,other,,DefendantWin,0.715736706195995,0.715736706195995,2013
4261925,shapiro haber & urmy,venable,other,,DefendantWin,0.715736706195995,0.715736706195995,2013
4261925,buchanan ingersoll & rooney,kirkland & ellis,other,,DefendantWin,0.715736706195995,0.715736706195995,2013
4261925,buchanan ingersoll & rooney,mccarter & english,other,,DefendantWin,0.715736706195995,0.715736706195995,2013
4261925,buchanan ingersoll & rooney,williams & connolly,other,,DefendantWin,0.715736706195995,0.715736706195995,2013
4261925,buchanan ingersoll & rooney,covington & burling,other,,DefendantWin,0.715736706195995,0.715736706195995,2013
4261925,buchanan ingersoll & rooney,mccarter & english,other,,DefendantWin,0.715736706195995,0.715736706195995,2013
4261925,buchanan ingersoll & rooney,venable,other,,DefendantWin,0.715736706195995,0.715736706195995,2013
4261925,berger & montague,kirkland & ellis,other,,DefendantWin,0.715736706195995,0.715736706195995,2013
4261925,berger & montague,mccarter & english,other,,DefendantWin,0.715736706195995,0.715736706195995,2013
4261925,berger & montague,williams & connolly,other,,DefendantWin,0.715736706195995,0.715736706195995,2013
4261925,berger & montague,covington & burling,other,,DefendantWin,0.715736706195995,0.715736706195995,2013
4261925,berger & montague,mccarter & english,other,,DefendantWin,0.715736706195995,0.715736706195995,2013
4261925,berger & montague,venable,other,,DefendantWin,0.715736706195995,0.715736706195995,2013
4261925,scott & scott,kirkland & ellis,other,,DefendantWin,0.715736706195995,0.715736706195995,2013
4261925,scott & scott,mccarter & english,other,,DefendantWin,0.715736706195995,0.715736706195995,2013
4261925,scott & scott,williams & connolly,other,,DefendantWin,0.715736706195995,0.715736706195995,2013
4261925,scott & scott,covington & burling,other,,DefendantWin,0.715736706195995,0.715736706195995,2013
4261925,scott & scott,mccarter & english,other,,DefendantWin,0.715736706195995,0.715736706195995,2013
4261925,scott & scott,venable,other,,DefendantWin,0.715736706195995,0.715736706195995,2013
4261925,grant & eisenhofer,kirkland & ellis,other,,DefendantWin,0.715736706195995,0.715736706195995,2013
4261925,grant & eisenhofer,mccarter & english,other,,DefendantWin,0.715736706195995,0.715736706195995,2013
4261925,grant & eisenhofer,williams & connolly,other,,DefendantWin,0.715736706195995,0.715736706195995,2013
4261925,grant & eisenhofer,covington & burling,other,,DefendantWin,0.715736706195995,0.715736706195995,2013
4261925,grant & eisenhofer,mccarter & english,other,,DefendantWin,0.715736706195995,0.715736706195995,2013
4261925,grant & eisenhofer,venable,other,,DefendantWin,0.715736706195995,0.715736706195995,2013
4261925,cohen milstein sellers & toll,kirkland & ellis,other,,DefendantWin,0.715736706195995,0.715736706195995,2013
4261925,cohen milstein sellers & toll,mccarter & english,other,,DefendantWin,0.715736706195995,0.715736706195995,2013
4261925,cohen milstein sellers & toll,williams & connolly,other,,DefendantWin,0.715736706195995,0.715736706195995,2013
4261925,cohen milstein sellers & toll,covington & burling,other,,DefendantWin,0.715736706195995,0.715736706195995,2013
4261925,cohen milstein sellers & toll,mccarter & english,other,,DefendantWin,0.715736706195995,0.715736706195995,2013
4261925,cohen milstein sellers & toll,venable,other,,DefendantWin,0.715736706195995,0.715736706195995,2013
4261925,scott & scott,kirkland & ellis,other,,DefendantWin,0.715736706195995,0.715736706195995,2013
4261925,scott & scott,mccarter & english,other,,DefendantWin,0.715736706195995,0.715736706195995,2013
4261925,scott & scott,williams & connolly,other,,DefendantWin,0.715736706195995,0.715736706195995,2013
4261925,scott & scott,covington & burling,other,,DefendantWin,0.715736706195995,0.715736706195995,2013
4261925,scott & scott,mccarter & english,other,,DefendantWin,0.715736706195995,0.715736706195995,2013
4261925,scott & scott,venable,other,,DefendantWin,0.715736706195995,0.715736706195995,2013
4261925,grant & eisenhofer,kirkland & ellis,other,,DefendantWin,0.715736706195995,0.715736706195995,2013
4261925,grant & eisenhofer,mccarter & english,other,,DefendantWin,0.715736706195995,0.715736706195995,2013
4261925,grant & eisenhofer,williams & connolly,other,,DefendantWin,0.715736706195995,0.715736706195995,2013
4261925,grant & eisenhofer,covington & burling,other,,DefendantWin,0.715736706195995,0.715736706195995,2013
4261925,grant & eisenhofer,mccarter & english,other,,DefendantWin,0.715736706195995,0.715736706195995,2013
4261925,grant & eisenhofer,venable,other,,DefendantWin,0.715736706195995,0.715736706195995,2013
4261925,girard gibbs,kirkland & ellis,other,,DefendantWin,0.715736706195995,0.715736706195995,2013
4261925,girard gibbs,mccarter & english,other,,DefendantWin,0.715736706195995,0.715736706195995,2013
4261925,girard gibbs,williams & connolly,other,,DefendantWin,0.715736706195995,0.715736706195995,2013
4261925,girard gibbs,covington & burling,other,,DefendantWin,0.715736706195995,0.715736706195995,2013
4261925,girard gibbs,mccarter & english,other,,DefendantWin,0.715736706195995,0.715736706195995,2013
4261925,girard gibbs,venable,other,,DefendantWin,0.715736706195995,0.715736706195995,2013
4261925,hagens berman sobol shapiro,kirkland & ellis,other,,DefendantWin,0.715736706195995,0.715736706195995,2013
4261925,hagens berman sobol shapiro,mccarter & english,other,,DefendantWin,0.715736706195995,0.715736706195995,2013
4261925,hagens berman sobol shapiro,williams & connolly,other,,DefendantWin,0.715736706195995,0.715736706195995,2013
4261925,hagens berman sobol shapiro,covington & burling,other,,DefendantWin,0.715736706195995,0.715736706195995,2013
4261925,hagens berman sobol shapiro,mccarter & english,other,,DefendantWin,0.715736706195995,0.715736706195995,2013
4261925,hagens berman sobol shapiro,venable,other,,DefendantWin,0.715736706195995,0.715736706195995,2013
4262839,"cravath, swaine & moore",latham & watkins,other,,PlaintiffWin,0.8322096710136595,0.8322096710136595,2015
4262839,"cravath, swaine & moore",greenberg traurig,other,,PlaintiffWin,0.8322096710136595,0.8322096710136595,2015
4262839,sidley austin,latham & watkins,other,,PlaintiffWin,0.8322096710136595,0.8322096710136595,2015
4262839,sidley austin,greenberg traurig,other,,PlaintiffWin,0.8322096710136595,0.8322096710136595,2015
4263707,"boies, schiller & flexner",united states attorney,civil_rights,,PlaintiffWin,0.8433722527512688,0.8433722527512688,2015
4265082,baron & budd,buchanan ingersoll & rooney,real_property,,PlaintiffWin,0.9806943888735884,0.9806943888735884,2015
4265500,dickstein shapiro,attorney general,civil_rights,,PlaintiffWin,0.8753825965426439,0.8753825965426439,2015
4265763,"boies, schiller & flexner",united states attorney,civil_rights,,PlaintiffWin,0.8433722527512688,0.8433722527512688,2015
4266097,shapiro haber & urmy,"skadden, arps, slate, meagher & flom",other,,PlaintiffWin,0.9766382113576086,0.9766382113576086,2015
4266097,lowey dannenberg cohen & hart,"skadden, arps, slate, meagher & flom",other,,PlaintiffWin,0.9766382113576086,0.9766382113576086,2015
4266163,susman godfrey,fish & richardson,other,,PlaintiffWin,0.919665682700218,0.919665682700218,2015
4266220,"orrick, herrington & sutcliffe",o’melveny & myers,other,,PlaintiffWin,0.9239343849796652,0.9239343849796652,2015
4266220,"orrick, herrington & sutcliffe",o’melveny & myers,other,,PlaintiffWin,0.9239343849796652,0.9239343849796652,2015
4266220,perkins coie,o’melveny & myers,other,,PlaintiffWin,0.9239343849796652,0.9239343849796652,2015
4266220,sidley austin,o’melveny & myers,other,,PlaintiffWin,0.9239343849796652,0.9239343849796652,2015
4266220,sidley austin,o’melveny & myers,other,,PlaintiffWin,0.9239343849796652,0.9239343849796652,2015
4266510,hagens berman sobol shapiro,"morgan, lewis & bockius",other,,PlaintiffWin,0.8041898175729113,0.8041898175729113,2015
4266510,hagens berman sobol shapiro,williams & connolly,other,,PlaintiffWin,0.8041898175729113,0.8041898175729113,2015
4266510,hagens berman sobol shapiro,"morgan, lewis & bockius",other,,PlaintiffWin,0.8041898175729113,0.8041898175729113,2015
4266510,hagens berman sobol shapiro,williams & connolly,other,,PlaintiffWin,0.8041898175729113,0.8041898175729113,2015
4268022,scott & scott,"morgan, lewis & bockius",other,,PlaintiffWin,0.961687239436578,0.961687239436578,2015
4268022,glancy binkow & goldberg,"morgan, lewis & bockius",other,,PlaintiffWin,0.961687239436578,0.961687239436578,2015
4269341,"orrick, herrington & sutcliffe",katten muchin rosenman,contract,,PlaintiffWin,0.5744199999873252,0.5744199999873252,2015
4269341,"orrick, herrington & sutcliffe",katten muchin rosenman,contract,,PlaintiffWin,0.5744199999873252,0.5744199999873252,2015
4269341,perkins coie,katten muchin rosenman,contract,,PlaintiffWin,0.5744199999873252,0.5744199999873252,2015
4269341,perkins coie,katten muchin rosenman,contract,,PlaintiffWin,0.5744199999873252,0.5744199999873252,2015
4272750,perkins coie,o’melveny & myers,other,,DefendantWin,0.9243190792615886,0.9243190792615886,2016
4272802,foley & lardner,fish & richardson,other,,PlaintiffWin,0.9173984949201957,0.9173984949201957,2014
4272802,foley & lardner,fish & richardson,other,,PlaintiffWin,0.9173984949201957,0.9173984949201957,2014
4272802,foley & lardner,fish & richardson,other,,PlaintiffWin,0.9173984949201957,0.9173984949201957,2014
4272802,foley & lardner,fish & richardson,other,,PlaintiffWin,0.9173984949201957,0.9173984949201957,2014
4272802,"morris, nichols, arsht & tunnell",fish & richardson,other,,PlaintiffWin,0.9173984949201957,0.9173984949201957,2014
4272802,"morris, nichols, arsht & tunnell",fish & richardson,other,,PlaintiffWin,0.9173984949201957,0.9173984949201957,2014
4274262,robbins geller rudman & dowd,"weil, gotshal & manges",other,,PlaintiffWin,0.9569938976370724,0.9569938976370724,2014
4274262,labaton sucharow,"weil, gotshal & manges",other,,PlaintiffWin,0.9569938976370724,0.9569938976370724,2014
4275029,blank rome,buchanan ingersoll & rooney,contract,,PlaintiffWin,0.8420338137565773,0.8420338137565773,2014
4275594,attorney general,"shook, hardy & bacon",other,,PlaintiffWin,0.8562025160108,0.8562025160108,2014
4275594,attorney general,cahill gordon & reindel,other,,PlaintiffWin,0.8562025160108,0.8562025160108,2014
4275594,attorney general,buchanan ingersoll & rooney,other,,PlaintiffWin,0.8562025160108,0.8562025160108,2014
4275594,attorney general,morrison & foerster,other,,PlaintiffWin,0.8562025160108,0.8562025160108,2014
4275594,attorney general,perkins coie,other,,PlaintiffWin,0.8562025160108,0.8562025160108,2014
4275594,cahill gordon & reindel,"shook, hardy & bacon",other,,PlaintiffWin,0.8562025160108,0.8562025160108,2014
4275594,cahill gordon & reindel,cahill gordon & reindel,other,,PlaintiffWin,0.8562025160108,0.8562025160108,2014
4275594,cahill gordon & reindel,buchanan ingersoll & rooney,other,,PlaintiffWin,0.8562025160108,0.8562025160108,2014
4275594,cahill gordon & reindel,morrison & foerster,other,,PlaintiffWin,0.8562025160108,0.8562025160108,2014
4275594,cahill gordon & reindel,perkins coie,other,,PlaintiffWin,0.8562025160108,0.8562025160108,2014
4275594,cohen milstein sellers & toll,"shook, hardy & bacon",other,,PlaintiffWin,0.8562025160108,0.8562025160108,2014
4275594,cohen milstein sellers & toll,cahill gordon & reindel,other,,PlaintiffWin,0.8562025160108,0.8562025160108,2014
4275594,cohen milstein sellers & toll,buchanan ingersoll & rooney,other,,PlaintiffWin,0.8562025160108,0.8562025160108,2014
4275594,cohen milstein sellers & toll,morrison & foerster,other,,PlaintiffWin,0.8562025160108,0.8562025160108,2014
4275594,cohen milstein sellers & toll,perkins coie,other,,PlaintiffWin,0.8562025160108,0.8562025160108,2014
4285190,"lieff, cabraser, heimann & bernstein","gibson, dunn & crutcher",other,,DefendantWin,0.7977215167194469,0.7977215167194469,2014
4288829,robbins geller rudman & dowd,"skadden, arps, slate, meagher & flom",other,,PlaintiffWin,0.9252713589902004,0.9252713589902004,2016
4288829,kaplan fox & kilsheimer,"skadden, arps, slate, meagher & flom",other,,PlaintiffWin,0.9252713589902004,0.9252713589902004,2016
4288829,grant & eisenhofer,"skadden, arps, slate, meagher & flom",other,,PlaintiffWin,0.9252713589902004,0.9252713589902004,2016
4289308,sidley austin,attorney general,civil_rights,,PlaintiffWin,0.8085007277426481,0.8085007277426481,2015
4289767,glancy binkow & goldberg,sidley austin,contract,,PlaintiffWin,0.9705688475719656,0.9705688475719656,2015
4290125,cohen milstein sellers & toll,williams & connolly,other,,PlaintiffWin,0.6866343571794671,0.6866343571794671,2015
4290448,faruqi & faruqi,perkins coie,other,,PlaintiffWin,0.8996502635054874,0.8996502635054874,2015
4290565,perkins coie,united states attorney,civil_rights,,PlaintiffWin,0.7223847262026236,0.7223847262026236,2015
4295936,faruqi & faruqi,mccarter & english,torts,,PlaintiffWin,0.6795699757416294,0.6795699757416294,2014
4296262,glancy binkow & goldberg,shearman & sterling,other,,PlaintiffWin,0.8160535156753184,0.8160535156753184,2014
4296262,cohen milstein sellers & toll,shearman & sterling,other,,PlaintiffWin,0.8160535156753184,0.8160535156753184,2014
4304260,united states attorney,united states attorney,other,,PlaintiffWin,0.8767996471958108,0.8767996471958108,2014
4304260,united states attorney,sullivan & cromwell,other,,PlaintiffWin,0.8767996471958108,0.8767996471958108,2014
4304260,united states attorney,sullivan & cromwell,other,,PlaintiffWin,0.8767996471958108,0.8767996471958108,2014
4304260,united states attorney,simpson thacher & bartlett,other,,PlaintiffWin,0.8767996471958108,0.8767996471958108,2014
4304260,united states attorney,"locke, liddell & sapp",other,,PlaintiffWin,0.8767996471958108,0.8767996471958108,2014
4304260,united states attorney,"gibson, dunn & crutcher",other,,PlaintiffWin,0.8767996471958108,0.8767996471958108,2014
4304260,united states attorney,covington & burling,other,,PlaintiffWin,0.8767996471958108,0.8767996471958108,2014
4304260,united states attorney,mcdermott will & emery,other,,PlaintiffWin,0.8767996471958108,0.8767996471958108,2014
4304260,united states attorney,"boies, schiller & flexner",other,,PlaintiffWin,0.8767996471958108,0.8767996471958108,2014
4304260,united states attorney,covington & burling,other,,PlaintiffWin,0.8767996471958108,0.8767996471958108,2014
4304260,united states attorney,davis polk & wardwell,other,,PlaintiffWin,0.8767996471958108,0.8767996471958108,2014
4304260,united states attorney,"milbank, tweed, hadley & mccloy",other,,PlaintiffWin,0.8767996471958108,0.8767996471958108,2014
4304260,united states attorney,hughes hubbard & reed,other,,PlaintiffWin,0.8767996471958108,0.8767996471958108,2014
4304260,united states attorney,"gibson, dunn & crutcher",other,,PlaintiffWin,0.8767996471958108,0.8767996471958108,2014
4304260,united states attorney,wilmer cutler pickering hale & dor,other,,PlaintiffWin,0.8767996471958108,0.8767996471958108,2014
4304260,united states attorney,simpson thacher & bartlett,other,,PlaintiffWin,0.8767996471958108,0.8767996471958108,2014
4304260,united states attorney,locke lord bissell & liddell,other,,PlaintiffWin,0.8767996471958108,0.8767996471958108,2014
4304260,united states attorney,paul weiss rifkind wharton & garrison,other,,PlaintiffWin,0.8767996471958108,0.8767996471958108,2014
4304260,united states attorney,cahill gordon & reindel,other,,PlaintiffWin,0.8767996471958108,0.8767996471958108,2014
4304260,united states attorney,"boies, schiller & flexner",other,,PlaintiffWin,0.8767996471958108,0.8767996471958108,2014
4304260,united states attorney,davis polk & wardwell,other,,PlaintiffWin,0.8767996471958108,0.8767996471958108,2014
4304260,united states attorney,hughes hubbard & reed,other,,PlaintiffWin,0.8767996471958108,0.8767996471958108,2014
4304260,united states attorney,katten muchin rosenman,other,,PlaintiffWin,0.8767996471958108,0.8767996471958108,2014
4304260,united states attorney,sidley austin,other,,PlaintiffWin,0.8767996471958108,0.8767996471958108,2014
4304260,united states attorney,schiff hardin,other,,PlaintiffWin,0.8767996471958108,0.8767996471958108,2014
4304260,united states attorney,mayer brown,other,,PlaintiffWin,0.8767996471958108,0.8767996471958108,2014
4304260,united states attorney,sidley austin,other,,PlaintiffWin,0.8767996471958108,0.8767996471958108,2014
4304260,united states attorney,flemming zulack williamson zauderer,other,,PlaintiffWin,0.8767996471958108,0.8767996471958108,2014
4304260,united states attorney,covington & burling,other,,PlaintiffWin,0.8767996471958108,0.8767996471958108,2014
4304260,united states attorney,sullivan & cromwell,other,,PlaintiffWin,0.8767996471958108,0.8767996471958108,2014
4304260,freed kanner london & millen,united states attorney,other,,PlaintiffWin,0.8767996471958108,0.8767996471958108,2014
4304260,freed kanner london & millen,sullivan & cromwell,other,,PlaintiffWin,0.8767996471958108,0.8767996471958108,2014
4304260,freed kanner london & millen,sullivan & cromwell,other,,PlaintiffWin,0.8767996471958108,0.8767996471958108,2014
4304260,freed kanner london & millen,simpson thacher & bartlett,other,,PlaintiffWin,0.8767996471958108,0.8767996471958108,2014
4304260,freed kanner london & millen,"locke, liddell & sapp",other,,PlaintiffWin,0.8767996471958108,0.8767996471958108,2014
4304260,freed kanner london & millen,"gibson, dunn & crutcher",other,,PlaintiffWin,0.8767996471958108,0.8767996471958108,2014
4304260,freed kanner london & millen,covington & burling,other,,PlaintiffWin,0.8767996471958108,0.8767996471958108,2014
4304260,freed kanner london & millen,mcdermott will & emery,other,,PlaintiffWin,0.8767996471958108,0.8767996471958108,2014
4304260,freed kanner london & millen,"boies, schiller & flexner",other,,PlaintiffWin,0.8767996471958108,0.8767996471958108,2014
4304260,freed kanner london & millen,covington & burling,other,,PlaintiffWin,0.8767996471958108,0.8767996471958108,2014
4304260,freed kanner london & millen,davis polk & wardwell,other,,PlaintiffWin,0.8767996471958108,0.8767996471958108,2014
4304260,freed kanner london & millen,"milbank, tweed, hadley & mccloy",other,,PlaintiffWin,0.8767996471958108,0.8767996471958108,2014
4304260,freed kanner london & millen,hughes hubbard & reed,other,,PlaintiffWin,0.8767996471958108,0.8767996471958108,2014
4304260,freed kanner london & millen,"gibson, dunn & crutcher",other,,PlaintiffWin,0.8767996471958108,0.8767996471958108,2014
4304260,freed kanner london & millen,wilmer cutler pickering hale & dor,other,,PlaintiffWin,0.8767996471958108,0.8767996471958108,2014
4304260,freed kanner london & millen,simpson thacher & bartlett,other,,PlaintiffWin,0.8767996471958108,0.8767996471958108,2014
4304260,freed kanner london & millen,locke lord bissell & liddell,other,,PlaintiffWin,0.8767996471958108,0.8767996471958108,2014
4304260,freed kanner london & millen,paul weiss rifkind wharton & garrison,other,,PlaintiffWin,0.8767996471958108,0.8767996471958108,2014
4304260,freed kanner london & millen,cahill gordon & reindel,other,,PlaintiffWin,0.8767996471958108,0.8767996471958108,2014
4304260,freed kanner london & millen,"boies, schiller & flexner",other,,PlaintiffWin,0.8767996471958108,0.8767996471958108,2014
4304260,freed kanner london & millen,davis polk & wardwell,other,,PlaintiffWin,0.8767996471958108,0.8767996471958108,2014
4304260,freed kanner london & millen,hughes hubbard & reed,other,,PlaintiffWin,0.8767996471958108,0.8767996471958108,2014
4304260,freed kanner london & millen,katten muchin rosenman,other,,PlaintiffWin,0.8767996471958108,0.8767996471958108,2014
4304260,freed kanner london & millen,sidley austin,other,,PlaintiffWin,0.8767996471958108,0.8767996471958108,2014
4304260,freed kanner london & millen,schiff hardin,other,,PlaintiffWin,0.8767996471958108,0.8767996471958108,2014
4304260,freed kanner london & millen,mayer brown,other,,PlaintiffWin,0.8767996471958108,0.8767996471958108,2014
4304260,freed kanner london & millen,sidley austin,other,,PlaintiffWin,0.8767996471958108,0.8767996471958108,2014
4304260,freed kanner london & millen,flemming zulack williamson zauderer,other,,PlaintiffWin,0.8767996471958108,0.8767996471958108,2014
4304260,freed kanner london & millen,covington & burling,other,,PlaintiffWin,0.8767996471958108,0.8767996471958108,2014
4304260,freed kanner london & millen,sullivan & cromwell,other,,PlaintiffWin,0.8767996471958108,0.8767996471958108,2014
4304260,"robins, kaplan, miller & ciresi",united states attorney,other,,PlaintiffWin,0.8767996471958108,0.8767996471958108,2014
4304260,"robins, kaplan, miller & ciresi",sullivan & cromwell,other,,PlaintiffWin,0.8767996471958108,0.8767996471958108,2014
4304260,"robins, kaplan, miller & ciresi",sullivan & cromwell,other,,PlaintiffWin,0.8767996471958108,0.8767996471958108,2014
4304260,"robins, kaplan, miller & ciresi",simpson thacher & bartlett,other,,PlaintiffWin,0.8767996471958108,0.8767996471958108,2014
4304260,"robins, kaplan, miller & ciresi","locke, liddell & sapp",other,,PlaintiffWin,0.8767996471958108,0.8767996471958108,2014
4304260,"robins, kaplan, miller & ciresi","gibson, dunn & crutcher",other,,PlaintiffWin,0.8767996471958108,0.8767996471958108,2014
4304260,"robins, kaplan, miller & ciresi",covington & burling,other,,PlaintiffWin,0.8767996471958108,0.8767996471958108,2014
4304260,"robins, kaplan, miller & ciresi",mcdermott will & emery,other,,PlaintiffWin,0.8767996471958108,0.8767996471958108,2014
4304260,"robins, kaplan, miller & ciresi","boies, schiller & flexner",other,,PlaintiffWin,0.8767996471958108,0.8767996471958108,2014
4304260,"robins, kaplan, miller & ciresi",covington & burling,other,,PlaintiffWin,0.8767996471958108,0.8767996471958108,2014
4304260,"robins, kaplan, miller & ciresi",davis polk & wardwell,other,,PlaintiffWin,0.8767996471958108,0.8767996471958108,2014
4304260,"robins, kaplan, miller & ciresi","milbank, tweed, hadley & mccloy",other,,PlaintiffWin,0.8767996471958108,0.8767996471958108,2014
4304260,"robins, kaplan, miller & ciresi",hughes hubbard & reed,other,,PlaintiffWin,0.8767996471958108,0.8767996471958108,2014
4304260,"robins, kaplan, miller & ciresi","gibson, dunn & crutcher",other,,PlaintiffWin,0.8767996471958108,0.8767996471958108,2014
4304260,"robins, kaplan, miller & ciresi",wilmer cutler pickering hale & dor,other,,PlaintiffWin,0.8767996471958108,0.8767996471958108,2014
4304260,"robins, kaplan, miller & ciresi",simpson thacher & bartlett,other,,PlaintiffWin,0.8767996471958108,0.8767996471958108,2014
4304260,"robins, kaplan, miller & ciresi",locke lord bissell & liddell,other,,PlaintiffWin,0.8767996471958108,0.8767996471958108,2014
4304260,"robins, kaplan, miller & ciresi",paul weiss rifkind wharton & garrison,other,,PlaintiffWin,0.8767996471958108,0.8767996471958108,2014
4304260,"robins, kaplan, miller & ciresi",cahill gordon & reindel,other,,PlaintiffWin,0.8767996471958108,0.8767996471958108,2014
4304260,"robins, kaplan, miller & ciresi","boies, schiller & flexner",other,,PlaintiffWin,0.8767996471958108,0.8767996471958108,2014
4304260,"robins, kaplan, miller & ciresi",davis polk & wardwell,other,,PlaintiffWin,0.8767996471958108,0.8767996471958108,2014
4304260,"robins, kaplan, miller & ciresi",hughes hubbard & reed,other,,PlaintiffWin,0.8767996471958108,0.8767996471958108,2014
4304260,"robins, kaplan, miller & ciresi",katten muchin rosenman,other,,PlaintiffWin,0.8767996471958108,0.8767996471958108,2014
4304260,"robins, kaplan, miller & ciresi",sidley austin,other,,PlaintiffWin,0.8767996471958108,0.8767996471958108,2014
4304260,"robins, kaplan, miller & ciresi",schiff hardin,other,,PlaintiffWin,0.8767996471958108,0.8767996471958108,2014
4304260,"robins, kaplan, miller & ciresi",mayer brown,other,,PlaintiffWin,0.8767996471958108,0.8767996471958108,2014
4304260,"robins, kaplan, miller & ciresi",sidley austin,other,,PlaintiffWin,0.8767996471958108,0.8767996471958108,2014
4304260,"robins, kaplan, miller & ciresi",flemming zulack williamson zauderer,other,,PlaintiffWin,0.8767996471958108,0.8767996471958108,2014
4304260,"robins, kaplan, miller & ciresi",covington & burling,other,,PlaintiffWin,0.8767996471958108,0.8767996471958108,2014
4304260,"robins, kaplan, miller & ciresi",sullivan & cromwell,other,,PlaintiffWin,0.8767996471958108,0.8767996471958108,2014
4304260,heins mills & olson,united states attorney,other,,PlaintiffWin,0.8767996471958108,0.8767996471958108,2014
4304260,heins mills & olson,sullivan & cromwell,other,,PlaintiffWin,0.8767996471958108,0.8767996471958108,2014
4304260,heins mills & olson,sullivan & cromwell,other,,PlaintiffWin,0.8767996471958108,0.8767996471958108,2014
4304260,heins mills & olson,simpson thacher & bartlett,other,,PlaintiffWin,0.8767996471958108,0.8767996471958108,2014
4304260,heins mills & olson,"locke, liddell & sapp",other,,PlaintiffWin,0.8767996471958108,0.8767996471958108,2014
4304260,heins mills & olson,"gibson, dunn & crutcher",other,,PlaintiffWin,0.8767996471958108,0.8767996471958108,2014
4304260,heins mills & olson,covington & burling,other,,PlaintiffWin,0.8767996471958108,0.8767996471958108,2014
4304260,heins mills & olson,mcdermott will & emery,other,,PlaintiffWin,0.8767996471958108,0.8767996471958108,2014
4304260,heins mills & olson,"boies, schiller & flexner",other,,PlaintiffWin,0.8767996471958108,0.8767996471958108,2014
4304260,heins mills & olson,covington & burling,other,,PlaintiffWin,0.8767996471958108,0.8767996471958108,2014
4304260,heins mills & olson,davis polk & wardwell,other,,PlaintiffWin,0.8767996471958108,0.8767996471958108,2014
4304260,heins mills & olson,"milbank, tweed, hadley & mccloy",other,,PlaintiffWin,0.8767996471958108,0.8767996471958108,2014
4304260,heins mills & olson,hughes hubbard & reed,other,,PlaintiffWin,0.8767996471958108,0.8767996471958108,2014
4304260,heins mills & olson,"gibson, dunn & crutcher",other,,PlaintiffWin,0.8767996471958108,0.8767996471958108,2014
4304260,heins mills & olson,wilmer cutler pickering hale & dor,other,,PlaintiffWin,0.8767996471958108,0.8767996471958108,2014
4304260,heins mills & olson,simpson thacher & bartlett,other,,PlaintiffWin,0.8767996471958108,0.8767996471958108,2014
4304260,heins mills & olson,locke lord bissell & liddell,other,,PlaintiffWin,0.8767996471958108,0.8767996471958108,2014
4304260,heins mills & olson,paul weiss rifkind wharton & garrison,other,,PlaintiffWin,0.8767996471958108,0.8767996471958108,2014
4304260,heins mills & olson,cahill gordon & reindel,other,,PlaintiffWin,0.8767996471958108,0.8767996471958108,2014
4304260,heins mills & olson,"boies, schiller & flexner",other,,PlaintiffWin,0.8767996471958108,0.8767996471958108,2014
4304260,heins mills & olson,davis polk & wardwell,other,,PlaintiffWin,0.8767996471958108,0.8767996471958108,2014
4304260,heins mills & olson,hughes hubbard & reed,other,,PlaintiffWin,0.8767996471958108,0.8767996471958108,2014
4304260,heins mills & olson,katten muchin rosenman,other,,PlaintiffWin,0.8767996471958108,0.8767996471958108,2014
4304260,heins mills & olson,sidley austin,other,,PlaintiffWin,0.8767996471958108,0.8767996471958108,2014
4304260,heins mills & olson,schiff hardin,other,,PlaintiffWin,0.8767996471958108,0.8767996471958108,2014
4304260,heins mills & olson,mayer brown,other,,PlaintiffWin,0.8767996471958108,0.8767996471958108,2014
4304260,heins mills & olson,sidley austin,other,,PlaintiffWin,0.8767996471958108,0.8767996471958108,2014
4304260,heins mills & olson,flemming zulack williamson zauderer,other,,PlaintiffWin,0.8767996471958108,0.8767996471958108,2014
4304260,heins mills & olson,covington & burling,other,,PlaintiffWin,0.8767996471958108,0.8767996471958108,2014
4304260,heins mills & olson,sullivan & cromwell,other,,PlaintiffWin,0.8767996471958108,0.8767996471958108,2014
4304260,shapiro haber & urmy,united states attorney,other,,PlaintiffWin,0.8767996471958108,0.8767996471958108,2014
4304260,shapiro haber & urmy,sullivan & cromwell,other,,PlaintiffWin,0.8767996471958108,0.8767996471958108,2014
4304260,shapiro haber & urmy,sullivan & cromwell,other,,PlaintiffWin,0.8767996471958108,0.8767996471958108,2014
4304260,shapiro haber & urmy,simpson thacher & bartlett,other,,PlaintiffWin,0.8767996471958108,0.8767996471958108,2014
4304260,shapiro haber & urmy,"locke, liddell & sapp",other,,PlaintiffWin,0.8767996471958108,0.8767996471958108,2014
4304260,shapiro haber & urmy,"gibson, dunn & crutcher",other,,PlaintiffWin,0.8767996471958108,0.8767996471958108,2014
4304260,shapiro haber & urmy,covington & burling,other,,PlaintiffWin,0.8767996471958108,0.8767996471958108,2014
4304260,shapiro haber & urmy,mcdermott will & emery,other,,PlaintiffWin,0.8767996471958108,0.8767996471958108,2014
4304260,shapiro haber & urmy,"boies, schiller & flexner",other,,PlaintiffWin,0.8767996471958108,0.8767996471958108,2014
4304260,shapiro haber & urmy,covington & burling,other,,PlaintiffWin,0.8767996471958108,0.8767996471958108,2014
4304260,shapiro haber & urmy,davis polk & wardwell,other,,PlaintiffWin,0.8767996471958108,0.8767996471958108,2014
4304260,shapiro haber & urmy,"milbank, tweed, hadley & mccloy",other,,PlaintiffWin,0.8767996471958108,0.8767996471958108,2014
4304260,shapiro haber & urmy,hughes hubbard & reed,other,,PlaintiffWin,0.8767996471958108,0.8767996471958108,2014
4304260,shapiro haber & urmy,"gibson, dunn & crutcher",other,,PlaintiffWin,0.8767996471958108,0.8767996471958108,2014
4304260,shapiro haber & urmy,wilmer cutler pickering hale & dor,other,,PlaintiffWin,0.8767996471958108,0.8767996471958108,2014
4304260,shapiro haber & urmy,simpson thacher & bartlett,other,,PlaintiffWin,0.8767996471958108,0.8767996471958108,2014
4304260,shapiro haber & urmy,locke lord bissell & liddell,other,,PlaintiffWin,0.8767996471958108,0.8767996471958108,2014
4304260,shapiro haber & urmy,paul weiss rifkind wharton & garrison,other,,PlaintiffWin,0.8767996471958108,0.8767996471958108,2014
4304260,shapiro haber & urmy,cahill gordon & reindel,other,,PlaintiffWin,0.8767996471958108,0.8767996471958108,2014
4304260,shapiro haber & urmy,"boies, schiller & flexner",other,,PlaintiffWin,0.8767996471958108,0.8767996471958108,2014
4304260,shapiro haber & urmy,davis polk & wardwell,other,,PlaintiffWin,0.8767996471958108,0.8767996471958108,2014
4304260,shapiro haber & urmy,hughes hubbard & reed,other,,PlaintiffWin,0.8767996471958108,0.8767996471958108,2014
4304260,shapiro haber & urmy,katten muchin rosenman,other,,PlaintiffWin,0.8767996471958108,0.8767996471958108,2014
4304260,shapiro haber & urmy,sidley austin,other,,PlaintiffWin,0.8767996471958108,0.8767996471958108,2014
4304260,shapiro haber & urmy,schiff hardin,other,,PlaintiffWin,0.8767996471958108,0.8767996471958108,2014
4304260,shapiro haber & urmy,mayer brown,other,,PlaintiffWin,0.8767996471958108,0.8767996471958108,2014
4304260,shapiro haber & urmy,sidley austin,other,,PlaintiffWin,0.8767996471958108,0.8767996471958108,2014
4304260,shapiro haber & urmy,flemming zulack williamson zauderer,other,,PlaintiffWin,0.8767996471958108,0.8767996471958108,2014
4304260,shapiro haber & urmy,covington & burling,other,,PlaintiffWin,0.8767996471958108,0.8767996471958108,2014
4304260,shapiro haber & urmy,sullivan & cromwell,other,,PlaintiffWin,0.8767996471958108,0.8767996471958108,2014
4304260,"shepherd, finkelman, miller & shah",united states attorney,other,,PlaintiffWin,0.8767996471958108,0.8767996471958108,2014
4304260,"shepherd, finkelman, miller & shah",sullivan & cromwell,other,,PlaintiffWin,0.8767996471958108,0.8767996471958108,2014
4304260,"shepherd, finkelman, miller & shah",sullivan & cromwell,other,,PlaintiffWin,0.8767996471958108,0.8767996471958108,2014
4304260,"shepherd, finkelman, miller & shah",simpson thacher & bartlett,other,,PlaintiffWin,0.8767996471958108,0.8767996471958108,2014
4304260,"shepherd, finkelman, miller & shah","locke, liddell & sapp",other,,PlaintiffWin,0.8767996471958108,0.8767996471958108,2014
4304260,"shepherd, finkelman, miller & shah","gibson, dunn & crutcher",other,,PlaintiffWin,0.8767996471958108,0.8767996471958108,2014
4304260,"shepherd, finkelman, miller & shah",covington & burling,other,,PlaintiffWin,0.8767996471958108,0.8767996471958108,2014
4304260,"shepherd, finkelman, miller & shah",mcdermott will & emery,other,,PlaintiffWin,0.8767996471958108,0.8767996471958108,2014
4304260,"shepherd, finkelman, miller & shah","boies, schiller & flexner",other,,PlaintiffWin,0.8767996471958108,0.8767996471958108,2014
4304260,"shepherd, finkelman, miller & shah",covington & burling,other,,PlaintiffWin,0.8767996471958108,0.8767996471958108,2014
4304260,"shepherd, finkelman, miller & shah",davis polk & wardwell,other,,PlaintiffWin,0.8767996471958108,0.8767996471958108,2014
4304260,"shepherd, finkelman, miller & shah","milbank, tweed, hadley & mccloy",other,,PlaintiffWin,0.8767996471958108,0.8767996471958108,2014
4304260,"shepherd, finkelman, miller & shah",hughes hubbard & reed,other,,PlaintiffWin,0.8767996471958108,0.8767996471958108,2014
4304260,"shepherd, finkelman, miller & shah","gibson, dunn & crutcher",other,,PlaintiffWin,0.8767996471958108,0.8767996471958108,2014
4304260,"shepherd, finkelman, miller & shah",wilmer cutler pickering hale & dor,other,,PlaintiffWin,0.8767996471958108,0.8767996471958108,2014
4304260,"shepherd, finkelman, miller & shah",simpson thacher & bartlett,other,,PlaintiffWin,0.8767996471958108,0.8767996471958108,2014
4304260,"shepherd, finkelman, miller & shah",locke lord bissell & liddell,other,,PlaintiffWin,0.8767996471958108,0.8767996471958108,2014
4304260,"shepherd, finkelman, miller & shah",paul weiss rifkind wharton & garrison,other,,PlaintiffWin,0.8767996471958108,0.8767996471958108,2014
4304260,"shepherd, finkelman, miller & shah",cahill gordon & reindel,other,,PlaintiffWin,0.8767996471958108,0.8767996471958108,2014
4304260,"shepherd, finkelman, miller & shah","boies, schiller & flexner",other,,PlaintiffWin,0.8767996471958108,0.8767996471958108,2014
4304260,"shepherd, finkelman, miller & shah",davis polk & wardwell,other,,PlaintiffWin,0.8767996471958108,0.8767996471958108,2014
4304260,"shepherd, finkelman, miller & shah",hughes hubbard & reed,other,,PlaintiffWin,0.8767996471958108,0.8767996471958108,2014
4304260,"shepherd, finkelman, miller & shah",katten muchin rosenman,other,,PlaintiffWin,0.8767996471958108,0.8767996471958108,2014
4304260,"shepherd, finkelman, miller & shah",sidley austin,other,,PlaintiffWin,0.8767996471958108,0.8767996471958108,2014
4304260,"shepherd, finkelman, miller & shah",schiff hardin,other,,PlaintiffWin,0.8767996471958108,0.8767996471958108,2014
4304260,"shepherd, finkelman, miller & shah",mayer brown,other,,PlaintiffWin,0.8767996471958108,0.8767996471958108,2014
4304260,"shepherd, finkelman, miller & shah",sidley austin,other,,PlaintiffWin,0.8767996471958108,0.8767996471958108,2014
4304260,"shepherd, finkelman, miller & shah",flemming zulack williamson zauderer,other,,PlaintiffWin,0.8767996471958108,0.8767996471958108,2014
4304260,"shepherd, finkelman, miller & shah",covington & burling,other,,PlaintiffWin,0.8767996471958108,0.8767996471958108,2014
4304260,"shepherd, finkelman, miller & shah",sullivan & cromwell,other,,PlaintiffWin,0.8767996471958108,0.8767996471958108,2014
4304260,morris & morris,united states attorney,other,,PlaintiffWin,0.8767996471958108,0.8767996471958108,2014
4304260,morris & morris,sullivan & cromwell,other,,PlaintiffWin,0.8767996471958108,0.8767996471958108,2014
4304260,morris & morris,sullivan & cromwell,other,,PlaintiffWin,0.8767996471958108,0.8767996471958108,2014
4304260,morris & morris,simpson thacher & bartlett,other,,PlaintiffWin,0.8767996471958108,0.8767996471958108,2014
4304260,morris & morris,"locke, liddell & sapp",other,,PlaintiffWin,0.8767996471958108,0.8767996471958108,2014
4304260,morris & morris,"gibson, dunn & crutcher",other,,PlaintiffWin,0.8767996471958108,0.8767996471958108,2014
4304260,morris & morris,covington & burling,other,,PlaintiffWin,0.8767996471958108,0.8767996471958108,2014
4304260,morris & morris,mcdermott will & emery,other,,PlaintiffWin,0.8767996471958108,0.8767996471958108,2014
4304260,morris & morris,"boies, schiller & flexner",other,,PlaintiffWin,0.8767996471958108,0.8767996471958108,2014
4304260,morris & morris,covington & burling,other,,PlaintiffWin,0.8767996471958108,0.8767996471958108,2014
4304260,morris & morris,davis polk & wardwell,other,,PlaintiffWin,0.8767996471958108,0.8767996471958108,2014
4304260,morris & morris,"milbank, tweed, hadley & mccloy",other,,PlaintiffWin,0.8767996471958108,0.8767996471958108,2014
4304260,morris & morris,hughes hubbard & reed,other,,PlaintiffWin,0.8767996471958108,0.8767996471958108,2014
4304260,morris & morris,"gibson, dunn & crutcher",other,,PlaintiffWin,0.8767996471958108,0.8767996471958108,2014
4304260,morris & morris,wilmer cutler pickering hale & dor,other,,PlaintiffWin,0.8767996471958108,0.8767996471958108,2014
4304260,morris & morris,simpson thacher & bartlett,other,,PlaintiffWin,0.8767996471958108,0.8767996471958108,2014
4304260,morris & morris,locke lord bissell & liddell,other,,PlaintiffWin,0.8767996471958108,0.8767996471958108,2014
4304260,morris & morris,paul weiss rifkind wharton & garrison,other,,PlaintiffWin,0.8767996471958108,0.8767996471958108,2014
4304260,morris & morris,cahill gordon & reindel,other,,PlaintiffWin,0.8767996471958108,0.8767996471958108,2014
4304260,morris & morris,"boies, schiller & flexner",other,,PlaintiffWin,0.8767996471958108,0.8767996471958108,2014
4304260,morris & morris,davis polk & wardwell,other,,PlaintiffWin,0.8767996471958108,0.8767996471958108,2014
4304260,morris & morris,hughes hubbard & reed,other,,PlaintiffWin,0.8767996471958108,0.8767996471958108,2014
4304260,morris & morris,katten muchin rosenman,other,,PlaintiffWin,0.8767996471958108,0.8767996471958108,2014
4304260,morris & morris,sidley austin,other,,PlaintiffWin,0.8767996471958108,0.8767996471958108,2014
4304260,morris & morris,schiff hardin,other,,PlaintiffWin,0.8767996471958108,0.8767996471958108,2014
4304260,morris & morris,mayer brown,other,,PlaintiffWin,0.8767996471958108,0.8767996471958108,2014
4304260,morris & morris,sidley austin,other,,PlaintiffWin,0.8767996471958108,0.8767996471958108,2014
4304260,morris & morris,flemming zulack williamson zauderer,other,,PlaintiffWin,0.8767996471958108,0.8767996471958108,2014
4304260,morris & morris,covington & burling,other,,PlaintiffWin,0.8767996471958108,0.8767996471958108,2014
4304260,morris & morris,sullivan & cromwell,other,,PlaintiffWin,0.8767996471958108,0.8767996471958108,2014
4304260,"lieff, cabraser, heimann & bernstein",united states attorney,other,,PlaintiffWin,0.8767996471958108,0.8767996471958108,2014
4304260,"lieff, cabraser, heimann & bernstein",sullivan & cromwell,other,,PlaintiffWin,0.8767996471958108,0.8767996471958108,2014
4304260,"lieff, cabraser, heimann & bernstein",sullivan & cromwell,other,,PlaintiffWin,0.8767996471958108,0.8767996471958108,2014
4304260,"lieff, cabraser, heimann & bernstein",simpson thacher & bartlett,other,,PlaintiffWin,0.8767996471958108,0.8767996471958108,2014
4304260,"lieff, cabraser, heimann & bernstein","locke, liddell & sapp",other,,PlaintiffWin,0.8767996471958108,0.8767996471958108,2014
4304260,"lieff, cabraser, heimann & bernstein","gibson, dunn & crutcher",other,,PlaintiffWin,0.8767996471958108,0.8767996471958108,2014
4304260,"lieff, cabraser, heimann & bernstein",covington & burling,other,,PlaintiffWin,0.8767996471958108,0.8767996471958108,2014
4304260,"lieff, cabraser, heimann & bernstein",mcdermott will & emery,other,,PlaintiffWin,0.8767996471958108,0.8767996471958108,2014
4304260,"lieff, cabraser, heimann & bernstein","boies, schiller & flexner",other,,PlaintiffWin,0.8767996471958108,0.8767996471958108,2014
4304260,"lieff, cabraser, heimann & bernstein",covington & burling,other,,PlaintiffWin,0.8767996471958108,0.8767996471958108,2014
4304260,"lieff, cabraser, heimann & bernstein",davis polk & wardwell,other,,PlaintiffWin,0.8767996471958108,0.8767996471958108,2014
4304260,"lieff, cabraser, heimann & bernstein","milbank, tweed, hadley & mccloy",other,,PlaintiffWin,0.8767996471958108,0.8767996471958108,2014
4304260,"lieff, cabraser, heimann & bernstein",hughes hubbard & reed,other,,PlaintiffWin,0.8767996471958108,0.8767996471958108,2014
4304260,"lieff, cabraser, heimann & bernstein","gibson, dunn & crutcher",other,,PlaintiffWin,0.8767996471958108,0.8767996471958108,2014
4304260,"lieff, cabraser, heimann & bernstein",wilmer cutler pickering hale & dor,other,,PlaintiffWin,0.8767996471958108,0.8767996471958108,2014
4304260,"lieff, cabraser, heimann & bernstein",simpson thacher & bartlett,other,,PlaintiffWin,0.8767996471958108,0.8767996471958108,2014
4304260,"lieff, cabraser, heimann & bernstein",locke lord bissell & liddell,other,,PlaintiffWin,0.8767996471958108,0.8767996471958108,2014
4304260,"lieff, cabraser, heimann & bernstein",paul weiss rifkind wharton & garrison,other,,PlaintiffWin,0.8767996471958108,0.8767996471958108,2014
4304260,"lieff, cabraser, heimann & bernstein",cahill gordon & reindel,other,,PlaintiffWin,0.8767996471958108,0.8767996471958108,2014
4304260,"lieff, cabraser, heimann & bernstein","boies, schiller & flexner",other,,PlaintiffWin,0.8767996471958108,0.8767996471958108,2014
4304260,"lieff, cabraser, heimann & bernstein",davis polk & wardwell,other,,PlaintiffWin,0.8767996471958108,0.8767996471958108,2014
4304260,"lieff, cabraser, heimann & bernstein",hughes hubbard & reed,other,,PlaintiffWin,0.8767996471958108,0.8767996471958108,2014
4304260,"lieff, cabraser, heimann & bernstein",katten muchin rosenman,other,,PlaintiffWin,0.8767996471958108,0.8767996471958108,2014
4304260,"lieff, cabraser, heimann & bernstein",sidley austin,other,,PlaintiffWin,0.8767996471958108,0.8767996471958108,2014
4304260,"lieff, cabraser, heimann & bernstein",schiff hardin,other,,PlaintiffWin,0.8767996471958108,0.8767996471958108,2014
4304260,"lieff, cabraser, heimann & bernstein",mayer brown,other,,PlaintiffWin,0.8767996471958108,0.8767996471958108,2014
4304260,"lieff, cabraser, heimann & bernstein",sidley austin,other,,PlaintiffWin,0.8767996471958108,0.8767996471958108,2014
4304260,"lieff, cabraser, heimann & bernstein",flemming zulack williamson zauderer,other,,PlaintiffWin,0.8767996471958108,0.8767996471958108,2014
4304260,"lieff, cabraser, heimann & bernstein",covington & burling,other,,PlaintiffWin,0.8767996471958108,0.8767996471958108,2014
4304260,"lieff, cabraser, heimann & bernstein",sullivan & cromwell,other,,PlaintiffWin,0.8767996471958108,0.8767996471958108,2014
4304260,lowey dannenberg cohen & hart,united states attorney,other,,PlaintiffWin,0.8767996471958108,0.8767996471958108,2014
4304260,lowey dannenberg cohen & hart,sullivan & cromwell,other,,PlaintiffWin,0.8767996471958108,0.8767996471958108,2014
4304260,lowey dannenberg cohen & hart,sullivan & cromwell,other,,PlaintiffWin,0.8767996471958108,0.8767996471958108,2014
4304260,lowey dannenberg cohen & hart,simpson thacher & bartlett,other,,PlaintiffWin,0.8767996471958108,0.8767996471958108,2014
4304260,lowey dannenberg cohen & hart,"locke, liddell & sapp",other,,PlaintiffWin,0.8767996471958108,0.8767996471958108,2014
4304260,lowey dannenberg cohen & hart,"gibson, dunn & crutcher",other,,PlaintiffWin,0.8767996471958108,0.8767996471958108,2014
4304260,lowey dannenberg cohen & hart,covington & burling,other,,PlaintiffWin,0.8767996471958108,0.8767996471958108,2014
4304260,lowey dannenberg cohen & hart,mcdermott will & emery,other,,PlaintiffWin,0.8767996471958108,0.8767996471958108,2014
4304260,lowey dannenberg cohen & hart,"boies, schiller & flexner",other,,PlaintiffWin,0.8767996471958108,0.8767996471958108,2014
4304260,lowey dannenberg cohen & hart,covington & burling,other,,PlaintiffWin,0.8767996471958108,0.8767996471958108,2014
4304260,lowey dannenberg cohen & hart,davis polk & wardwell,other,,PlaintiffWin,0.8767996471958108,0.8767996471958108,2014
4304260,lowey dannenberg cohen & hart,"milbank, tweed, hadley & mccloy",other,,PlaintiffWin,0.8767996471958108,0.8767996471958108,2014
4304260,lowey dannenberg cohen & hart,hughes hubbard & reed,other,,PlaintiffWin,0.8767996471958108,0.8767996471958108,2014
4304260,lowey dannenberg cohen & hart,"gibson, dunn & crutcher",other,,PlaintiffWin,0.8767996471958108,0.8767996471958108,2014
4304260,lowey dannenberg cohen & hart,wilmer cutler pickering hale & dor,other,,PlaintiffWin,0.8767996471958108,0.8767996471958108,2014
4304260,lowey dannenberg cohen & hart,simpson thacher & bartlett,other,,PlaintiffWin,0.8767996471958108,0.8767996471958108,2014
4304260,lowey dannenberg cohen & hart,locke lord bissell & liddell,other,,PlaintiffWin,0.8767996471958108,0.8767996471958108,2014
4304260,lowey dannenberg cohen & hart,paul weiss rifkind wharton & garrison,other,,PlaintiffWin,0.8767996471958108,0.8767996471958108,2014
4304260,lowey dannenberg cohen & hart,cahill gordon & reindel,other,,PlaintiffWin,0.8767996471958108,0.8767996471958108,2014
4304260,lowey dannenberg cohen & hart,"boies, schiller & flexner",other,,PlaintiffWin,0.8767996471958108,0.8767996471958108,2014
4304260,lowey dannenberg cohen & hart,davis polk & wardwell,other,,PlaintiffWin,0.8767996471958108,0.8767996471958108,2014
4304260,lowey dannenberg cohen & hart,hughes hubbard & reed,other,,PlaintiffWin,0.8767996471958108,0.8767996471958108,2014
4304260,lowey dannenberg cohen & hart,katten muchin rosenman,other,,PlaintiffWin,0.8767996471958108,0.8767996471958108,2014
4304260,lowey dannenberg cohen & hart,sidley austin,other,,PlaintiffWin,0.8767996471958108,0.8767996471958108,2014
4304260,lowey dannenberg cohen & hart,schiff hardin,other,,PlaintiffWin,0.8767996471958108,0.8767996471958108,2014
4304260,lowey dannenberg cohen & hart,mayer brown,other,,PlaintiffWin,0.8767996471958108,0.8767996471958108,2014
4304260,lowey dannenberg cohen & hart,sidley austin,other,,PlaintiffWin,0.8767996471958108,0.8767996471958108,2014
4304260,lowey dannenberg cohen & hart,flemming zulack williamson zauderer,other,,PlaintiffWin,0.8767996471958108,0.8767996471958108,2014
4304260,lowey dannenberg cohen & hart,covington & burling,other,,PlaintiffWin,0.8767996471958108,0.8767996471958108,2014
4304260,lowey dannenberg cohen & hart,sullivan & cromwell,other,,PlaintiffWin,0.8767996471958108,0.8767996471958108,2014
4304260,glancy & binkow,united states attorney,other,,PlaintiffWin,0.8767996471958108,0.8767996471958108,2014
4304260,glancy & binkow,sullivan & cromwell,other,,PlaintiffWin,0.8767996471958108,0.8767996471958108,2014
4304260,glancy & binkow,sullivan & cromwell,other,,PlaintiffWin,0.8767996471958108,0.8767996471958108,2014
4304260,glancy & binkow,simpson thacher & bartlett,other,,PlaintiffWin,0.8767996471958108,0.8767996471958108,2014
4304260,glancy & binkow,"locke, liddell & sapp",other,,PlaintiffWin,0.8767996471958108,0.8767996471958108,2014
4304260,glancy & binkow,"gibson, dunn & crutcher",other,,PlaintiffWin,0.8767996471958108,0.8767996471958108,2014
4304260,glancy & binkow,covington & burling,other,,PlaintiffWin,0.8767996471958108,0.8767996471958108,2014
4304260,glancy & binkow,mcdermott will & emery,other,,PlaintiffWin,0.8767996471958108,0.8767996471958108,2014
4304260,glancy & binkow,"boies, schiller & flexner",other,,PlaintiffWin,0.8767996471958108,0.8767996471958108,2014
4304260,glancy & binkow,covington & burling,other,,PlaintiffWin,0.8767996471958108,0.8767996471958108,2014
4304260,glancy & binkow,davis polk & wardwell,other,,PlaintiffWin,0.8767996471958108,0.8767996471958108,2014
4304260,glancy & binkow,"milbank, tweed, hadley & mccloy",other,,PlaintiffWin,0.8767996471958108,0.8767996471958108,2014
4304260,glancy & binkow,hughes hubbard & reed,other,,PlaintiffWin,0.8767996471958108,0.8767996471958108,2014
4304260,glancy & binkow,"gibson, dunn & crutcher",other,,PlaintiffWin,0.8767996471958108,0.8767996471958108,2014
4304260,glancy & binkow,wilmer cutler pickering hale & dor,other,,PlaintiffWin,0.8767996471958108,0.8767996471958108,2014
4304260,glancy & binkow,simpson thacher & bartlett,other,,PlaintiffWin,0.8767996471958108,0.8767996471958108,2014
4304260,glancy & binkow,locke lord bissell & liddell,other,,PlaintiffWin,0.8767996471958108,0.8767996471958108,2014
4304260,glancy & binkow,paul weiss rifkind wharton & garrison,other,,PlaintiffWin,0.8767996471958108,0.8767996471958108,2014
4304260,glancy & binkow,cahill gordon & reindel,other,,PlaintiffWin,0.8767996471958108,0.8767996471958108,2014
4304260,glancy & binkow,"boies, schiller & flexner",other,,PlaintiffWin,0.8767996471958108,0.8767996471958108,2014
4304260,glancy & binkow,davis polk & wardwell,other,,PlaintiffWin,0.8767996471958108,0.8767996471958108,2014
4304260,glancy & binkow,hughes hubbard & reed,other,,PlaintiffWin,0.8767996471958108,0.8767996471958108,2014
4304260,glancy & binkow,katten muchin rosenman,other,,PlaintiffWin,0.8767996471958108,0.8767996471958108,2014
4304260,glancy & binkow,sidley austin,other,,PlaintiffWin,0.8767996471958108,0.8767996471958108,2014
4304260,glancy & binkow,schiff hardin,other,,PlaintiffWin,0.8767996471958108,0.8767996471958108,2014
4304260,glancy & binkow,mayer brown,other,,PlaintiffWin,0.8767996471958108,0.8767996471958108,2014
4304260,glancy & binkow,sidley austin,other,,PlaintiffWin,0.8767996471958108,0.8767996471958108,2014
4304260,glancy & binkow,flemming zulack williamson zauderer,other,,PlaintiffWin,0.8767996471958108,0.8767996471958108,2014
4304260,glancy & binkow,covington & burling,other,,PlaintiffWin,0.8767996471958108,0.8767996471958108,2014
4304260,glancy & binkow,sullivan & cromwell,other,,PlaintiffWin,0.8767996471958108,0.8767996471958108,2014
4304260,"kellogg, huber, hansen, todd, evans & figel",united states attorney,other,,PlaintiffWin,0.8767996471958108,0.8767996471958108,2014
4304260,"kellogg, huber, hansen, todd, evans & figel",sullivan & cromwell,other,,PlaintiffWin,0.8767996471958108,0.8767996471958108,2014
4304260,"kellogg, huber, hansen, todd, evans & figel",sullivan & cromwell,other,,PlaintiffWin,0.8767996471958108,0.8767996471958108,2014
4304260,"kellogg, huber, hansen, todd, evans & figel",simpson thacher & bartlett,other,,PlaintiffWin,0.8767996471958108,0.8767996471958108,2014
4304260,"kellogg, huber, hansen, todd, evans & figel","locke, liddell & sapp",other,,PlaintiffWin,0.8767996471958108,0.8767996471958108,2014
4304260,"kellogg, huber, hansen, todd, evans & figel","gibson, dunn & crutcher",other,,PlaintiffWin,0.8767996471958108,0.8767996471958108,2014
4304260,"kellogg, huber, hansen, todd, evans & figel",covington & burling,other,,PlaintiffWin,0.8767996471958108,0.8767996471958108,2014
4304260,"kellogg, huber, hansen, todd, evans & figel",mcdermott will & emery,other,,PlaintiffWin,0.8767996471958108,0.8767996471958108,2014
4304260,"kellogg, huber, hansen, todd, evans & figel","boies, schiller & flexner",other,,PlaintiffWin,0.8767996471958108,0.8767996471958108,2014
4304260,"kellogg, huber, hansen, todd, evans & figel",covington & burling,other,,PlaintiffWin,0.8767996471958108,0.8767996471958108,2014
4304260,"kellogg, huber, hansen, todd, evans & figel",davis polk & wardwell,other,,PlaintiffWin,0.8767996471958108,0.8767996471958108,2014
4304260,"kellogg, huber, hansen, todd, evans & figel","milbank, tweed, hadley & mccloy",other,,PlaintiffWin,0.8767996471958108,0.8767996471958108,2014
4304260,"kellogg, huber, hansen, todd, evans & figel",hughes hubbard & reed,other,,PlaintiffWin,0.8767996471958108,0.8767996471958108,2014
4304260,"kellogg, huber, hansen, todd, evans & figel","gibson, dunn & crutcher",other,,PlaintiffWin,0.8767996471958108,0.8767996471958108,2014
4304260,"kellogg, huber, hansen, todd, evans & figel",wilmer cutler pickering hale & dor,other,,PlaintiffWin,0.8767996471958108,0.8767996471958108,2014
4304260,"kellogg, huber, hansen, todd, evans & figel",simpson thacher & bartlett,other,,PlaintiffWin,0.8767996471958108,0.8767996471958108,2014
4304260,"kellogg, huber, hansen, todd, evans & figel",locke lord bissell & liddell,other,,PlaintiffWin,0.8767996471958108,0.8767996471958108,2014
4304260,"kellogg, huber, hansen, todd, evans & figel",paul weiss rifkind wharton & garrison,other,,PlaintiffWin,0.8767996471958108,0.8767996471958108,2014
4304260,"kellogg, huber, hansen, todd, evans & figel",cahill gordon & reindel,other,,PlaintiffWin,0.8767996471958108,0.8767996471958108,2014
4304260,"kellogg, huber, hansen, todd, evans & figel","boies, schiller & flexner",other,,PlaintiffWin,0.8767996471958108,0.8767996471958108,2014
4304260,"kellogg, huber, hansen, todd, evans & figel",davis polk & wardwell,other,,PlaintiffWin,0.8767996471958108,0.8767996471958108,2014
4304260,"kellogg, huber, hansen, todd, evans & figel",hughes hubbard & reed,other,,PlaintiffWin,0.8767996471958108,0.8767996471958108,2014
4304260,"kellogg, huber, hansen, todd, evans & figel",katten muchin rosenman,other,,PlaintiffWin,0.8767996471958108,0.8767996471958108,2014
4304260,"kellogg, huber, hansen, todd, evans & figel",sidley austin,other,,PlaintiffWin,0.8767996471958108,0.8767996471958108,2014
4304260,"kellogg, huber, hansen, todd, evans & figel",schiff hardin,other,,PlaintiffWin,0.8767996471958108,0.8767996471958108,2014
4304260,"kellogg, huber, hansen, todd, evans & figel",mayer brown,other,,PlaintiffWin,0.8767996471958108,0.8767996471958108,2014
4304260,"kellogg, huber, hansen, todd, evans & figel",sidley austin,other,,PlaintiffWin,0.8767996471958108,0.8767996471958108,2014
4304260,"kellogg, huber, hansen, todd, evans & figel",flemming zulack williamson zauderer,other,,PlaintiffWin,0.8767996471958108,0.8767996471958108,2014
4304260,"kellogg, huber, hansen, todd, evans & figel",covington & burling,other,,PlaintiffWin,0.8767996471958108,0.8767996471958108,2014
4304260,"kellogg, huber, hansen, todd, evans & figel",sullivan & cromwell,other,,PlaintiffWin,0.8767996471958108,0.8767996471958108,2014
4304260,bernstein litowitz berger & grossmann,united states attorney,other,,PlaintiffWin,0.8767996471958108,0.8767996471958108,2014
4304260,bernstein litowitz berger & grossmann,sullivan & cromwell,other,,PlaintiffWin,0.8767996471958108,0.8767996471958108,2014
4304260,bernstein litowitz berger & grossmann,sullivan & cromwell,other,,PlaintiffWin,0.8767996471958108,0.8767996471958108,2014
4304260,bernstein litowitz berger & grossmann,simpson thacher & bartlett,other,,PlaintiffWin,0.8767996471958108,0.8767996471958108,2014
4304260,bernstein litowitz berger & grossmann,"locke, liddell & sapp",other,,PlaintiffWin,0.8767996471958108,0.8767996471958108,2014
4304260,bernstein litowitz berger & grossmann,"gibson, dunn & crutcher",other,,PlaintiffWin,0.8767996471958108,0.8767996471958108,2014
4304260,bernstein litowitz berger & grossmann,covington & burling,other,,PlaintiffWin,0.8767996471958108,0.8767996471958108,2014
4304260,bernstein litowitz berger & grossmann,mcdermott will & emery,other,,PlaintiffWin,0.8767996471958108,0.8767996471958108,2014
4304260,bernstein litowitz berger & grossmann,"boies, schiller & flexner",other,,PlaintiffWin,0.8767996471958108,0.8767996471958108,2014
4304260,bernstein litowitz berger & grossmann,covington & burling,other,,PlaintiffWin,0.8767996471958108,0.8767996471958108,2014
4304260,bernstein litowitz berger & grossmann,davis polk & wardwell,other,,PlaintiffWin,0.8767996471958108,0.8767996471958108,2014
4304260,bernstein litowitz berger & grossmann,"milbank, tweed, hadley & mccloy",other,,PlaintiffWin,0.8767996471958108,0.8767996471958108,2014
4304260,bernstein litowitz berger & grossmann,hughes hubbard & reed,other,,PlaintiffWin,0.8767996471958108,0.8767996471958108,2014
4304260,bernstein litowitz berger & grossmann,"gibson, dunn & crutcher",other,,PlaintiffWin,0.8767996471958108,0.8767996471958108,2014
4304260,bernstein litowitz berger & grossmann,wilmer cutler pickering hale & dor,other,,PlaintiffWin,0.8767996471958108,0.8767996471958108,2014
4304260,bernstein litowitz berger & grossmann,simpson thacher & bartlett,other,,PlaintiffWin,0.8767996471958108,0.8767996471958108,2014
4304260,bernstein litowitz berger & grossmann,locke lord bissell & liddell,other,,PlaintiffWin,0.8767996471958108,0.8767996471958108,2014
4304260,bernstein litowitz berger & grossmann,paul weiss rifkind wharton & garrison,other,,PlaintiffWin,0.8767996471958108,0.8767996471958108,2014
4304260,bernstein litowitz berger & grossmann,cahill gordon & reindel,other,,PlaintiffWin,0.8767996471958108,0.8767996471958108,2014
4304260,bernstein litowitz berger & grossmann,"boies, schiller & flexner",other,,PlaintiffWin,0.8767996471958108,0.8767996471958108,2014
4304260,bernstein litowitz berger & grossmann,davis polk & wardwell,other,,PlaintiffWin,0.8767996471958108,0.8767996471958108,2014
4304260,bernstein litowitz berger & grossmann,hughes hubbard & reed,other,,PlaintiffWin,0.8767996471958108,0.8767996471958108,2014
4304260,bernstein litowitz berger & grossmann,katten muchin rosenman,other,,PlaintiffWin,0.8767996471958108,0.8767996471958108,2014
4304260,bernstein litowitz berger & grossmann,sidley austin,other,,PlaintiffWin,0.8767996471958108,0.8767996471958108,2014
4304260,bernstein litowitz berger & grossmann,schiff hardin,other,,PlaintiffWin,0.8767996471958108,0.8767996471958108,2014
4304260,bernstein litowitz berger & grossmann,mayer brown,other,,PlaintiffWin,0.8767996471958108,0.8767996471958108,2014
4304260,bernstein litowitz berger & grossmann,sidley austin,other,,PlaintiffWin,0.8767996471958108,0.8767996471958108,2014
4304260,bernstein litowitz berger & grossmann,flemming zulack williamson zauderer,other,,PlaintiffWin,0.8767996471958108,0.8767996471958108,2014
4304260,bernstein litowitz berger & grossmann,covington & burling,other,,PlaintiffWin,0.8767996471958108,0.8767996471958108,2014
4304260,bernstein litowitz berger & grossmann,sullivan & cromwell,other,,PlaintiffWin,0.8767996471958108,0.8767996471958108,2014
4304260,robbins geller rudman & dowd,united states attorney,other,,PlaintiffWin,0.8767996471958108,0.8767996471958108,2014
4304260,robbins geller rudman & dowd,sullivan & cromwell,other,,PlaintiffWin,0.8767996471958108,0.8767996471958108,2014
4304260,robbins geller rudman & dowd,sullivan & cromwell,other,,PlaintiffWin,0.8767996471958108,0.8767996471958108,2014
4304260,robbins geller rudman & dowd,simpson thacher & bartlett,other,,PlaintiffWin,0.8767996471958108,0.8767996471958108,2014
4304260,robbins geller rudman & dowd,"locke, liddell & sapp",other,,PlaintiffWin,0.8767996471958108,0.8767996471958108,2014
4304260,robbins geller rudman & dowd,"gibson, dunn & crutcher",other,,PlaintiffWin,0.8767996471958108,0.8767996471958108,2014
4304260,robbins geller rudman & dowd,covington & burling,other,,PlaintiffWin,0.8767996471958108,0.8767996471958108,2014
4304260,robbins geller rudman & dowd,mcdermott will & emery,other,,PlaintiffWin,0.8767996471958108,0.8767996471958108,2014
4304260,robbins geller rudman & dowd,"boies, schiller & flexner",other,,PlaintiffWin,0.8767996471958108,0.8767996471958108,2014
4304260,robbins geller rudman & dowd,covington & burling,other,,PlaintiffWin,0.8767996471958108,0.8767996471958108,2014
4304260,robbins geller rudman & dowd,davis polk & wardwell,other,,PlaintiffWin,0.8767996471958108,0.8767996471958108,2014
4304260,robbins geller rudman & dowd,"milbank, tweed, hadley & mccloy",other,,PlaintiffWin,0.8767996471958108,0.8767996471958108,2014
4304260,robbins geller rudman & dowd,hughes hubbard & reed,other,,PlaintiffWin,0.8767996471958108,0.8767996471958108,2014
4304260,robbins geller rudman & dowd,"gibson, dunn & crutcher",other,,PlaintiffWin,0.8767996471958108,0.8767996471958108,2014
4304260,robbins geller rudman & dowd,wilmer cutler pickering hale & dor,other,,PlaintiffWin,0.8767996471958108,0.8767996471958108,2014
4304260,robbins geller rudman & dowd,simpson thacher & bartlett,other,,PlaintiffWin,0.8767996471958108,0.8767996471958108,2014
4304260,robbins geller rudman & dowd,locke lord bissell & liddell,other,,PlaintiffWin,0.8767996471958108,0.8767996471958108,2014
4304260,robbins geller rudman & dowd,paul weiss rifkind wharton & garrison,other,,PlaintiffWin,0.8767996471958108,0.8767996471958108,2014
4304260,robbins geller rudman & dowd,cahill gordon & reindel,other,,PlaintiffWin,0.8767996471958108,0.8767996471958108,2014
4304260,robbins geller rudman & dowd,"boies, schiller & flexner",other,,PlaintiffWin,0.8767996471958108,0.8767996471958108,2014
4304260,robbins geller rudman & dowd,davis polk & wardwell,other,,PlaintiffWin,0.8767996471958108,0.8767996471958108,2014
4304260,robbins geller rudman & dowd,hughes hubbard & reed,other,,PlaintiffWin,0.8767996471958108,0.8767996471958108,2014
4304260,robbins geller rudman & dowd,katten muchin rosenman,other,,PlaintiffWin,0.8767996471958108,0.8767996471958108,2014
4304260,robbins geller rudman & dowd,sidley austin,other,,PlaintiffWin,0.8767996471958108,0.8767996471958108,2014
4304260,robbins geller rudman & dowd,schiff hardin,other,,PlaintiffWin,0.8767996471958108,0.8767996471958108,2014
4304260,robbins geller rudman & dowd,mayer brown,other,,PlaintiffWin,0.8767996471958108,0.8767996471958108,2014
4304260,robbins geller rudman & dowd,sidley austin,other,,PlaintiffWin,0.8767996471958108,0.8767996471958108,2014
4304260,robbins geller rudman & dowd,flemming zulack williamson zauderer,other,,PlaintiffWin,0.8767996471958108,0.8767996471958108,2014
4304260,robbins geller rudman & dowd,covington & burling,other,,PlaintiffWin,0.8767996471958108,0.8767996471958108,2014
4304260,robbins geller rudman & dowd,sullivan & cromwell,other,,PlaintiffWin,0.8767996471958108,0.8767996471958108,2014
4304260,obermayer rebmann maxwell & hippel,united states attorney,other,,PlaintiffWin,0.8767996471958108,0.8767996471958108,2014
4304260,obermayer rebmann maxwell & hippel,sullivan & cromwell,other,,PlaintiffWin,0.8767996471958108,0.8767996471958108,2014
4304260,obermayer rebmann maxwell & hippel,sullivan & cromwell,other,,PlaintiffWin,0.8767996471958108,0.8767996471958108,2014
4304260,obermayer rebmann maxwell & hippel,simpson thacher & bartlett,other,,PlaintiffWin,0.8767996471958108,0.8767996471958108,2014
4304260,obermayer rebmann maxwell & hippel,"locke, liddell & sapp",other,,PlaintiffWin,0.8767996471958108,0.8767996471958108,2014
4304260,obermayer rebmann maxwell & hippel,"gibson, dunn & crutcher",other,,PlaintiffWin,0.8767996471958108,0.8767996471958108,2014
4304260,obermayer rebmann maxwell & hippel,covington & burling,other,,PlaintiffWin,0.8767996471958108,0.8767996471958108,2014
4304260,obermayer rebmann maxwell & hippel,mcdermott will & emery,other,,PlaintiffWin,0.8767996471958108,0.8767996471958108,2014
4304260,obermayer rebmann maxwell & hippel,"boies, schiller & flexner",other,,PlaintiffWin,0.8767996471958108,0.8767996471958108,2014
4304260,obermayer rebmann maxwell & hippel,covington & burling,other,,PlaintiffWin,0.8767996471958108,0.8767996471958108,2014
4304260,obermayer rebmann maxwell & hippel,davis polk & wardwell,other,,PlaintiffWin,0.8767996471958108,0.8767996471958108,2014
4304260,obermayer rebmann maxwell & hippel,"milbank, tweed, hadley & mccloy",other,,PlaintiffWin,0.8767996471958108,0.8767996471958108,2014
4304260,obermayer rebmann maxwell & hippel,hughes hubbard & reed,other,,PlaintiffWin,0.8767996471958108,0.8767996471958108,2014
4304260,obermayer rebmann maxwell & hippel,"gibson, dunn & crutcher",other,,PlaintiffWin,0.8767996471958108,0.8767996471958108,2014
4304260,obermayer rebmann maxwell & hippel,wilmer cutler pickering hale & dor,other,,PlaintiffWin,0.8767996471958108,0.8767996471958108,2014
4304260,obermayer rebmann maxwell & hippel,simpson thacher & bartlett,other,,PlaintiffWin,0.8767996471958108,0.8767996471958108,2014
4304260,obermayer rebmann maxwell & hippel,locke lord bissell & liddell,other,,PlaintiffWin,0.8767996471958108,0.8767996471958108,2014
4304260,obermayer rebmann maxwell & hippel,paul weiss rifkind wharton & garrison,other,,PlaintiffWin,0.8767996471958108,0.8767996471958108,2014
4304260,obermayer rebmann maxwell & hippel,cahill gordon & reindel,other,,PlaintiffWin,0.8767996471958108,0.8767996471958108,2014
4304260,obermayer rebmann maxwell & hippel,"boies, schiller & flexner",other,,PlaintiffWin,0.8767996471958108,0.8767996471958108,2014
4304260,obermayer rebmann maxwell & hippel,davis polk & wardwell,other,,PlaintiffWin,0.8767996471958108,0.8767996471958108,2014
4304260,obermayer rebmann maxwell & hippel,hughes hubbard & reed,other,,PlaintiffWin,0.8767996471958108,0.8767996471958108,2014
4304260,obermayer rebmann maxwell & hippel,katten muchin rosenman,other,,PlaintiffWin,0.8767996471958108,0.8767996471958108,2014
4304260,obermayer rebmann maxwell & hippel,sidley austin,other,,PlaintiffWin,0.8767996471958108,0.8767996471958108,2014
4304260,obermayer rebmann maxwell & hippel,schiff hardin,other,,PlaintiffWin,0.8767996471958108,0.8767996471958108,2014
4304260,obermayer rebmann maxwell & hippel,mayer brown,other,,PlaintiffWin,0.8767996471958108,0.8767996471958108,2014
4304260,obermayer rebmann maxwell & hippel,sidley austin,other,,PlaintiffWin,0.8767996471958108,0.8767996471958108,2014
4304260,obermayer rebmann maxwell & hippel,flemming zulack williamson zauderer,other,,PlaintiffWin,0.8767996471958108,0.8767996471958108,2014
4304260,obermayer rebmann maxwell & hippel,covington & burling,other,,PlaintiffWin,0.8767996471958108,0.8767996471958108,2014
4304260,obermayer rebmann maxwell & hippel,sullivan & cromwell,other,,PlaintiffWin,0.8767996471958108,0.8767996471958108,2014
4304260,berger & montague,united states attorney,other,,PlaintiffWin,0.8767996471958108,0.8767996471958108,2014
4304260,berger & montague,sullivan & cromwell,other,,PlaintiffWin,0.8767996471958108,0.8767996471958108,2014
4304260,berger & montague,sullivan & cromwell,other,,PlaintiffWin,0.8767996471958108,0.8767996471958108,2014
4304260,berger & montague,simpson thacher & bartlett,other,,PlaintiffWin,0.8767996471958108,0.8767996471958108,2014
4304260,berger & montague,"locke, liddell & sapp",other,,PlaintiffWin,0.8767996471958108,0.8767996471958108,2014
4304260,berger & montague,"gibson, dunn & crutcher",other,,PlaintiffWin,0.8767996471958108,0.8767996471958108,2014
4304260,berger & montague,covington & burling,other,,PlaintiffWin,0.8767996471958108,0.8767996471958108,2014
4304260,berger & montague,mcdermott will & emery,other,,PlaintiffWin,0.8767996471958108,0.8767996471958108,2014
4304260,berger & montague,"boies, schiller & flexner",other,,PlaintiffWin,0.8767996471958108,0.8767996471958108,2014
4304260,berger & montague,covington & burling,other,,PlaintiffWin,0.8767996471958108,0.8767996471958108,2014
4304260,berger & montague,davis polk & wardwell,other,,PlaintiffWin,0.8767996471958108,0.8767996471958108,2014
4304260,berger & montague,"milbank, tweed, hadley & mccloy",other,,PlaintiffWin,0.8767996471958108,0.8767996471958108,2014
4304260,berger & montague,hughes hubbard & reed,other,,PlaintiffWin,0.8767996471958108,0.8767996471958108,2014
4304260,berger & montague,"gibson, dunn & crutcher",other,,PlaintiffWin,0.8767996471958108,0.8767996471958108,2014
4304260,berger & montague,wilmer cutler pickering hale & dor,other,,PlaintiffWin,0.8767996471958108,0.8767996471958108,2014
4304260,berger & montague,simpson thacher & bartlett,other,,PlaintiffWin,0.8767996471958108,0.8767996471958108,2014
4304260,berger & montague,locke lord bissell & liddell,other,,PlaintiffWin,0.8767996471958108,0.8767996471958108,2014
4304260,berger & montague,paul weiss rifkind wharton & garrison,other,,PlaintiffWin,0.8767996471958108,0.8767996471958108,2014
4304260,berger & montague,cahill gordon & reindel,other,,PlaintiffWin,0.8767996471958108,0.8767996471958108,2014
4304260,berger & montague,"boies, schiller & flexner",other,,PlaintiffWin,0.8767996471958108,0.8767996471958108,2014
4304260,berger & montague,davis polk & wardwell,other,,PlaintiffWin,0.8767996471958108,0.8767996471958108,2014
4304260,berger & montague,hughes hubbard & reed,other,,PlaintiffWin,0.8767996471958108,0.8767996471958108,2014
4304260,berger & montague,katten muchin rosenman,other,,PlaintiffWin,0.8767996471958108,0.8767996471958108,2014
4304260,berger & montague,sidley austin,other,,PlaintiffWin,0.8767996471958108,0.8767996471958108,2014
4304260,berger & montague,schiff hardin,other,,PlaintiffWin,0.8767996471958108,0.8767996471958108,2014
4304260,berger & montague,mayer brown,other,,PlaintiffWin,0.8767996471958108,0.8767996471958108,2014
4304260,berger & montague,sidley austin,other,,PlaintiffWin,0.8767996471958108,0.8767996471958108,2014
4304260,berger & montague,flemming zulack williamson zauderer,other,,PlaintiffWin,0.8767996471958108,0.8767996471958108,2014
4304260,berger & montague,covington & burling,other,,PlaintiffWin,0.8767996471958108,0.8767996471958108,2014
4304260,berger & montague,sullivan & cromwell,other,,PlaintiffWin,0.8767996471958108,0.8767996471958108,2014
4304260,block & levitón,united states attorney,other,,PlaintiffWin,0.8767996471958108,0.8767996471958108,2014
4304260,block & levitón,sullivan & cromwell,other,,PlaintiffWin,0.8767996471958108,0.8767996471958108,2014
4304260,block & levitón,sullivan & cromwell,other,,PlaintiffWin,0.8767996471958108,0.8767996471958108,2014
4304260,block & levitón,simpson thacher & bartlett,other,,PlaintiffWin,0.8767996471958108,0.8767996471958108,2014
4304260,block & levitón,"locke, liddell & sapp",other,,PlaintiffWin,0.8767996471958108,0.8767996471958108,2014
4304260,block & levitón,"gibson, dunn & crutcher",other,,PlaintiffWin,0.8767996471958108,0.8767996471958108,2014
4304260,block & levitón,covington & burling,other,,PlaintiffWin,0.8767996471958108,0.8767996471958108,2014
4304260,block & levitón,mcdermott will & emery,other,,PlaintiffWin,0.8767996471958108,0.8767996471958108,2014
4304260,block & levitón,"boies, schiller & flexner",other,,PlaintiffWin,0.8767996471958108,0.8767996471958108,2014
4304260,block & levitón,covington & burling,other,,PlaintiffWin,0.8767996471958108,0.8767996471958108,2014
4304260,block & levitón,davis polk & wardwell,other,,PlaintiffWin,0.8767996471958108,0.8767996471958108,2014
4304260,block & levitón,"milbank, tweed, hadley & mccloy",other,,PlaintiffWin,0.8767996471958108,0.8767996471958108,2014
4304260,block & levitón,hughes hubbard & reed,other,,PlaintiffWin,0.8767996471958108,0.8767996471958108,2014
4304260,block & levitón,"gibson, dunn & crutcher",other,,PlaintiffWin,0.8767996471958108,0.8767996471958108,2014
4304260,block & levitón,wilmer cutler pickering hale & dor,other,,PlaintiffWin,0.8767996471958108,0.8767996471958108,2014
4304260,block & levitón,simpson thacher & bartlett,other,,PlaintiffWin,0.8767996471958108,0.8767996471958108,2014
4304260,block & levitón,locke lord bissell & liddell,other,,PlaintiffWin,0.8767996471958108,0.8767996471958108,2014
4304260,block & levitón,paul weiss rifkind wharton & garrison,other,,PlaintiffWin,0.8767996471958108,0.8767996471958108,2014
4304260,block & levitón,cahill gordon & reindel,other,,PlaintiffWin,0.8767996471958108,0.8767996471958108,2014
4304260,block & levitón,"boies, schiller & flexner",other,,PlaintiffWin,0.8767996471958108,0.8767996471958108,2014
4304260,block & levitón,davis polk & wardwell,other,,PlaintiffWin,0.8767996471958108,0.8767996471958108,2014
4304260,block & levitón,hughes hubbard & reed,other,,PlaintiffWin,0.8767996471958108,0.8767996471958108,2014
4304260,block & levitón,katten muchin rosenman,other,,PlaintiffWin,0.8767996471958108,0.8767996471958108,2014
4304260,block & levitón,sidley austin,other,,PlaintiffWin,0.8767996471958108,0.8767996471958108,2014
4304260,block & levitón,schiff hardin,other,,PlaintiffWin,0.8767996471958108,0.8767996471958108,2014
4304260,block & levitón,mayer brown,other,,PlaintiffWin,0.8767996471958108,0.8767996471958108,2014
4304260,block & levitón,sidley austin,other,,PlaintiffWin,0.8767996471958108,0.8767996471958108,2014
4304260,block & levitón,flemming zulack williamson zauderer,other,,PlaintiffWin,0.8767996471958108,0.8767996471958108,2014
4304260,block & levitón,covington & burling,other,,PlaintiffWin,0.8767996471958108,0.8767996471958108,2014
4304260,block & levitón,sullivan & cromwell,other,,PlaintiffWin,0.8767996471958108,0.8767996471958108,2014
4304260,kaplan fox & kilsheimer,united states attorney,other,,PlaintiffWin,0.8767996471958108,0.8767996471958108,2014
4304260,kaplan fox & kilsheimer,sullivan & cromwell,other,,PlaintiffWin,0.8767996471958108,0.8767996471958108,2014
4304260,kaplan fox & kilsheimer,sullivan & cromwell,other,,PlaintiffWin,0.8767996471958108,0.8767996471958108,2014
4304260,kaplan fox & kilsheimer,simpson thacher & bartlett,other,,PlaintiffWin,0.8767996471958108,0.8767996471958108,2014
4304260,kaplan fox & kilsheimer,"locke, liddell & sapp",other,,PlaintiffWin,0.8767996471958108,0.8767996471958108,2014
4304260,kaplan fox & kilsheimer,"gibson, dunn & crutcher",other,,PlaintiffWin,0.8767996471958108,0.8767996471958108,2014
4304260,kaplan fox & kilsheimer,covington & burling,other,,PlaintiffWin,0.8767996471958108,0.8767996471958108,2014
4304260,kaplan fox & kilsheimer,mcdermott will & emery,other,,PlaintiffWin,0.8767996471958108,0.8767996471958108,2014
4304260,kaplan fox & kilsheimer,"boies, schiller & flexner",other,,PlaintiffWin,0.8767996471958108,0.8767996471958108,2014
4304260,kaplan fox & kilsheimer,covington & burling,other,,PlaintiffWin,0.8767996471958108,0.8767996471958108,2014
4304260,kaplan fox & kilsheimer,davis polk & wardwell,other,,PlaintiffWin,0.8767996471958108,0.8767996471958108,2014
4304260,kaplan fox & kilsheimer,"milbank, tweed, hadley & mccloy",other,,PlaintiffWin,0.8767996471958108,0.8767996471958108,2014
4304260,kaplan fox & kilsheimer,hughes hubbard & reed,other,,PlaintiffWin,0.8767996471958108,0.8767996471958108,2014
4304260,kaplan fox & kilsheimer,"gibson, dunn & crutcher",other,,PlaintiffWin,0.8767996471958108,0.8767996471958108,2014
4304260,kaplan fox & kilsheimer,wilmer cutler pickering hale & dor,other,,PlaintiffWin,0.8767996471958108,0.8767996471958108,2014
4304260,kaplan fox & kilsheimer,simpson thacher & bartlett,other,,PlaintiffWin,0.8767996471958108,0.8767996471958108,2014
4304260,kaplan fox & kilsheimer,locke lord bissell & liddell,other,,PlaintiffWin,0.8767996471958108,0.8767996471958108,2014
4304260,kaplan fox & kilsheimer,paul weiss rifkind wharton & garrison,other,,PlaintiffWin,0.8767996471958108,0.8767996471958108,2014
4304260,kaplan fox & kilsheimer,cahill gordon & reindel,other,,PlaintiffWin,0.8767996471958108,0.8767996471958108,2014
4304260,kaplan fox & kilsheimer,"boies, schiller & flexner",other,,PlaintiffWin,0.8767996471958108,0.8767996471958108,2014
4304260,kaplan fox & kilsheimer,davis polk & wardwell,other,,PlaintiffWin,0.8767996471958108,0.8767996471958108,2014
4304260,kaplan fox & kilsheimer,hughes hubbard & reed,other,,PlaintiffWin,0.8767996471958108,0.8767996471958108,2014
4304260,kaplan fox & kilsheimer,katten muchin rosenman,other,,PlaintiffWin,0.8767996471958108,0.8767996471958108,2014
4304260,kaplan fox & kilsheimer,sidley austin,other,,PlaintiffWin,0.8767996471958108,0.8767996471958108,2014
4304260,kaplan fox & kilsheimer,schiff hardin,other,,PlaintiffWin,0.8767996471958108,0.8767996471958108,2014
4304260,kaplan fox & kilsheimer,mayer brown,other,,PlaintiffWin,0.8767996471958108,0.8767996471958108,2014
4304260,kaplan fox & kilsheimer,sidley austin,other,,PlaintiffWin,0.8767996471958108,0.8767996471958108,2014
4304260,kaplan fox & kilsheimer,flemming zulack williamson zauderer,other,,PlaintiffWin,0.8767996471958108,0.8767996471958108,2014
4304260,kaplan fox & kilsheimer,covington & burling,other,,PlaintiffWin,0.8767996471958108,0.8767996471958108,2014
4304260,kaplan fox & kilsheimer,sullivan & cromwell,other,,PlaintiffWin,0.8767996471958108,0.8767996471958108,2014
4304260,glancy binkow & goldberg,united states attorney,other,,PlaintiffWin,0.8767996471958108,0.8767996471958108,2014
4304260,glancy binkow & goldberg,sullivan & cromwell,other,,PlaintiffWin,0.8767996471958108,0.8767996471958108,2014
4304260,glancy binkow & goldberg,sullivan & cromwell,other,,PlaintiffWin,0.8767996471958108,0.8767996471958108,2014
4304260,glancy binkow & goldberg,simpson thacher & bartlett,other,,PlaintiffWin,0.8767996471958108,0.8767996471958108,2014
4304260,glancy binkow & goldberg,"locke, liddell & sapp",other,,PlaintiffWin,0.8767996471958108,0.8767996471958108,2014
4304260,glancy binkow & goldberg,"gibson, dunn & crutcher",other,,PlaintiffWin,0.8767996471958108,0.8767996471958108,2014
4304260,glancy binkow & goldberg,covington & burling,other,,PlaintiffWin,0.8767996471958108,0.8767996471958108,2014
4304260,glancy binkow & goldberg,mcdermott will & emery,other,,PlaintiffWin,0.8767996471958108,0.8767996471958108,2014
4304260,glancy binkow & goldberg,"boies, schiller & flexner",other,,PlaintiffWin,0.8767996471958108,0.8767996471958108,2014
4304260,glancy binkow & goldberg,covington & burling,other,,PlaintiffWin,0.8767996471958108,0.8767996471958108,2014
4304260,glancy binkow & goldberg,davis polk & wardwell,other,,PlaintiffWin,0.8767996471958108,0.8767996471958108,2014
4304260,glancy binkow & goldberg,"milbank, tweed, hadley & mccloy",other,,PlaintiffWin,0.8767996471958108,0.8767996471958108,2014
4304260,glancy binkow & goldberg,hughes hubbard & reed,other,,PlaintiffWin,0.8767996471958108,0.8767996471958108,2014
4304260,glancy binkow & goldberg,"gibson, dunn & crutcher",other,,PlaintiffWin,0.8767996471958108,0.8767996471958108,2014
4304260,glancy binkow & goldberg,wilmer cutler pickering hale & dor,other,,PlaintiffWin,0.8767996471958108,0.8767996471958108,2014
4304260,glancy binkow & goldberg,simpson thacher & bartlett,other,,PlaintiffWin,0.8767996471958108,0.8767996471958108,2014
4304260,glancy binkow & goldberg,locke lord bissell & liddell,other,,PlaintiffWin,0.8767996471958108,0.8767996471958108,2014
4304260,glancy binkow & goldberg,paul weiss rifkind wharton & garrison,other,,PlaintiffWin,0.8767996471958108,0.8767996471958108,2014
4304260,glancy binkow & goldberg,cahill gordon & reindel,other,,PlaintiffWin,0.8767996471958108,0.8767996471958108,2014
4304260,glancy binkow & goldberg,"boies, schiller & flexner",other,,PlaintiffWin,0.8767996471958108,0.8767996471958108,2014
4304260,glancy binkow & goldberg,davis polk & wardwell,other,,PlaintiffWin,0.8767996471958108,0.8767996471958108,2014
4304260,glancy binkow & goldberg,hughes hubbard & reed,other,,PlaintiffWin,0.8767996471958108,0.8767996471958108,2014
4304260,glancy binkow & goldberg,katten muchin rosenman,other,,PlaintiffWin,0.8767996471958108,0.8767996471958108,2014
4304260,glancy binkow & goldberg,sidley austin,other,,PlaintiffWin,0.8767996471958108,0.8767996471958108,2014
4304260,glancy binkow & goldberg,schiff hardin,other,,PlaintiffWin,0.8767996471958108,0.8767996471958108,2014
4304260,glancy binkow & goldberg,mayer brown,other,,PlaintiffWin,0.8767996471958108,0.8767996471958108,2014
4304260,glancy binkow & goldberg,sidley austin,other,,PlaintiffWin,0.8767996471958108,0.8767996471958108,2014
4304260,glancy binkow & goldberg,flemming zulack williamson zauderer,other,,PlaintiffWin,0.8767996471958108,0.8767996471958108,2014
4304260,glancy binkow & goldberg,covington & burling,other,,PlaintiffWin,0.8767996471958108,0.8767996471958108,2014
4304260,glancy binkow & goldberg,sullivan & cromwell,other,,PlaintiffWin,0.8767996471958108,0.8767996471958108,2014
4304260,lieff cabraser heimann & bernstein,united states attorney,other,,PlaintiffWin,0.8767996471958108,0.8767996471958108,2014
4304260,lieff cabraser heimann & bernstein,sullivan & cromwell,other,,PlaintiffWin,0.8767996471958108,0.8767996471958108,2014
4304260,lieff cabraser heimann & bernstein,sullivan & cromwell,other,,PlaintiffWin,0.8767996471958108,0.8767996471958108,2014
4304260,lieff cabraser heimann & bernstein,simpson thacher & bartlett,other,,PlaintiffWin,0.8767996471958108,0.8767996471958108,2014
4304260,lieff cabraser heimann & bernstein,"locke, liddell & sapp",other,,PlaintiffWin,0.8767996471958108,0.8767996471958108,2014
4304260,lieff cabraser heimann & bernstein,"gibson, dunn & crutcher",other,,PlaintiffWin,0.8767996471958108,0.8767996471958108,2014
4304260,lieff cabraser heimann & bernstein,covington & burling,other,,PlaintiffWin,0.8767996471958108,0.8767996471958108,2014
4304260,lieff cabraser heimann & bernstein,mcdermott will & emery,other,,PlaintiffWin,0.8767996471958108,0.8767996471958108,2014
4304260,lieff cabraser heimann & bernstein,"boies, schiller & flexner",other,,PlaintiffWin,0.8767996471958108,0.8767996471958108,2014
4304260,lieff cabraser heimann & bernstein,covington & burling,other,,PlaintiffWin,0.8767996471958108,0.8767996471958108,2014
4304260,lieff cabraser heimann & bernstein,davis polk & wardwell,other,,PlaintiffWin,0.8767996471958108,0.8767996471958108,2014
4304260,lieff cabraser heimann & bernstein,"milbank, tweed, hadley & mccloy",other,,PlaintiffWin,0.8767996471958108,0.8767996471958108,2014
4304260,lieff cabraser heimann & bernstein,hughes hubbard & reed,other,,PlaintiffWin,0.8767996471958108,0.8767996471958108,2014
4304260,lieff cabraser heimann & bernstein,"gibson, dunn & crutcher",other,,PlaintiffWin,0.8767996471958108,0.8767996471958108,2014
4304260,lieff cabraser heimann & bernstein,wilmer cutler pickering hale & dor,other,,PlaintiffWin,0.8767996471958108,0.8767996471958108,2014
4304260,lieff cabraser heimann & bernstein,simpson thacher & bartlett,other,,PlaintiffWin,0.8767996471958108,0.8767996471958108,2014
4304260,lieff cabraser heimann & bernstein,locke lord bissell & liddell,other,,PlaintiffWin,0.8767996471958108,0.8767996471958108,2014
4304260,lieff cabraser heimann & bernstein,paul weiss rifkind wharton & garrison,other,,PlaintiffWin,0.8767996471958108,0.8767996471958108,2014
4304260,lieff cabraser heimann & bernstein,cahill gordon & reindel,other,,PlaintiffWin,0.8767996471958108,0.8767996471958108,2014
4304260,lieff cabraser heimann & bernstein,"boies, schiller & flexner",other,,PlaintiffWin,0.8767996471958108,0.8767996471958108,2014
4304260,lieff cabraser heimann & bernstein,davis polk & wardwell,other,,PlaintiffWin,0.8767996471958108,0.8767996471958108,2014
4304260,lieff cabraser heimann & bernstein,hughes hubbard & reed,other,,PlaintiffWin,0.8767996471958108,0.8767996471958108,2014
4304260,lieff cabraser heimann & bernstein,katten muchin rosenman,other,,PlaintiffWin,0.8767996471958108,0.8767996471958108,2014
4304260,lieff cabraser heimann & bernstein,sidley austin,other,,PlaintiffWin,0.8767996471958108,0.8767996471958108,2014
4304260,lieff cabraser heimann & bernstein,schiff hardin,other,,PlaintiffWin,0.8767996471958108,0.8767996471958108,2014
4304260,lieff cabraser heimann & bernstein,mayer brown,other,,PlaintiffWin,0.8767996471958108,0.8767996471958108,2014
4304260,lieff cabraser heimann & bernstein,sidley austin,other,,PlaintiffWin,0.8767996471958108,0.8767996471958108,2014
4304260,lieff cabraser heimann & bernstein,flemming zulack williamson zauderer,other,,PlaintiffWin,0.8767996471958108,0.8767996471958108,2014
4304260,lieff cabraser heimann & bernstein,covington & burling,other,,PlaintiffWin,0.8767996471958108,0.8767996471958108,2014
4304260,lieff cabraser heimann & bernstein,sullivan & cromwell,other,,PlaintiffWin,0.8767996471958108,0.8767996471958108,2014
4304260,grant & eisenhofer,united states attorney,other,,PlaintiffWin,0.8767996471958108,0.8767996471958108,2014
4304260,grant & eisenhofer,sullivan & cromwell,other,,PlaintiffWin,0.8767996471958108,0.8767996471958108,2014
4304260,grant & eisenhofer,sullivan & cromwell,other,,PlaintiffWin,0.8767996471958108,0.8767996471958108,2014
4304260,grant & eisenhofer,simpson thacher & bartlett,other,,PlaintiffWin,0.8767996471958108,0.8767996471958108,2014
4304260,grant & eisenhofer,"locke, liddell & sapp",other,,PlaintiffWin,0.8767996471958108,0.8767996471958108,2014
4304260,grant & eisenhofer,"gibson, dunn & crutcher",other,,PlaintiffWin,0.8767996471958108,0.8767996471958108,2014
4304260,grant & eisenhofer,covington & burling,other,,PlaintiffWin,0.8767996471958108,0.8767996471958108,2014
4304260,grant & eisenhofer,mcdermott will & emery,other,,PlaintiffWin,0.8767996471958108,0.8767996471958108,2014
4304260,grant & eisenhofer,"boies, schiller & flexner",other,,PlaintiffWin,0.8767996471958108,0.8767996471958108,2014
4304260,grant & eisenhofer,covington & burling,other,,PlaintiffWin,0.8767996471958108,0.8767996471958108,2014
4304260,grant & eisenhofer,davis polk & wardwell,other,,PlaintiffWin,0.8767996471958108,0.8767996471958108,2014
4304260,grant & eisenhofer,"milbank, tweed, hadley & mccloy",other,,PlaintiffWin,0.8767996471958108,0.8767996471958108,2014
4304260,grant & eisenhofer,hughes hubbard & reed,other,,PlaintiffWin,0.8767996471958108,0.8767996471958108,2014
4304260,grant & eisenhofer,"gibson, dunn & crutcher",other,,PlaintiffWin,0.8767996471958108,0.8767996471958108,2014
4304260,grant & eisenhofer,wilmer cutler pickering hale & dor,other,,PlaintiffWin,0.8767996471958108,0.8767996471958108,2014
4304260,grant & eisenhofer,simpson thacher & bartlett,other,,PlaintiffWin,0.8767996471958108,0.8767996471958108,2014
4304260,grant & eisenhofer,locke lord bissell & liddell,other,,PlaintiffWin,0.8767996471958108,0.8767996471958108,2014
4304260,grant & eisenhofer,paul weiss rifkind wharton & garrison,other,,PlaintiffWin,0.8767996471958108,0.8767996471958108,2014
4304260,grant & eisenhofer,cahill gordon & reindel,other,,PlaintiffWin,0.8767996471958108,0.8767996471958108,2014
4304260,grant & eisenhofer,"boies, schiller & flexner",other,,PlaintiffWin,0.8767996471958108,0.8767996471958108,2014
4304260,grant & eisenhofer,davis polk & wardwell,other,,PlaintiffWin,0.8767996471958108,0.8767996471958108,2014
4304260,grant & eisenhofer,hughes hubbard & reed,other,,PlaintiffWin,0.8767996471958108,0.8767996471958108,2014
4304260,grant & eisenhofer,katten muchin rosenman,other,,PlaintiffWin,0.8767996471958108,0.8767996471958108,2014
4304260,grant & eisenhofer,sidley austin,other,,PlaintiffWin,0.8767996471958108,0.8767996471958108,2014
4304260,grant & eisenhofer,schiff hardin,other,,PlaintiffWin,0.8767996471958108,0.8767996471958108,2014
4304260,grant & eisenhofer,mayer brown,other,,PlaintiffWin,0.8767996471958108,0.8767996471958108,2014
4304260,grant & eisenhofer,sidley austin,other,,PlaintiffWin,0.8767996471958108,0.8767996471958108,2014
4304260,grant & eisenhofer,flemming zulack williamson zauderer,other,,PlaintiffWin,0.8767996471958108,0.8767996471958108,2014
4304260,grant & eisenhofer,covington & burling,other,,PlaintiffWin,0.8767996471958108,0.8767996471958108,2014
4304260,grant & eisenhofer,sullivan & cromwell,other,,PlaintiffWin,0.8767996471958108,0.8767996471958108,2014
4304260,baron & budd,united states attorney,other,,PlaintiffWin,0.8767996471958108,0.8767996471958108,2014
4304260,baron & budd,sullivan & cromwell,other,,PlaintiffWin,0.8767996471958108,0.8767996471958108,2014
4304260,baron & budd,sullivan & cromwell,other,,PlaintiffWin,0.8767996471958108,0.8767996471958108,2014
4304260,baron & budd,simpson thacher & bartlett,other,,PlaintiffWin,0.8767996471958108,0.8767996471958108,2014
4304260,baron & budd,"locke, liddell & sapp",other,,PlaintiffWin,0.8767996471958108,0.8767996471958108,2014
4304260,baron & budd,"gibson, dunn & crutcher",other,,PlaintiffWin,0.8767996471958108,0.8767996471958108,2014
4304260,baron & budd,covington & burling,other,,PlaintiffWin,0.8767996471958108,0.8767996471958108,2014
4304260,baron & budd,mcdermott will & emery,other,,PlaintiffWin,0.8767996471958108,0.8767996471958108,2014
4304260,baron & budd,"boies, schiller & flexner",other,,PlaintiffWin,0.8767996471958108,0.8767996471958108,2014
4304260,baron & budd,covington & burling,other,,PlaintiffWin,0.8767996471958108,0.8767996471958108,2014
4304260,baron & budd,davis polk & wardwell,other,,PlaintiffWin,0.8767996471958108,0.8767996471958108,2014
4304260,baron & budd,"milbank, tweed, hadley & mccloy",other,,PlaintiffWin,0.8767996471958108,0.8767996471958108,2014
4304260,baron & budd,hughes hubbard & reed,other,,PlaintiffWin,0.8767996471958108,0.8767996471958108,2014
4304260,baron & budd,"gibson, dunn & crutcher",other,,PlaintiffWin,0.8767996471958108,0.8767996471958108,2014
4304260,baron & budd,wilmer cutler pickering hale & dor,other,,PlaintiffWin,0.8767996471958108,0.8767996471958108,2014
4304260,baron & budd,simpson thacher & bartlett,other,,PlaintiffWin,0.8767996471958108,0.8767996471958108,2014
4304260,baron & budd,locke lord bissell & liddell,other,,PlaintiffWin,0.8767996471958108,0.8767996471958108,2014
4304260,baron & budd,paul weiss rifkind wharton & garrison,other,,PlaintiffWin,0.8767996471958108,0.8767996471958108,2014
4304260,baron & budd,cahill gordon & reindel,other,,PlaintiffWin,0.8767996471958108,0.8767996471958108,2014
4304260,baron & budd,"boies, schiller & flexner",other,,PlaintiffWin,0.8767996471958108,0.8767996471958108,2014
4304260,baron & budd,davis polk & wardwell,other,,PlaintiffWin,0.8767996471958108,0.8767996471958108,2014
4304260,baron & budd,hughes hubbard & reed,other,,PlaintiffWin,0.8767996471958108,0.8767996471958108,2014
4304260,baron & budd,katten muchin rosenman,other,,PlaintiffWin,0.8767996471958108,0.8767996471958108,2014
4304260,baron & budd,sidley austin,other,,PlaintiffWin,0.8767996471958108,0.8767996471958108,2014
4304260,baron & budd,schiff hardin,other,,PlaintiffWin,0.8767996471958108,0.8767996471958108,2014
4304260,baron & budd,mayer brown,other,,PlaintiffWin,0.8767996471958108,0.8767996471958108,2014
4304260,baron & budd,sidley austin,other,,PlaintiffWin,0.8767996471958108,0.8767996471958108,2014
4304260,baron & budd,flemming zulack williamson zauderer,other,,PlaintiffWin,0.8767996471958108,0.8767996471958108,2014
4304260,baron & budd,covington & burling,other,,PlaintiffWin,0.8767996471958108,0.8767996471958108,2014
4304260,baron & budd,sullivan & cromwell,other,,PlaintiffWin,0.8767996471958108,0.8767996471958108,2014
4304260,susman godfrey,united states attorney,other,,PlaintiffWin,0.8767996471958108,0.8767996471958108,2014
4304260,susman godfrey,sullivan & cromwell,other,,PlaintiffWin,0.8767996471958108,0.8767996471958108,2014
4304260,susman godfrey,sullivan & cromwell,other,,PlaintiffWin,0.8767996471958108,0.8767996471958108,2014
4304260,susman godfrey,simpson thacher & bartlett,other,,PlaintiffWin,0.8767996471958108,0.8767996471958108,2014
4304260,susman godfrey,"locke, liddell & sapp",other,,PlaintiffWin,0.8767996471958108,0.8767996471958108,2014
4304260,susman godfrey,"gibson, dunn & crutcher",other,,PlaintiffWin,0.8767996471958108,0.8767996471958108,2014
4304260,susman godfrey,covington & burling,other,,PlaintiffWin,0.8767996471958108,0.8767996471958108,2014
4304260,susman godfrey,mcdermott will & emery,other,,PlaintiffWin,0.8767996471958108,0.8767996471958108,2014
4304260,susman godfrey,"boies, schiller & flexner",other,,PlaintiffWin,0.8767996471958108,0.8767996471958108,2014
4304260,susman godfrey,covington & burling,other,,PlaintiffWin,0.8767996471958108,0.8767996471958108,2014
4304260,susman godfrey,davis polk & wardwell,other,,PlaintiffWin,0.8767996471958108,0.8767996471958108,2014
4304260,susman godfrey,"milbank, tweed, hadley & mccloy",other,,PlaintiffWin,0.8767996471958108,0.8767996471958108,2014
4304260,susman godfrey,hughes hubbard & reed,other,,PlaintiffWin,0.8767996471958108,0.8767996471958108,2014
4304260,susman godfrey,"gibson, dunn & crutcher",other,,PlaintiffWin,0.8767996471958108,0.8767996471958108,2014
4304260,susman godfrey,wilmer cutler pickering hale & dor,other,,PlaintiffWin,0.8767996471958108,0.8767996471958108,2014
4304260,susman godfrey,simpson thacher & bartlett,other,,PlaintiffWin,0.8767996471958108,0.8767996471958108,2014
4304260,susman godfrey,locke lord bissell & liddell,other,,PlaintiffWin,0.8767996471958108,0.8767996471958108,2014
4304260,susman godfrey,paul weiss rifkind wharton & garrison,other,,PlaintiffWin,0.8767996471958108,0.8767996471958108,2014
4304260,susman godfrey,cahill gordon & reindel,other,,PlaintiffWin,0.8767996471958108,0.8767996471958108,2014
4304260,susman godfrey,"boies, schiller & flexner",other,,PlaintiffWin,0.8767996471958108,0.8767996471958108,2014
4304260,susman godfrey,davis polk & wardwell,other,,PlaintiffWin,0.8767996471958108,0.8767996471958108,2014
4304260,susman godfrey,hughes hubbard & reed,other,,PlaintiffWin,0.8767996471958108,0.8767996471958108,2014
4304260,susman godfrey,katten muchin rosenman,other,,PlaintiffWin,0.8767996471958108,0.8767996471958108,2014
4304260,susman godfrey,sidley austin,other,,PlaintiffWin,0.8767996471958108,0.8767996471958108,2014
4304260,susman godfrey,schiff hardin,other,,PlaintiffWin,0.8767996471958108,0.8767996471958108,2014
4304260,susman godfrey,mayer brown,other,,PlaintiffWin,0.8767996471958108,0.8767996471958108,2014
4304260,susman godfrey,sidley austin,other,,PlaintiffWin,0.8767996471958108,0.8767996471958108,2014
4304260,susman godfrey,flemming zulack williamson zauderer,other,,PlaintiffWin,0.8767996471958108,0.8767996471958108,2014
4304260,susman godfrey,covington & burling,other,,PlaintiffWin,0.8767996471958108,0.8767996471958108,2014
4304260,susman godfrey,sullivan & cromwell,other,,PlaintiffWin,0.8767996471958108,0.8767996471958108,2014
4304260,cotchett pitre & mccarthy,united states attorney,other,,PlaintiffWin,0.8767996471958108,0.8767996471958108,2014
4304260,cotchett pitre & mccarthy,sullivan & cromwell,other,,PlaintiffWin,0.8767996471958108,0.8767996471958108,2014
4304260,cotchett pitre & mccarthy,sullivan & cromwell,other,,PlaintiffWin,0.8767996471958108,0.8767996471958108,2014
4304260,cotchett pitre & mccarthy,simpson thacher & bartlett,other,,PlaintiffWin,0.8767996471958108,0.8767996471958108,2014
4304260,cotchett pitre & mccarthy,"locke, liddell & sapp",other,,PlaintiffWin,0.8767996471958108,0.8767996471958108,2014
4304260,cotchett pitre & mccarthy,"gibson, dunn & crutcher",other,,PlaintiffWin,0.8767996471958108,0.8767996471958108,2014
4304260,cotchett pitre & mccarthy,covington & burling,other,,PlaintiffWin,0.8767996471958108,0.8767996471958108,2014
4304260,cotchett pitre & mccarthy,mcdermott will & emery,other,,PlaintiffWin,0.8767996471958108,0.8767996471958108,2014
4304260,cotchett pitre & mccarthy,"boies, schiller & flexner",other,,PlaintiffWin,0.8767996471958108,0.8767996471958108,2014
4304260,cotchett pitre & mccarthy,covington & burling,other,,PlaintiffWin,0.8767996471958108,0.8767996471958108,2014
4304260,cotchett pitre & mccarthy,davis polk & wardwell,other,,PlaintiffWin,0.8767996471958108,0.8767996471958108,2014
4304260,cotchett pitre & mccarthy,"milbank, tweed, hadley & mccloy",other,,PlaintiffWin,0.8767996471958108,0.8767996471958108,2014
4304260,cotchett pitre & mccarthy,hughes hubbard & reed,other,,PlaintiffWin,0.8767996471958108,0.8767996471958108,2014
4304260,cotchett pitre & mccarthy,"gibson, dunn & crutcher",other,,PlaintiffWin,0.8767996471958108,0.8767996471958108,2014
4304260,cotchett pitre & mccarthy,wilmer cutler pickering hale & dor,other,,PlaintiffWin,0.8767996471958108,0.8767996471958108,2014
4304260,cotchett pitre & mccarthy,simpson thacher & bartlett,other,,PlaintiffWin,0.8767996471958108,0.8767996471958108,2014
4304260,cotchett pitre & mccarthy,locke lord bissell & liddell,other,,PlaintiffWin,0.8767996471958108,0.8767996471958108,2014
4304260,cotchett pitre & mccarthy,paul weiss rifkind wharton & garrison,other,,PlaintiffWin,0.8767996471958108,0.8767996471958108,2014
4304260,cotchett pitre & mccarthy,cahill gordon & reindel,other,,PlaintiffWin,0.8767996471958108,0.8767996471958108,2014
4304260,cotchett pitre & mccarthy,"boies, schiller & flexner",other,,PlaintiffWin,0.8767996471958108,0.8767996471958108,2014
4304260,cotchett pitre & mccarthy,davis polk & wardwell,other,,PlaintiffWin,0.8767996471958108,0.8767996471958108,2014
4304260,cotchett pitre & mccarthy,hughes hubbard & reed,other,,PlaintiffWin,0.8767996471958108,0.8767996471958108,2014
4304260,cotchett pitre & mccarthy,katten muchin rosenman,other,,PlaintiffWin,0.8767996471958108,0.8767996471958108,2014
4304260,cotchett pitre & mccarthy,sidley austin,other,,PlaintiffWin,0.8767996471958108,0.8767996471958108,2014
4304260,cotchett pitre & mccarthy,schiff hardin,other,,PlaintiffWin,0.8767996471958108,0.8767996471958108,2014
4304260,cotchett pitre & mccarthy,mayer brown,other,,PlaintiffWin,0.8767996471958108,0.8767996471958108,2014
4304260,cotchett pitre & mccarthy,sidley austin,other,,PlaintiffWin,0.8767996471958108,0.8767996471958108,2014
4304260,cotchett pitre & mccarthy,flemming zulack williamson zauderer,other,,PlaintiffWin,0.8767996471958108,0.8767996471958108,2014
4304260,cotchett pitre & mccarthy,covington & burling,other,,PlaintiffWin,0.8767996471958108,0.8767996471958108,2014
4304260,cotchett pitre & mccarthy,sullivan & cromwell,other,,PlaintiffWin,0.8767996471958108,0.8767996471958108,2014
4304260,pomerantz,united states attorney,other,,PlaintiffWin,0.8767996471958108,0.8767996471958108,2014
4304260,pomerantz,sullivan & cromwell,other,,PlaintiffWin,0.8767996471958108,0.8767996471958108,2014
4304260,pomerantz,sullivan & cromwell,other,,PlaintiffWin,0.8767996471958108,0.8767996471958108,2014
4304260,pomerantz,simpson thacher & bartlett,other,,PlaintiffWin,0.8767996471958108,0.8767996471958108,2014
4304260,pomerantz,"locke, liddell & sapp",other,,PlaintiffWin,0.8767996471958108,0.8767996471958108,2014
4304260,pomerantz,"gibson, dunn & crutcher",other,,PlaintiffWin,0.8767996471958108,0.8767996471958108,2014
4304260,pomerantz,covington & burling,other,,PlaintiffWin,0.8767996471958108,0.8767996471958108,2014
4304260,pomerantz,mcdermott will & emery,other,,PlaintiffWin,0.8767996471958108,0.8767996471958108,2014
4304260,pomerantz,"boies, schiller & flexner",other,,PlaintiffWin,0.8767996471958108,0.8767996471958108,2014
4304260,pomerantz,covington & burling,other,,PlaintiffWin,0.8767996471958108,0.8767996471958108,2014
4304260,pomerantz,davis polk & wardwell,other,,PlaintiffWin,0.8767996471958108,0.8767996471958108,2014
4304260,pomerantz,"milbank, tweed, hadley & mccloy",other,,PlaintiffWin,0.8767996471958108,0.8767996471958108,2014
4304260,pomerantz,hughes hubbard & reed,other,,PlaintiffWin,0.8767996471958108,0.8767996471958108,2014
4304260,pomerantz,"gibson, dunn & crutcher",other,,PlaintiffWin,0.8767996471958108,0.8767996471958108,2014
4304260,pomerantz,wilmer cutler pickering hale & dor,other,,PlaintiffWin,0.8767996471958108,0.8767996471958108,2014
4304260,pomerantz,simpson thacher & bartlett,other,,PlaintiffWin,0.8767996471958108,0.8767996471958108,2014
4304260,pomerantz,locke lord bissell & liddell,other,,PlaintiffWin,0.8767996471958108,0.8767996471958108,2014
4304260,pomerantz,paul weiss rifkind wharton & garrison,other,,PlaintiffWin,0.8767996471958108,0.8767996471958108,2014
4304260,pomerantz,cahill gordon & reindel,other,,PlaintiffWin,0.8767996471958108,0.8767996471958108,2014
4304260,pomerantz,"boies, schiller & flexner",other,,PlaintiffWin,0.8767996471958108,0.8767996471958108,2014
4304260,pomerantz,davis polk & wardwell,other,,PlaintiffWin,0.8767996471958108,0.8767996471958108,2014
4304260,pomerantz,hughes hubbard & reed,other,,PlaintiffWin,0.8767996471958108,0.8767996471958108,2014
4304260,pomerantz,katten muchin rosenman,other,,PlaintiffWin,0.8767996471958108,0.8767996471958108,2014
4304260,pomerantz,sidley austin,other,,PlaintiffWin,0.8767996471958108,0.8767996471958108,2014
4304260,pomerantz,schiff hardin,other,,PlaintiffWin,0.8767996471958108,0.8767996471958108,2014
4304260,pomerantz,mayer brown,other,,PlaintiffWin,0.8767996471958108,0.8767996471958108,2014
4304260,pomerantz,sidley austin,other,,PlaintiffWin,0.8767996471958108,0.8767996471958108,2014
4304260,pomerantz,flemming zulack williamson zauderer,other,,PlaintiffWin,0.8767996471958108,0.8767996471958108,2014
4304260,pomerantz,covington & burling,other,,PlaintiffWin,0.8767996471958108,0.8767996471958108,2014
4304260,pomerantz,sullivan & cromwell,other,,PlaintiffWin,0.8767996471958108,0.8767996471958108,2014
4304260,goldberg,united states attorney,other,,PlaintiffWin,0.8767996471958108,0.8767996471958108,2014
4304260,goldberg,sullivan & cromwell,other,,PlaintiffWin,0.8767996471958108,0.8767996471958108,2014
4304260,goldberg,sullivan & cromwell,other,,PlaintiffWin,0.8767996471958108,0.8767996471958108,2014
4304260,goldberg,simpson thacher & bartlett,other,,PlaintiffWin,0.8767996471958108,0.8767996471958108,2014
4304260,goldberg,"locke, liddell & sapp",other,,PlaintiffWin,0.8767996471958108,0.8767996471958108,2014
4304260,goldberg,"gibson, dunn & crutcher",other,,PlaintiffWin,0.8767996471958108,0.8767996471958108,2014
4304260,goldberg,covington & burling,other,,PlaintiffWin,0.8767996471958108,0.8767996471958108,2014
4304260,goldberg,mcdermott will & emery,other,,PlaintiffWin,0.8767996471958108,0.8767996471958108,2014
4304260,goldberg,"boies, schiller & flexner",other,,PlaintiffWin,0.8767996471958108,0.8767996471958108,2014
4304260,goldberg,covington & burling,other,,PlaintiffWin,0.8767996471958108,0.8767996471958108,2014
4304260,goldberg,davis polk & wardwell,other,,PlaintiffWin,0.8767996471958108,0.8767996471958108,2014
4304260,goldberg,"milbank, tweed, hadley & mccloy",other,,PlaintiffWin,0.8767996471958108,0.8767996471958108,2014
4304260,goldberg,hughes hubbard & reed,other,,PlaintiffWin,0.8767996471958108,0.8767996471958108,2014
4304260,goldberg,"gibson, dunn & crutcher",other,,PlaintiffWin,0.8767996471958108,0.8767996471958108,2014
4304260,goldberg,wilmer cutler pickering hale & dor,other,,PlaintiffWin,0.8767996471958108,0.8767996471958108,2014
4304260,goldberg,simpson thacher & bartlett,other,,PlaintiffWin,0.8767996471958108,0.8767996471958108,2014
4304260,goldberg,locke lord bissell & liddell,other,,PlaintiffWin,0.8767996471958108,0.8767996471958108,2014
4304260,goldberg,paul weiss rifkind wharton & garrison,other,,PlaintiffWin,0.8767996471958108,0.8767996471958108,2014
4304260,goldberg,cahill gordon & reindel,other,,PlaintiffWin,0.8767996471958108,0.8767996471958108,2014
4304260,goldberg,"boies, schiller & flexner",other,,PlaintiffWin,0.8767996471958108,0.8767996471958108,2014
4304260,goldberg,davis polk & wardwell,other,,PlaintiffWin,0.8767996471958108,0.8767996471958108,2014
4304260,goldberg,hughes hubbard & reed,other,,PlaintiffWin,0.8767996471958108,0.8767996471958108,2014
4304260,goldberg,katten muchin rosenman,other,,PlaintiffWin,0.8767996471958108,0.8767996471958108,2014
4304260,goldberg,sidley austin,other,,PlaintiffWin,0.8767996471958108,0.8767996471958108,2014
4304260,goldberg,schiff hardin,other,,PlaintiffWin,0.8767996471958108,0.8767996471958108,2014
4304260,goldberg,mayer brown,other,,PlaintiffWin,0.8767996471958108,0.8767996471958108,2014
4304260,goldberg,sidley austin,other,,PlaintiffWin,0.8767996471958108,0.8767996471958108,2014
4304260,goldberg,flemming zulack williamson zauderer,other,,PlaintiffWin,0.8767996471958108,0.8767996471958108,2014
4304260,goldberg,covington & burling,other,,PlaintiffWin,0.8767996471958108,0.8767996471958108,2014
4304260,goldberg,sullivan & cromwell,other,,PlaintiffWin,0.8767996471958108,0.8767996471958108,2014
4304260,dickstein shapiro,united states attorney,other,,PlaintiffWin,0.8767996471958108,0.8767996471958108,2014
4304260,dickstein shapiro,sullivan & cromwell,other,,PlaintiffWin,0.8767996471958108,0.8767996471958108,2014
4304260,dickstein shapiro,sullivan & cromwell,other,,PlaintiffWin,0.8767996471958108,0.8767996471958108,2014
4304260,dickstein shapiro,simpson thacher & bartlett,other,,PlaintiffWin,0.8767996471958108,0.8767996471958108,2014
4304260,dickstein shapiro,"locke, liddell & sapp",other,,PlaintiffWin,0.8767996471958108,0.8767996471958108,2014
4304260,dickstein shapiro,"gibson, dunn & crutcher",other,,PlaintiffWin,0.8767996471958108,0.8767996471958108,2014
4304260,dickstein shapiro,covington & burling,other,,PlaintiffWin,0.8767996471958108,0.8767996471958108,2014
4304260,dickstein shapiro,mcdermott will & emery,other,,PlaintiffWin,0.8767996471958108,0.8767996471958108,2014
4304260,dickstein shapiro,"boies, schiller & flexner",other,,PlaintiffWin,0.8767996471958108,0.8767996471958108,2014
4304260,dickstein shapiro,covington & burling,other,,PlaintiffWin,0.8767996471958108,0.8767996471958108,2014
4304260,dickstein shapiro,davis polk & wardwell,other,,PlaintiffWin,0.8767996471958108,0.8767996471958108,2014
4304260,dickstein shapiro,"milbank, tweed, hadley & mccloy",other,,PlaintiffWin,0.8767996471958108,0.8767996471958108,2014
4304260,dickstein shapiro,hughes hubbard & reed,other,,PlaintiffWin,0.8767996471958108,0.8767996471958108,2014
4304260,dickstein shapiro,"gibson, dunn & crutcher",other,,PlaintiffWin,0.8767996471958108,0.8767996471958108,2014
4304260,dickstein shapiro,wilmer cutler pickering hale & dor,other,,PlaintiffWin,0.8767996471958108,0.8767996471958108,2014
4304260,dickstein shapiro,simpson thacher & bartlett,other,,PlaintiffWin,0.8767996471958108,0.8767996471958108,2014
4304260,dickstein shapiro,locke lord bissell & liddell,other,,PlaintiffWin,0.8767996471958108,0.8767996471958108,2014
4304260,dickstein shapiro,paul weiss rifkind wharton & garrison,other,,PlaintiffWin,0.8767996471958108,0.8767996471958108,2014
4304260,dickstein shapiro,cahill gordon & reindel,other,,PlaintiffWin,0.8767996471958108,0.8767996471958108,2014
4304260,dickstein shapiro,"boies, schiller & flexner",other,,PlaintiffWin,0.8767996471958108,0.8767996471958108,2014
4304260,dickstein shapiro,davis polk & wardwell,other,,PlaintiffWin,0.8767996471958108,0.8767996471958108,2014
4304260,dickstein shapiro,hughes hubbard & reed,other,,PlaintiffWin,0.8767996471958108,0.8767996471958108,2014
4304260,dickstein shapiro,katten muchin rosenman,other,,PlaintiffWin,0.8767996471958108,0.8767996471958108,2014
4304260,dickstein shapiro,sidley austin,other,,PlaintiffWin,0.8767996471958108,0.8767996471958108,2014
4304260,dickstein shapiro,schiff hardin,other,,PlaintiffWin,0.8767996471958108,0.8767996471958108,2014
4304260,dickstein shapiro,mayer brown,other,,PlaintiffWin,0.8767996471958108,0.8767996471958108,2014
4304260,dickstein shapiro,sidley austin,other,,PlaintiffWin,0.8767996471958108,0.8767996471958108,2014
4304260,dickstein shapiro,flemming zulack williamson zauderer,other,,PlaintiffWin,0.8767996471958108,0.8767996471958108,2014
4304260,dickstein shapiro,covington & burling,other,,PlaintiffWin,0.8767996471958108,0.8767996471958108,2014
4304260,dickstein shapiro,sullivan & cromwell,other,,PlaintiffWin,0.8767996471958108,0.8767996471958108,2014
4304260,hausfeld,united states attorney,other,,PlaintiffWin,0.8767996471958108,0.8767996471958108,2014
4304260,hausfeld,sullivan & cromwell,other,,PlaintiffWin,0.8767996471958108,0.8767996471958108,2014
4304260,hausfeld,sullivan & cromwell,other,,PlaintiffWin,0.8767996471958108,0.8767996471958108,2014
4304260,hausfeld,simpson thacher & bartlett,other,,PlaintiffWin,0.8767996471958108,0.8767996471958108,2014
4304260,hausfeld,"locke, liddell & sapp",other,,PlaintiffWin,0.8767996471958108,0.8767996471958108,2014
4304260,hausfeld,"gibson, dunn & crutcher",other,,PlaintiffWin,0.8767996471958108,0.8767996471958108,2014
4304260,hausfeld,covington & burling,other,,PlaintiffWin,0.8767996471958108,0.8767996471958108,2014
4304260,hausfeld,mcdermott will & emery,other,,PlaintiffWin,0.8767996471958108,0.8767996471958108,2014
4304260,hausfeld,"boies, schiller & flexner",other,,PlaintiffWin,0.8767996471958108,0.8767996471958108,2014
4304260,hausfeld,covington & burling,other,,PlaintiffWin,0.8767996471958108,0.8767996471958108,2014
4304260,hausfeld,davis polk & wardwell,other,,PlaintiffWin,0.8767996471958108,0.8767996471958108,2014
4304260,hausfeld,"milbank, tweed, hadley & mccloy",other,,PlaintiffWin,0.8767996471958108,0.8767996471958108,2014
4304260,hausfeld,hughes hubbard & reed,other,,PlaintiffWin,0.8767996471958108,0.8767996471958108,2014
4304260,hausfeld,"gibson, dunn & crutcher",other,,PlaintiffWin,0.8767996471958108,0.8767996471958108,2014
4304260,hausfeld,wilmer cutler pickering hale & dor,other,,PlaintiffWin,0.8767996471958108,0.8767996471958108,2014
4304260,hausfeld,simpson thacher & bartlett,other,,PlaintiffWin,0.8767996471958108,0.8767996471958108,2014
4304260,hausfeld,locke lord bissell & liddell,other,,PlaintiffWin,0.8767996471958108,0.8767996471958108,2014
4304260,hausfeld,paul weiss rifkind wharton & garrison,other,,PlaintiffWin,0.8767996471958108,0.8767996471958108,2014
4304260,hausfeld,cahill gordon & reindel,other,,PlaintiffWin,0.8767996471958108,0.8767996471958108,2014
4304260,hausfeld,"boies, schiller & flexner",other,,PlaintiffWin,0.8767996471958108,0.8767996471958108,2014
4304260,hausfeld,davis polk & wardwell,other,,PlaintiffWin,0.8767996471958108,0.8767996471958108,2014
4304260,hausfeld,hughes hubbard & reed,other,,PlaintiffWin,0.8767996471958108,0.8767996471958108,2014
4304260,hausfeld,katten muchin rosenman,other,,PlaintiffWin,0.8767996471958108,0.8767996471958108,2014
4304260,hausfeld,sidley austin,other,,PlaintiffWin,0.8767996471958108,0.8767996471958108,2014
4304260,hausfeld,schiff hardin,other,,PlaintiffWin,0.8767996471958108,0.8767996471958108,2014
4304260,hausfeld,mayer brown,other,,PlaintiffWin,0.8767996471958108,0.8767996471958108,2014
4304260,hausfeld,sidley austin,other,,PlaintiffWin,0.8767996471958108,0.8767996471958108,2014
4304260,hausfeld,flemming zulack williamson zauderer,other,,PlaintiffWin,0.8767996471958108,0.8767996471958108,2014
4304260,hausfeld,covington & burling,other,,PlaintiffWin,0.8767996471958108,0.8767996471958108,2014
4304260,hausfeld,sullivan & cromwell,other,,PlaintiffWin,0.8767996471958108,0.8767996471958108,2014
4304260,susman godfrey,united states attorney,other,,PlaintiffWin,0.8767996471958108,0.8767996471958108,2014
4304260,susman godfrey,sullivan & cromwell,other,,PlaintiffWin,0.8767996471958108,0.8767996471958108,2014
4304260,susman godfrey,sullivan & cromwell,other,,PlaintiffWin,0.8767996471958108,0.8767996471958108,2014
4304260,susman godfrey,simpson thacher & bartlett,other,,PlaintiffWin,0.8767996471958108,0.8767996471958108,2014
4304260,susman godfrey,"locke, liddell & sapp",other,,PlaintiffWin,0.8767996471958108,0.8767996471958108,2014
4304260,susman godfrey,"gibson, dunn & crutcher",other,,PlaintiffWin,0.8767996471958108,0.8767996471958108,2014
4304260,susman godfrey,covington & burling,other,,PlaintiffWin,0.8767996471958108,0.8767996471958108,2014
4304260,susman godfrey,mcdermott will & emery,other,,PlaintiffWin,0.8767996471958108,0.8767996471958108,2014
4304260,susman godfrey,"boies, schiller & flexner",other,,PlaintiffWin,0.8767996471958108,0.8767996471958108,2014
4304260,susman godfrey,covington & burling,other,,PlaintiffWin,0.8767996471958108,0.8767996471958108,2014
4304260,susman godfrey,davis polk & wardwell,other,,PlaintiffWin,0.8767996471958108,0.8767996471958108,2014
4304260,susman godfrey,"milbank, tweed, hadley & mccloy",other,,PlaintiffWin,0.8767996471958108,0.8767996471958108,2014
4304260,susman godfrey,hughes hubbard & reed,other,,PlaintiffWin,0.8767996471958108,0.8767996471958108,2014
4304260,susman godfrey,"gibson, dunn & crutcher",other,,PlaintiffWin,0.8767996471958108,0.8767996471958108,2014
4304260,susman godfrey,wilmer cutler pickering hale & dor,other,,PlaintiffWin,0.8767996471958108,0.8767996471958108,2014
4304260,susman godfrey,simpson thacher & bartlett,other,,PlaintiffWin,0.8767996471958108,0.8767996471958108,2014
4304260,susman godfrey,locke lord bissell & liddell,other,,PlaintiffWin,0.8767996471958108,0.8767996471958108,2014
4304260,susman godfrey,paul weiss rifkind wharton & garrison,other,,PlaintiffWin,0.8767996471958108,0.8767996471958108,2014
4304260,susman godfrey,cahill gordon & reindel,other,,PlaintiffWin,0.8767996471958108,0.8767996471958108,2014
4304260,susman godfrey,"boies, schiller & flexner",other,,PlaintiffWin,0.8767996471958108,0.8767996471958108,2014
4304260,susman godfrey,davis polk & wardwell,other,,PlaintiffWin,0.8767996471958108,0.8767996471958108,2014
4304260,susman godfrey,hughes hubbard & reed,other,,PlaintiffWin,0.8767996471958108,0.8767996471958108,2014
4304260,susman godfrey,katten muchin rosenman,other,,PlaintiffWin,0.8767996471958108,0.8767996471958108,2014
4304260,susman godfrey,sidley austin,other,,PlaintiffWin,0.8767996471958108,0.8767996471958108,2014
4304260,susman godfrey,schiff hardin,other,,PlaintiffWin,0.8767996471958108,0.8767996471958108,2014
4304260,susman godfrey,mayer brown,other,,PlaintiffWin,0.8767996471958108,0.8767996471958108,2014
4304260,susman godfrey,sidley austin,other,,PlaintiffWin,0.8767996471958108,0.8767996471958108,2014
4304260,susman godfrey,flemming zulack williamson zauderer,other,,PlaintiffWin,0.8767996471958108,0.8767996471958108,2014
4304260,susman godfrey,covington & burling,other,,PlaintiffWin,0.8767996471958108,0.8767996471958108,2014
4304260,susman godfrey,sullivan & cromwell,other,,PlaintiffWin,0.8767996471958108,0.8767996471958108,2014
4304260,hagens berman sobol shapiro,united states attorney,other,,PlaintiffWin,0.8767996471958108,0.8767996471958108,2014
4304260,hagens berman sobol shapiro,sullivan & cromwell,other,,PlaintiffWin,0.8767996471958108,0.8767996471958108,2014
4304260,hagens berman sobol shapiro,sullivan & cromwell,other,,PlaintiffWin,0.8767996471958108,0.8767996471958108,2014
4304260,hagens berman sobol shapiro,simpson thacher & bartlett,other,,PlaintiffWin,0.8767996471958108,0.8767996471958108,2014
4304260,hagens berman sobol shapiro,"locke, liddell & sapp",other,,PlaintiffWin,0.8767996471958108,0.8767996471958108,2014
4304260,hagens berman sobol shapiro,"gibson, dunn & crutcher",other,,PlaintiffWin,0.8767996471958108,0.8767996471958108,2014
4304260,hagens berman sobol shapiro,covington & burling,other,,PlaintiffWin,0.8767996471958108,0.8767996471958108,2014
4304260,hagens berman sobol shapiro,mcdermott will & emery,other,,PlaintiffWin,0.8767996471958108,0.8767996471958108,2014
4304260,hagens berman sobol shapiro,"boies, schiller & flexner",other,,PlaintiffWin,0.8767996471958108,0.8767996471958108,2014
4304260,hagens berman sobol shapiro,covington & burling,other,,PlaintiffWin,0.8767996471958108,0.8767996471958108,2014
4304260,hagens berman sobol shapiro,davis polk & wardwell,other,,PlaintiffWin,0.8767996471958108,0.8767996471958108,2014
4304260,hagens berman sobol shapiro,"milbank, tweed, hadley & mccloy",other,,PlaintiffWin,0.8767996471958108,0.8767996471958108,2014
4304260,hagens berman sobol shapiro,hughes hubbard & reed,other,,PlaintiffWin,0.8767996471958108,0.8767996471958108,2014
4304260,hagens berman sobol shapiro,"gibson, dunn & crutcher",other,,PlaintiffWin,0.8767996471958108,0.8767996471958108,2014
4304260,hagens berman sobol shapiro,wilmer cutler pickering hale & dor,other,,PlaintiffWin,0.8767996471958108,0.8767996471958108,2014
4304260,hagens berman sobol shapiro,simpson thacher & bartlett,other,,PlaintiffWin,0.8767996471958108,0.8767996471958108,2014
4304260,hagens berman sobol shapiro,locke lord bissell & liddell,other,,PlaintiffWin,0.8767996471958108,0.8767996471958108,2014
4304260,hagens berman sobol shapiro,paul weiss rifkind wharton & garrison,other,,PlaintiffWin,0.8767996471958108,0.8767996471958108,2014
4304260,hagens berman sobol shapiro,cahill gordon & reindel,other,,PlaintiffWin,0.8767996471958108,0.8767996471958108,2014
4304260,hagens berman sobol shapiro,"boies, schiller & flexner",other,,PlaintiffWin,0.8767996471958108,0.8767996471958108,2014
4304260,hagens berman sobol shapiro,davis polk & wardwell,other,,PlaintiffWin,0.8767996471958108,0.8767996471958108,2014
4304260,hagens berman sobol shapiro,hughes hubbard & reed,other,,PlaintiffWin,0.8767996471958108,0.8767996471958108,2014
4304260,hagens berman sobol shapiro,katten muchin rosenman,other,,PlaintiffWin,0.8767996471958108,0.8767996471958108,2014
4304260,hagens berman sobol shapiro,sidley austin,other,,PlaintiffWin,0.8767996471958108,0.8767996471958108,2014
4304260,hagens berman sobol shapiro,schiff hardin,other,,PlaintiffWin,0.8767996471958108,0.8767996471958108,2014
4304260,hagens berman sobol shapiro,mayer brown,other,,PlaintiffWin,0.8767996471958108,0.8767996471958108,2014
4304260,hagens berman sobol shapiro,sidley austin,other,,PlaintiffWin,0.8767996471958108,0.8767996471958108,2014
4304260,hagens berman sobol shapiro,flemming zulack williamson zauderer,other,,PlaintiffWin,0.8767996471958108,0.8767996471958108,2014
4304260,hagens berman sobol shapiro,covington & burling,other,,PlaintiffWin,0.8767996471958108,0.8767996471958108,2014
4304260,hagens berman sobol shapiro,sullivan & cromwell,other,,PlaintiffWin,0.8767996471958108,0.8767996471958108,2014
4304260,susman godfrey,united states attorney,other,,PlaintiffWin,0.8767996471958108,0.8767996471958108,2014
4304260,susman godfrey,sullivan & cromwell,other,,PlaintiffWin,0.8767996471958108,0.8767996471958108,2014
4304260,susman godfrey,sullivan & cromwell,other,,PlaintiffWin,0.8767996471958108,0.8767996471958108,2014
4304260,susman godfrey,simpson thacher & bartlett,other,,PlaintiffWin,0.8767996471958108,0.8767996471958108,2014
4304260,susman godfrey,"locke, liddell & sapp",other,,PlaintiffWin,0.8767996471958108,0.8767996471958108,2014
4304260,susman godfrey,"gibson, dunn & crutcher",other,,PlaintiffWin,0.8767996471958108,0.8767996471958108,2014
4304260,susman godfrey,covington & burling,other,,PlaintiffWin,0.8767996471958108,0.8767996471958108,2014
4304260,susman godfrey,mcdermott will & emery,other,,PlaintiffWin,0.8767996471958108,0.8767996471958108,2014
4304260,susman godfrey,"boies, schiller & flexner",other,,PlaintiffWin,0.8767996471958108,0.8767996471958108,2014
4304260,susman godfrey,covington & burling,other,,PlaintiffWin,0.8767996471958108,0.8767996471958108,2014
4304260,susman godfrey,davis polk & wardwell,other,,PlaintiffWin,0.8767996471958108,0.8767996471958108,2014
4304260,susman godfrey,"milbank, tweed, hadley & mccloy",other,,PlaintiffWin,0.8767996471958108,0.8767996471958108,2014
4304260,susman godfrey,hughes hubbard & reed,other,,PlaintiffWin,0.8767996471958108,0.8767996471958108,2014
4304260,susman godfrey,"gibson, dunn & crutcher",other,,PlaintiffWin,0.8767996471958108,0.8767996471958108,2014
4304260,susman godfrey,wilmer cutler pickering hale & dor,other,,PlaintiffWin,0.8767996471958108,0.8767996471958108,2014
4304260,susman godfrey,simpson thacher & bartlett,other,,PlaintiffWin,0.8767996471958108,0.8767996471958108,2014
4304260,susman godfrey,locke lord bissell & liddell,other,,PlaintiffWin,0.8767996471958108,0.8767996471958108,2014
4304260,susman godfrey,paul weiss rifkind wharton & garrison,other,,PlaintiffWin,0.8767996471958108,0.8767996471958108,2014
4304260,susman godfrey,cahill gordon & reindel,other,,PlaintiffWin,0.8767996471958108,0.8767996471958108,2014
4304260,susman godfrey,"boies, schiller & flexner",other,,PlaintiffWin,0.8767996471958108,0.8767996471958108,2014
4304260,susman godfrey,davis polk & wardwell,other,,PlaintiffWin,0.8767996471958108,0.8767996471958108,2014
4304260,susman godfrey,hughes hubbard & reed,other,,PlaintiffWin,0.8767996471958108,0.8767996471958108,2014
4304260,susman godfrey,katten muchin rosenman,other,,PlaintiffWin,0.8767996471958108,0.8767996471958108,2014
4304260,susman godfrey,sidley austin,other,,PlaintiffWin,0.8767996471958108,0.8767996471958108,2014
4304260,susman godfrey,schiff hardin,other,,PlaintiffWin,0.8767996471958108,0.8767996471958108,2014
4304260,susman godfrey,mayer brown,other,,PlaintiffWin,0.8767996471958108,0.8767996471958108,2014
4304260,susman godfrey,sidley austin,other,,PlaintiffWin,0.8767996471958108,0.8767996471958108,2014
4304260,susman godfrey,flemming zulack williamson zauderer,other,,PlaintiffWin,0.8767996471958108,0.8767996471958108,2014
4304260,susman godfrey,covington & burling,other,,PlaintiffWin,0.8767996471958108,0.8767996471958108,2014
4304260,susman godfrey,sullivan & cromwell,other,,PlaintiffWin,0.8767996471958108,0.8767996471958108,2014
4304260,kirby mclnerney,united states attorney,other,,PlaintiffWin,0.8767996471958108,0.8767996471958108,2014
4304260,kirby mclnerney,sullivan & cromwell,other,,PlaintiffWin,0.8767996471958108,0.8767996471958108,2014
4304260,kirby mclnerney,sullivan & cromwell,other,,PlaintiffWin,0.8767996471958108,0.8767996471958108,2014
4304260,kirby mclnerney,simpson thacher & bartlett,other,,PlaintiffWin,0.8767996471958108,0.8767996471958108,2014
4304260,kirby mclnerney,"locke, liddell & sapp",other,,PlaintiffWin,0.8767996471958108,0.8767996471958108,2014
4304260,kirby mclnerney,"gibson, dunn & crutcher",other,,PlaintiffWin,0.8767996471958108,0.8767996471958108,2014
4304260,kirby mclnerney,covington & burling,other,,PlaintiffWin,0.8767996471958108,0.8767996471958108,2014
4304260,kirby mclnerney,mcdermott will & emery,other,,PlaintiffWin,0.8767996471958108,0.8767996471958108,2014
4304260,kirby mclnerney,"boies, schiller & flexner",other,,PlaintiffWin,0.8767996471958108,0.8767996471958108,2014
4304260,kirby mclnerney,covington & burling,other,,PlaintiffWin,0.8767996471958108,0.8767996471958108,2014
4304260,kirby mclnerney,davis polk & wardwell,other,,PlaintiffWin,0.8767996471958108,0.8767996471958108,2014
4304260,kirby mclnerney,"milbank, tweed, hadley & mccloy",other,,PlaintiffWin,0.8767996471958108,0.8767996471958108,2014
4304260,kirby mclnerney,hughes hubbard & reed,other,,PlaintiffWin,0.8767996471958108,0.8767996471958108,2014
4304260,kirby mclnerney,"gibson, dunn & crutcher",other,,PlaintiffWin,0.8767996471958108,0.8767996471958108,2014
4304260,kirby mclnerney,wilmer cutler pickering hale & dor,other,,PlaintiffWin,0.8767996471958108,0.8767996471958108,2014
4304260,kirby mclnerney,simpson thacher & bartlett,other,,PlaintiffWin,0.8767996471958108,0.8767996471958108,2014
4304260,kirby mclnerney,locke lord bissell & liddell,other,,PlaintiffWin,0.8767996471958108,0.8767996471958108,2014
4304260,kirby mclnerney,paul weiss rifkind wharton & garrison,other,,PlaintiffWin,0.8767996471958108,0.8767996471958108,2014
4304260,kirby mclnerney,cahill gordon & reindel,other,,PlaintiffWin,0.8767996471958108,0.8767996471958108,2014
4304260,kirby mclnerney,"boies, schiller & flexner",other,,PlaintiffWin,0.8767996471958108,0.8767996471958108,2014
4304260,kirby mclnerney,davis polk & wardwell,other,,PlaintiffWin,0.8767996471958108,0.8767996471958108,2014
4304260,kirby mclnerney,hughes hubbard & reed,other,,PlaintiffWin,0.8767996471958108,0.8767996471958108,2014
4304260,kirby mclnerney,katten muchin rosenman,other,,PlaintiffWin,0.8767996471958108,0.8767996471958108,2014
4304260,kirby mclnerney,sidley austin,other,,PlaintiffWin,0.8767996471958108,0.8767996471958108,2014
4304260,kirby mclnerney,schiff hardin,other,,PlaintiffWin,0.8767996471958108,0.8767996471958108,2014
4304260,kirby mclnerney,mayer brown,other,,PlaintiffWin,0.8767996471958108,0.8767996471958108,2014
4304260,kirby mclnerney,sidley austin,other,,PlaintiffWin,0.8767996471958108,0.8767996471958108,2014
4304260,kirby mclnerney,flemming zulack williamson zauderer,other,,PlaintiffWin,0.8767996471958108,0.8767996471958108,2014
4304260,kirby mclnerney,covington & burling,other,,PlaintiffWin,0.8767996471958108,0.8767996471958108,2014
4304260,kirby mclnerney,sullivan & cromwell,other,,PlaintiffWin,0.8767996471958108,0.8767996471958108,2014
4304260,lovell stewart halebian jacobson,united states attorney,other,,PlaintiffWin,0.8767996471958108,0.8767996471958108,2014
4304260,lovell stewart halebian jacobson,sullivan & cromwell,other,,PlaintiffWin,0.8767996471958108,0.8767996471958108,2014
4304260,lovell stewart halebian jacobson,sullivan & cromwell,other,,PlaintiffWin,0.8767996471958108,0.8767996471958108,2014
4304260,lovell stewart halebian jacobson,simpson thacher & bartlett,other,,PlaintiffWin,0.8767996471958108,0.8767996471958108,2014
4304260,lovell stewart halebian jacobson,"locke, liddell & sapp",other,,PlaintiffWin,0.8767996471958108,0.8767996471958108,2014
4304260,lovell stewart halebian jacobson,"gibson, dunn & crutcher",other,,PlaintiffWin,0.8767996471958108,0.8767996471958108,2014
4304260,lovell stewart halebian jacobson,covington & burling,other,,PlaintiffWin,0.8767996471958108,0.8767996471958108,2014
4304260,lovell stewart halebian jacobson,mcdermott will & emery,other,,PlaintiffWin,0.8767996471958108,0.8767996471958108,2014
4304260,lovell stewart halebian jacobson,"boies, schiller & flexner",other,,PlaintiffWin,0.8767996471958108,0.8767996471958108,2014
4304260,lovell stewart halebian jacobson,covington & burling,other,,PlaintiffWin,0.8767996471958108,0.8767996471958108,2014
4304260,lovell stewart halebian jacobson,davis polk & wardwell,other,,PlaintiffWin,0.8767996471958108,0.8767996471958108,2014
4304260,lovell stewart halebian jacobson,"milbank, tweed, hadley & mccloy",other,,PlaintiffWin,0.8767996471958108,0.8767996471958108,2014
4304260,lovell stewart halebian jacobson,hughes hubbard & reed,other,,PlaintiffWin,0.8767996471958108,0.8767996471958108,2014
4304260,lovell stewart halebian jacobson,"gibson, dunn & crutcher",other,,PlaintiffWin,0.8767996471958108,0.8767996471958108,2014
4304260,lovell stewart halebian jacobson,wilmer cutler pickering hale & dor,other,,PlaintiffWin,0.8767996471958108,0.8767996471958108,2014
4304260,lovell stewart halebian jacobson,simpson thacher & bartlett,other,,PlaintiffWin,0.8767996471958108,0.8767996471958108,2014
4304260,lovell stewart halebian jacobson,locke lord bissell & liddell,other,,PlaintiffWin,0.8767996471958108,0.8767996471958108,2014
4304260,lovell stewart halebian jacobson,paul weiss rifkind wharton & garrison,other,,PlaintiffWin,0.8767996471958108,0.8767996471958108,2014
4304260,lovell stewart halebian jacobson,cahill gordon & reindel,other,,PlaintiffWin,0.8767996471958108,0.8767996471958108,2014
4304260,lovell stewart halebian jacobson,"boies, schiller & flexner",other,,PlaintiffWin,0.8767996471958108,0.8767996471958108,2014
4304260,lovell stewart halebian jacobson,davis polk & wardwell,other,,PlaintiffWin,0.8767996471958108,0.8767996471958108,2014
4304260,lovell stewart halebian jacobson,hughes hubbard & reed,other,,PlaintiffWin,0.8767996471958108,0.8767996471958108,2014
4304260,lovell stewart halebian jacobson,katten muchin rosenman,other,,PlaintiffWin,0.8767996471958108,0.8767996471958108,2014
4304260,lovell stewart halebian jacobson,sidley austin,other,,PlaintiffWin,0.8767996471958108,0.8767996471958108,2014
4304260,lovell stewart halebian jacobson,schiff hardin,other,,PlaintiffWin,0.8767996471958108,0.8767996471958108,2014
4304260,lovell stewart halebian jacobson,mayer brown,other,,PlaintiffWin,0.8767996471958108,0.8767996471958108,2014
4304260,lovell stewart halebian jacobson,sidley austin,other,,PlaintiffWin,0.8767996471958108,0.8767996471958108,2014
4304260,lovell stewart halebian jacobson,flemming zulack williamson zauderer,other,,PlaintiffWin,0.8767996471958108,0.8767996471958108,2014
4304260,lovell stewart halebian jacobson,covington & burling,other,,PlaintiffWin,0.8767996471958108,0.8767996471958108,2014
4304260,lovell stewart halebian jacobson,sullivan & cromwell,other,,PlaintiffWin,0.8767996471958108,0.8767996471958108,2014
4304260,mcculley mccluer,united states attorney,other,,PlaintiffWin,0.8767996471958108,0.8767996471958108,2014
4304260,mcculley mccluer,sullivan & cromwell,other,,PlaintiffWin,0.8767996471958108,0.8767996471958108,2014
4304260,mcculley mccluer,sullivan & cromwell,other,,PlaintiffWin,0.8767996471958108,0.8767996471958108,2014
4304260,mcculley mccluer,simpson thacher & bartlett,other,,PlaintiffWin,0.8767996471958108,0.8767996471958108,2014
4304260,mcculley mccluer,"locke, liddell & sapp",other,,PlaintiffWin,0.8767996471958108,0.8767996471958108,2014
4304260,mcculley mccluer,"gibson, dunn & crutcher",other,,PlaintiffWin,0.8767996471958108,0.8767996471958108,2014
4304260,mcculley mccluer,covington & burling,other,,PlaintiffWin,0.8767996471958108,0.8767996471958108,2014
4304260,mcculley mccluer,mcdermott will & emery,other,,PlaintiffWin,0.8767996471958108,0.8767996471958108,2014
4304260,mcculley mccluer,"boies, schiller & flexner",other,,PlaintiffWin,0.8767996471958108,0.8767996471958108,2014
4304260,mcculley mccluer,covington & burling,other,,PlaintiffWin,0.8767996471958108,0.8767996471958108,2014
4304260,mcculley mccluer,davis polk & wardwell,other,,PlaintiffWin,0.8767996471958108,0.8767996471958108,2014
4304260,mcculley mccluer,"milbank, tweed, hadley & mccloy",other,,PlaintiffWin,0.8767996471958108,0.8767996471958108,2014
4304260,mcculley mccluer,hughes hubbard & reed,other,,PlaintiffWin,0.8767996471958108,0.8767996471958108,2014
4304260,mcculley mccluer,"gibson, dunn & crutcher",other,,PlaintiffWin,0.8767996471958108,0.8767996471958108,2014
4304260,mcculley mccluer,wilmer cutler pickering hale & dor,other,,PlaintiffWin,0.8767996471958108,0.8767996471958108,2014
4304260,mcculley mccluer,simpson thacher & bartlett,other,,PlaintiffWin,0.8767996471958108,0.8767996471958108,2014
4304260,mcculley mccluer,locke lord bissell & liddell,other,,PlaintiffWin,0.8767996471958108,0.8767996471958108,2014
4304260,mcculley mccluer,paul weiss rifkind wharton & garrison,other,,PlaintiffWin,0.8767996471958108,0.8767996471958108,2014
4304260,mcculley mccluer,cahill gordon & reindel,other,,PlaintiffWin,0.8767996471958108,0.8767996471958108,2014
4304260,mcculley mccluer,"boies, schiller & flexner",other,,PlaintiffWin,0.8767996471958108,0.8767996471958108,2014
4304260,mcculley mccluer,davis polk & wardwell,other,,PlaintiffWin,0.8767996471958108,0.8767996471958108,2014
4304260,mcculley mccluer,hughes hubbard & reed,other,,PlaintiffWin,0.8767996471958108,0.8767996471958108,2014
4304260,mcculley mccluer,katten muchin rosenman,other,,PlaintiffWin,0.8767996471958108,0.8767996471958108,2014
4304260,mcculley mccluer,sidley austin,other,,PlaintiffWin,0.8767996471958108,0.8767996471958108,2014
4304260,mcculley mccluer,schiff hardin,other,,PlaintiffWin,0.8767996471958108,0.8767996471958108,2014
4304260,mcculley mccluer,mayer brown,other,,PlaintiffWin,0.8767996471958108,0.8767996471958108,2014
4304260,mcculley mccluer,sidley austin,other,,PlaintiffWin,0.8767996471958108,0.8767996471958108,2014
4304260,mcculley mccluer,flemming zulack williamson zauderer,other,,PlaintiffWin,0.8767996471958108,0.8767996471958108,2014
4304260,mcculley mccluer,covington & burling,other,,PlaintiffWin,0.8767996471958108,0.8767996471958108,2014
4304260,mcculley mccluer,sullivan & cromwell,other,,PlaintiffWin,0.8767996471958108,0.8767996471958108,2014
4304390,o’melveny & myers,attorney general,civil_rights,,PlaintiffWin,0.6616335118896036,0.6616335118896036,2015
4304620,girard gibbs,o’melveny & myers,other,,PlaintiffWin,0.9898419448577692,0.9898419448577692,2014
4305143,fish & richardson,wilmer cutler pickering hale & dor,other,,PlaintiffWin,0.7453175892274717,0.7453175892274717,2015
4305143,fish & richardson,wilmer cutler pickering hale & dor,other,,PlaintiffWin,0.7453175892274717,0.7453175892274717,2015
4305143,fish & richardson,wilmer cutler pickering hale & dor,other,,PlaintiffWin,0.7453175892274717,0.7453175892274717,2015
4305658,glancy binkow & goldberg,morrison & foerster,other,,PlaintiffWin,0.9927417446931526,0.9927417446931526,2015
4305658,pomerantz,morrison & foerster,other,,PlaintiffWin,0.9927417446931526,0.9927417446931526,2015
4305691,"morgan, lewis & bockius",attorney general,prisoner_petitions,,PlaintiffWin,0.8951066384253341,0.8951066384253341,2015
4306169,"morgan, lewis & bockius",attorney general,prisoner_petitions,,DefendantWin,0.8951066384253341,0.8951066384253341,2015
4306372,perkins coie,attorney general,civil_rights,,PlaintiffWin,0.766115073125595,0.766115073125595,2015
4306596,covington & burling,steptoe & johnson,other,,PlaintiffWin,0.775587607433457,0.775587607433457,2015
4306596,covington & burling,steptoe & johnson,other,,PlaintiffWin,0.775587607433457,0.775587607433457,2015
4306596,mccarter & english,steptoe & johnson,other,,PlaintiffWin,0.775587607433457,0.775587607433457,2015
4307408,akin gump strauss hauer & feld,united states attorney,civil_rights,,PlaintiffWin,0.6076808733760194,0.3923191266239806,2015
4307630,"morgan, lewis & bockius",jenner & block,other,,PlaintiffWin,0.9003641008259263,0.9003641008259263,2015
4312688,bernstein litowitz berger & grossmann,"skadden, arps, slate, meagher & flom",other,,DefendantWin,0.8316169919157721,0.8316169919157721,2013
4312688,bernstein litowitz berger & grossmann,"skadden, arps, slate, meagher & flom",other,,DefendantWin,0.8316169919157721,0.8316169919157721,2013
4313150,jenner & block,attorney general,other,,PlaintiffWin,0.8617393599113354,0.8617393599113354,2013
4313947,united states attorney,katten muchin rosenman,other,,DefendantWin,0.7624299801364193,0.7624299801364193,2013
4315101,sidley austin,covington & burling,other,,PlaintiffWin,0.8328410573825235,0.8328410573825235,2013
4318385,akin gump strauss hauer & feld,attorney general,other,,DefendantWin,0.6180636177802054,0.6180636177802054,2014
4318385,akin gump strauss hauer & feld,united states attorney,other,,DefendantWin,0.6180636177802054,0.6180636177802054,2014
4318552,robbins geller rudman & dowd,ropes & gray,other,,PlaintiffWin,0.966412203371684,0.966412203371684,2014
4318552,shapiro haber & urmy,ropes & gray,other,,PlaintiffWin,0.966412203371684,0.966412203371684,2014
4319698,milberg,morrison & foerster,other,,PlaintiffWin,0.5885625558887759,0.4114374441112241,2014
4321295,"kellogg, huber, hansen, todd, evans & figel","skadden, arps, slate, meagher & flom",contract,,PlaintiffWin,0.9282624284451022,0.9282624284451022,2014
4321823,glancy & binkow,"weil, gotshal & manges",other,,PlaintiffWin,0.9795347335954002,0.9795347335954002,2014
4321823,glancy & binkow,mayer brown,other,,PlaintiffWin,0.9795347335954002,0.9795347335954002,2014
4321823,glancy binkow & goldberg,"weil, gotshal & manges",other,,PlaintiffWin,0.9795347335954002,0.9795347335954002,2014
4321823,glancy binkow & goldberg,mayer brown,other,,PlaintiffWin,0.9795347335954002,0.9795347335954002,2014
4321823,kaplan fox & kilsheimer,"weil, gotshal & manges",other,,PlaintiffWin,0.9795347335954002,0.9795347335954002,2014
4321823,kaplan fox & kilsheimer,mayer brown,other,,PlaintiffWin,0.9795347335954002,0.9795347335954002,2014
4321823,goldberg,"weil, gotshal & manges",other,,PlaintiffWin,0.9795347335954002,0.9795347335954002,2014
4321823,goldberg,mayer brown,other,,PlaintiffWin,0.9795347335954002,0.9795347335954002,2014
4321823,pomerantz,"weil, gotshal & manges",other,,PlaintiffWin,0.9795347335954002,0.9795347335954002,2014
4321823,pomerantz,mayer brown,other,,PlaintiffWin,0.9795347335954002,0.9795347335954002,2014
4322219,"lieff, cabraser, heimann & bernstein",schiff hardin,other,,PlaintiffWin,0.8303902195600527,0.8303902195600527,2014
4322541,kaplan fox & kilsheimer,"weil, gotshal & manges",other,,PlaintiffWin,0.913190451077148,0.913190451077148,2014
4322541,kaplan fox & kilsheimer,mayer brown,other,,PlaintiffWin,0.913190451077148,0.913190451077148,2014
4322541,glancy binkow & goldberg,"weil, gotshal & manges",other,,PlaintiffWin,0.913190451077148,0.913190451077148,2014
4322541,glancy binkow & goldberg,mayer brown,other,,PlaintiffWin,0.913190451077148,0.913190451077148,2014
4322541,milberg,"weil, gotshal & manges",other,,PlaintiffWin,0.913190451077148,0.913190451077148,2014
4322541,milberg,mayer brown,other,,PlaintiffWin,0.913190451077148,0.913190451077148,2014
4322541,labaton sucharow,"weil, gotshal & manges",other,,PlaintiffWin,0.913190451077148,0.913190451077148,2014
4322541,labaton sucharow,mayer brown,other,,PlaintiffWin,0.913190451077148,0.913190451077148,2014
4322541,kirby mclnerney,"weil, gotshal & manges",other,,PlaintiffWin,0.913190451077148,0.913190451077148,2014
4322541,kirby mclnerney,mayer brown,other,,PlaintiffWin,0.913190451077148,0.913190451077148,2014
4322541,pomerantz,"weil, gotshal & manges",other,,PlaintiffWin,0.913190451077148,0.913190451077148,2014
4322541,pomerantz,mayer brown,other,,PlaintiffWin,0.913190451077148,0.913190451077148,2014
4324497,"boies, schiller & flexner",attorney general,civil_rights,,PlaintiffWin,0.8434354519050872,0.8434354519050872,2014
4324497,"boies, schiller & flexner",greenberg traurig,civil_rights,,PlaintiffWin,0.8434354519050872,0.8434354519050872,2014
4324926,morrison & foerster,attorney general,other,,PlaintiffWin,0.8731829774750844,0.8731829774750844,2014
4325911,latham & watkins,united states attorney,prisoner_petitions,,PlaintiffWin,0.5802627817278403,0.5802627817278403,2014
4325923,quinn emanuel urquhart & sullivan,mayer brown,other,,DefendantWin,0.9615591308964352,0.9615591308964352,2014
4325923,quinn emanuel urquhart & sullivan,sullivan & cromwell,other,,DefendantWin,0.9615591308964352,0.9615591308964352,2014
4325923,quinn emanuel urquhart & sullivan,sullivan & cromwell,other,,DefendantWin,0.9615591308964352,0.9615591308964352,2014
4325923,quinn emanuel urquhart & sullivan,simpson thacher & bartlett,other,,DefendantWin,0.9615591308964352,0.9615591308964352,2014
4326261,berger & montague,baker & hostetler,contract,,PlaintiffWin,0.8470501271927894,0.8470501271927894,2016
4326261,berger & montague,"morgan, lewis & bockius",contract,,PlaintiffWin,0.8470501271927894,0.8470501271927894,2016
4326261,cuneo gilbert & laduca,baker & hostetler,contract,,PlaintiffWin,0.8470501271927894,0.8470501271927894,2016
4326261,cuneo gilbert & laduca,"morgan, lewis & bockius",contract,,PlaintiffWin,0.8470501271927894,0.8470501271927894,2016
4326261,lowey dannenberg cohen & hart,baker & hostetler,contract,,PlaintiffWin,0.8470501271927894,0.8470501271927894,2016
4326261,lowey dannenberg cohen & hart,"morgan, lewis & bockius",contract,,PlaintiffWin,0.8470501271927894,0.8470501271927894,2016
4326261,lockridge grindal ñauen p,baker & hostetler,contract,,PlaintiffWin,0.8470501271927894,0.8470501271927894,2016
4326261,lockridge grindal ñauen p,"morgan, lewis & bockius",contract,,PlaintiffWin,0.8470501271927894,0.8470501271927894,2016
4326770,"morgan, lewis & bockius",kirkland & ellis,contract,,PlaintiffWin,0.7782017994966299,0.7782017994966299,2016
4326770,"morgan, lewis & bockius",kirkland & ellis,contract,,PlaintiffWin,0.7782017994966299,0.7782017994966299,2016
4326770,"morgan, lewis & bockius",kirkland & ellis,contract,,PlaintiffWin,0.7782017994966299,0.7782017994966299,2016
4326770,"morgan, lewis & bockius",kirkland & ellis,contract,,PlaintiffWin,0.7782017994966299,0.7782017994966299,2016
4327606,"skadden, arps, slate, meagher & flom",o’melveny & myers,other,,PlaintiffWin,0.9179861632437044,0.9179861632437044,2016
4327789,berger & montague,"cravath, swaine & moore",other,,PlaintiffWin,0.692446842727321,0.692446842727321,2014
4327789,berger & montague,winston & strawn,other,,PlaintiffWin,0.692446842727321,0.692446842727321,2014
4327789,berger & montague,sidley austin,other,,PlaintiffWin,0.692446842727321,0.692446842727321,2014
4328275,"weil, gotshal & manges",skadden arps slate meagher & flom,other,,PlaintiffWin,0.8018929748976609,0.8018929748976609,2016
4328275,"weil, gotshal & manges","skadden, arps, slate, meagher & flom",other,,PlaintiffWin,0.8018929748976609,0.8018929748976609,2016
4328495,hausfeld,latham & watkins,other,,PlaintiffWin,0.990377803839248,0.990377803839248,2016
4328724,"morgan, lewis & bockius",wilmer cutler pickering hale & dor,civil_rights,,PlaintiffWin,0.8746757478582532,0.8746757478582532,2015
4328724,"morgan, lewis & bockius",wilmer cutler pickering hale & dor,civil_rights,,PlaintiffWin,0.8746757478582532,0.8746757478582532,2015
4329285,attorney general,simpson thacher & bartlett,other,,PlaintiffWin,0.9022765931058948,0.9022765931058948,2015
4329285,attorney general,simpson thacher & bartlett,other,,PlaintiffWin,0.9022765931058948,0.9022765931058948,2015
4329285,attorney general,o’melveny & myers,other,,PlaintiffWin,0.9022765931058948,0.9022765931058948,2015
4329287,covington & burling,attorney general,civil_rights,,PlaintiffWin,0.8357505001688088,0.8357505001688088,2016
4329621,cuneo gilbert & laduca,o’melveny & myers,labor,,PlaintiffWin,0.988336638591446,0.988336638591446,2016
4330782,grant & eisenhofer,"paul, weiss, rifkind, wharton & garrison",contract,,PlaintiffWin,0.6364447077026433,0.6364447077026433,2015
4331213,hagens berman sobol shapiro,mcdermott will & emery,torts,,PlaintiffWin,0.77788905519991,0.77788905519991,2016
4331213,hagens berman sobol shapiro,williams & connolly,torts,,PlaintiffWin,0.77788905519991,0.77788905519991,2016
4331510,mayer brown,jenner & block,other,,PlaintiffWin,0.5706778474379608,0.5706778474379608,2016
4332379,mcdermott will & emery,united states attorney,civil_rights,,PlaintiffWin,0.6721839230060718,0.3278160769939282,2014
4334841,grant & eisenhofer,o’melveny & myers,contract,,PlaintiffWin,0.7803157733771597,0.7803157733771597,2015
4334841,grant & eisenhofer,o’melveny & myers,contract,,PlaintiffWin,0.7803157733771597,0.7803157733771597,2015
4334841,hausfeld,o’melveny & myers,contract,,PlaintiffWin,0.7803157733771597,0.7803157733771597,2015
4335702,lowey dannenberg cohen & hart,goodwin procter,other,,PlaintiffWin,0.8755723498674668,0.8755723498674668,2015
4335702,robbins geller rudman & dowd,goodwin procter,other,,PlaintiffWin,0.8755723498674668,0.8755723498674668,2015
4335702,heins mills & olson,goodwin procter,other,,PlaintiffWin,0.8755723498674668,0.8755723498674668,2015
4335702,faruqi & faruqi,goodwin procter,other,,PlaintiffWin,0.8755723498674668,0.8755723498674668,2015
4335702,"shepherd, finkelman, miller & shah",goodwin procter,other,,PlaintiffWin,0.8755723498674668,0.8755723498674668,2015
4335702,"shepherd, finkelman, miller & shah",goodwin procter,other,,PlaintiffWin,0.8755723498674668,0.8755723498674668,2015
4335702,berger & montague,goodwin procter,other,,PlaintiffWin,0.8755723498674668,0.8755723498674668,2015
4335702,cohen milstein sellers & toll,goodwin procter,other,,PlaintiffWin,0.8755723498674668,0.8755723498674668,2015
4335702,grant & eisenhofer,goodwin procter,other,,PlaintiffWin,0.8755723498674668,0.8755723498674668,2015
4335702,glancy binkow & goldberg,goodwin procter,other,,PlaintiffWin,0.8755723498674668,0.8755723498674668,2015
4335702,hagens berman sobol shapiro,goodwin procter,other,,PlaintiffWin,0.8755723498674668,0.8755723498674668,2015
4335702,lockridge grindal ñauen p,goodwin procter,other,,PlaintiffWin,0.8755723498674668,0.8755723498674668,2015
4338335,"morgan, lewis & bockius",sheppard mullin richter & hampton,other,,PlaintiffWin,0.963516807976396,0.963516807976396,2015
4338544,venable,kirkland & ellis,other,,PlaintiffWin,0.836339580443505,0.836339580443505,2016
4338544,goodwin procter,kirkland & ellis,other,,PlaintiffWin,0.836339580443505,0.836339580443505,2016
4338707,wilmer cutler pickering hale & dor,katten muchin rosenman,other,,PlaintiffWin,0.7662846573079125,0.7662846573079125,2014
4339029,attorney general,steptoe & johnson,contract,,PlaintiffWin,0.5465175094217782,0.5465175094217782,2014
4340626,mayer brown,united states attorney,civil_rights,,PlaintiffWin,0.6010115374267543,0.3989884625732457,2016
4340891,cohen milstein sellers & toll,"gibson, dunn & crutcher",other,,PlaintiffWin,0.7505517499270491,0.7505517499270491,2016
4340891,cohen milstein sellers & toll,wilmer cutler pickering hale & dor,other,,PlaintiffWin,0.7505517499270491,0.7505517499270491,2016
4342193,winston & strawn,buchanan ingersoll & rooney,other,,DefendantWin,0.8735459615864213,0.8735459615864213,2014
4342320,williams & connolly,united states attorney,other,,PlaintiffWin,0.8195023003971145,0.8195023003971145,2014
4342391,robbins geller rudman & dowd,latham & watkins,other,,PlaintiffWin,0.9029551781501524,0.9029551781501524,2016
4342391,robbins geller rudman & dowd,akin gump strauss hauer & feld,other,,PlaintiffWin,0.9029551781501524,0.9029551781501524,2016
4342391,robbins geller rudman & dowd,paul weiss rifkind wharton & garrison,other,,PlaintiffWin,0.9029551781501524,0.9029551781501524,2016
4342391,robbins geller rudman & dowd,sidley austin,other,,PlaintiffWin,0.9029551781501524,0.9029551781501524,2016
4342391,pomerantz,latham & watkins,other,,PlaintiffWin,0.9029551781501524,0.9029551781501524,2016
4342391,pomerantz,akin gump strauss hauer & feld,other,,PlaintiffWin,0.9029551781501524,0.9029551781501524,2016
4342391,pomerantz,paul weiss rifkind wharton & garrison,other,,PlaintiffWin,0.9029551781501524,0.9029551781501524,2016
4342391,pomerantz,sidley austin,other,,PlaintiffWin,0.9029551781501524,0.9029551781501524,2016
4342391,labaton sucharow,latham & watkins,other,,PlaintiffWin,0.9029551781501524,0.9029551781501524,2016
4342391,labaton sucharow,akin gump strauss hauer & feld,other,,PlaintiffWin,0.9029551781501524,0.9029551781501524,2016
4342391,labaton sucharow,paul weiss rifkind wharton & garrison,other,,PlaintiffWin,0.9029551781501524,0.9029551781501524,2016
4342391,labaton sucharow,sidley austin,other,,PlaintiffWin,0.9029551781501524,0.9029551781501524,2016
4342570,"boies, schiller & flexner",latham & watkins,other,,PlaintiffWin,0.9534078732901238,0.9534078732901238,2014
4342570,"boies, schiller & flexner","morgan, lewis & bockius",other,,PlaintiffWin,0.9534078732901238,0.9534078732901238,2014
4342602,mcdermott will & emery,attorney general,civil_rights,,PlaintiffWin,0.6162365111432901,0.3837634888567098,2014
4342668,mcdermott will & emery,united states attorney,civil_rights,,PlaintiffWin,0.6721839230060718,0.3278160769939282,2014
4342827,scott & scott,jenner & block,other,,PlaintiffWin,0.9487776913711524,0.9487776913711524,2014
4343128,berger & montague,greenberg traurig,other,,PlaintiffWin,0.7368584000879519,0.7368584000879519,2016
4343423,foley & lardner,simpson thacher & bartlett,other,,PlaintiffWin,0.8492557277998423,0.8492557277998423,2014
4343423,foley & lardner,simpson thacher & bartlett,other,,PlaintiffWin,0.8492557277998423,0.8492557277998423,2014
4343423,"morris, nichols, arsht & tunnell",simpson thacher & bartlett,other,,PlaintiffWin,0.8492557277998423,0.8492557277998423,2014
4343906,shearman & sterling,hughes hubbard & reed,other,,PlaintiffWin,0.738816671903161,0.738816671903161,2016
4344235,"boies, schiller & flexner",attorney general,other,,PlaintiffWin,0.7474962536430592,0.7474962536430592,2014
4344235,mayer brown,attorney general,other,,PlaintiffWin,0.7474962536430592,0.7474962536430592,2014
4344794,"morgan, lewis & bockius",kirkland & ellis,civil_rights,,PlaintiffWin,0.8697587100445257,0.8697587100445257,2016
4344794,"morgan, lewis & bockius",akin gump strauss hauer & feld,civil_rights,,PlaintiffWin,0.8697587100445257,0.8697587100445257,2016
4344794,"morgan, lewis & bockius",kirkland & ellis,civil_rights,,PlaintiffWin,0.8697587100445257,0.8697587100445257,2016
4344794,"morgan, lewis & bockius",akin gump strauss hauer & feld,civil_rights,,PlaintiffWin,0.8697587100445257,0.8697587100445257,2016
4345619,bernstein litowitz berger & grossmann,goodwin procter,other,,PlaintiffWin,0.70073643989803,0.70073643989803,2015
4345619,bernstein litowitz berger & grossmann,goodwin procter,other,,PlaintiffWin,0.70073643989803,0.70073643989803,2015
4345619,labaton sucharow,goodwin procter,other,,PlaintiffWin,0.70073643989803,0.70073643989803,2015
4345619,labaton sucharow,goodwin procter,other,,PlaintiffWin,0.70073643989803,0.70073643989803,2015
4345619,milberg,goodwin procter,other,,PlaintiffWin,0.70073643989803,0.70073643989803,2015
4345619,milberg,goodwin procter,other,,PlaintiffWin,0.70073643989803,0.70073643989803,2015
4345829,wilmer cutler pickering hale & dor,attorney general,civil_rights,,PlaintiffWin,0.6699030330188198,0.6699030330188198,2016
4346422,robbins geller rudman & dowd,morrison & foerster,torts,,PlaintiffWin,0.6716087783922794,0.6716087783922794,2016
4346422,robbins geller rudman & dowd,morrison & foerster,torts,,PlaintiffWin,0.6716087783922794,0.6716087783922794,2016
4346597,berger & montague,o’melveny & myers,labor,,PlaintiffWin,0.8500860952980261,0.8500860952980261,2016
4346597,berger & montague,o’melveny & myers,labor,,PlaintiffWin,0.8500860952980261,0.8500860952980261,2016
4346906,grant & eisenhofer,"gibson, dunn & crutcher",other,,DefendantWin,0.7301802529238667,0.7301802529238667,2016
4346906,grant & eisenhofer,"locke, liddell & sapp",other,,DefendantWin,0.7301802529238667,0.7301802529238667,2016
4346906,grant & eisenhofer,"morgan, lewis & bockius",other,,DefendantWin,0.7301802529238667,0.7301802529238667,2016
4346906,grant & eisenhofer,covington & burling,other,,DefendantWin,0.7301802529238667,0.7301802529238667,2016
4346906,grant & eisenhofer,cahill gordon & reindel,other,,DefendantWin,0.7301802529238667,0.7301802529238667,2016
4346906,grant & eisenhofer,davis polk & wardwell,other,,DefendantWin,0.7301802529238667,0.7301802529238667,2016
4346906,grant & eisenhofer,"skadden, arps, slate, meagher & flom",other,,DefendantWin,0.7301802529238667,0.7301802529238667,2016
4346906,grant & eisenhofer,locke lord bissell & liddell,other,,DefendantWin,0.7301802529238667,0.7301802529238667,2016
4346906,grant & eisenhofer,"paul, weiss, rifkind, wharton & garrison",other,,DefendantWin,0.7301802529238667,0.7301802529238667,2016
4346906,grant & eisenhofer,covington & burling,other,,DefendantWin,0.7301802529238667,0.7301802529238667,2016
4346906,grant & eisenhofer,patterson belknap webb & tyler,other,,DefendantWin,0.7301802529238667,0.7301802529238667,2016
4346906,grant & eisenhofer,"boies, schiller & flexner",other,,DefendantWin,0.7301802529238667,0.7301802529238667,2016
4346906,grant & eisenhofer,sullivan & cromwell,other,,DefendantWin,0.7301802529238667,0.7301802529238667,2016
4346906,grant & eisenhofer,shearman & sterling,other,,DefendantWin,0.7301802529238667,0.7301802529238667,2016
4346906,robbins geller rudman & dowd,"gibson, dunn & crutcher",other,,DefendantWin,0.7301802529238667,0.7301802529238667,2016
4346906,robbins geller rudman & dowd,"locke, liddell & sapp",other,,DefendantWin,0.7301802529238667,0.7301802529238667,2016
4346906,robbins geller rudman & dowd,"morgan, lewis & bockius",other,,DefendantWin,0.7301802529238667,0.7301802529238667,2016
4346906,robbins geller rudman & dowd,covington & burling,other,,DefendantWin,0.7301802529238667,0.7301802529238667,2016
4346906,robbins geller rudman & dowd,cahill gordon & reindel,other,,DefendantWin,0.7301802529238667,0.7301802529238667,2016
4346906,robbins geller rudman & dowd,davis polk & wardwell,other,,DefendantWin,0.7301802529238667,0.7301802529238667,2016
4346906,robbins geller rudman & dowd,"skadden, arps, slate, meagher & flom",other,,DefendantWin,0.7301802529238667,0.7301802529238667,2016
4346906,robbins geller rudman & dowd,locke lord bissell & liddell,other,,DefendantWin,0.7301802529238667,0.7301802529238667,2016
4346906,robbins geller rudman & dowd,"paul, weiss, rifkind, wharton & garrison",other,,DefendantWin,0.7301802529238667,0.7301802529238667,2016
4346906,robbins geller rudman & dowd,covington & burling,other,,DefendantWin,0.7301802529238667,0.7301802529238667,2016
4346906,robbins geller rudman & dowd,patterson belknap webb & tyler,other,,DefendantWin,0.7301802529238667,0.7301802529238667,2016
4346906,robbins geller rudman & dowd,"boies, schiller & flexner",other,,DefendantWin,0.7301802529238667,0.7301802529238667,2016
4346906,robbins geller rudman & dowd,sullivan & cromwell,other,,DefendantWin,0.7301802529238667,0.7301802529238667,2016
4346906,robbins geller rudman & dowd,shearman & sterling,other,,DefendantWin,0.7301802529238667,0.7301802529238667,2016
4346906,grant & eisenhofer,"gibson, dunn & crutcher",other,,DefendantWin,0.7301802529238667,0.7301802529238667,2016
4346906,grant & eisenhofer,"locke, liddell & sapp",other,,DefendantWin,0.7301802529238667,0.7301802529238667,2016
4346906,grant & eisenhofer,"morgan, lewis & bockius",other,,DefendantWin,0.7301802529238667,0.7301802529238667,2016
4346906,grant & eisenhofer,covington & burling,other,,DefendantWin,0.7301802529238667,0.7301802529238667,2016
4346906,grant & eisenhofer,cahill gordon & reindel,other,,DefendantWin,0.7301802529238667,0.7301802529238667,2016
4346906,grant & eisenhofer,davis polk & wardwell,other,,DefendantWin,0.7301802529238667,0.7301802529238667,2016
4346906,grant & eisenhofer,"skadden, arps, slate, meagher & flom",other,,DefendantWin,0.7301802529238667,0.7301802529238667,2016
4346906,grant & eisenhofer,locke lord bissell & liddell,other,,DefendantWin,0.7301802529238667,0.7301802529238667,2016
4346906,grant & eisenhofer,"paul, weiss, rifkind, wharton & garrison",other,,DefendantWin,0.7301802529238667,0.7301802529238667,2016
4346906,grant & eisenhofer,covington & burling,other,,DefendantWin,0.7301802529238667,0.7301802529238667,2016
4346906,grant & eisenhofer,patterson belknap webb & tyler,other,,DefendantWin,0.7301802529238667,0.7301802529238667,2016
4346906,grant & eisenhofer,"boies, schiller & flexner",other,,DefendantWin,0.7301802529238667,0.7301802529238667,2016
4346906,grant & eisenhofer,sullivan & cromwell,other,,DefendantWin,0.7301802529238667,0.7301802529238667,2016
4346906,grant & eisenhofer,shearman & sterling,other,,DefendantWin,0.7301802529238667,0.7301802529238667,2016
4346906,scottscott,"gibson, dunn & crutcher",other,,DefendantWin,0.7301802529238667,0.7301802529238667,2016
4346906,scottscott,"locke, liddell & sapp",other,,DefendantWin,0.7301802529238667,0.7301802529238667,2016
4346906,scottscott,"morgan, lewis & bockius",other,,DefendantWin,0.7301802529238667,0.7301802529238667,2016
4346906,scottscott,covington & burling,other,,DefendantWin,0.7301802529238667,0.7301802529238667,2016
4346906,scottscott,cahill gordon & reindel,other,,DefendantWin,0.7301802529238667,0.7301802529238667,2016
4346906,scottscott,davis polk & wardwell,other,,DefendantWin,0.7301802529238667,0.7301802529238667,2016
4346906,scottscott,"skadden, arps, slate, meagher & flom",other,,DefendantWin,0.7301802529238667,0.7301802529238667,2016
4346906,scottscott,locke lord bissell & liddell,other,,DefendantWin,0.7301802529238667,0.7301802529238667,2016
4346906,scottscott,"paul, weiss, rifkind, wharton & garrison",other,,DefendantWin,0.7301802529238667,0.7301802529238667,2016
4346906,scottscott,covington & burling,other,,DefendantWin,0.7301802529238667,0.7301802529238667,2016
4346906,scottscott,patterson belknap webb & tyler,other,,DefendantWin,0.7301802529238667,0.7301802529238667,2016
4346906,scottscott,"boies, schiller & flexner",other,,DefendantWin,0.7301802529238667,0.7301802529238667,2016
4346906,scottscott,sullivan & cromwell,other,,DefendantWin,0.7301802529238667,0.7301802529238667,2016
4346906,scottscott,shearman & sterling,other,,DefendantWin,0.7301802529238667,0.7301802529238667,2016
4346906,mcculley mccluer,"gibson, dunn & crutcher",other,,DefendantWin,0.7301802529238667,0.7301802529238667,2016
4346906,mcculley mccluer,"locke, liddell & sapp",other,,DefendantWin,0.7301802529238667,0.7301802529238667,2016
4346906,mcculley mccluer,"morgan, lewis & bockius",other,,DefendantWin,0.7301802529238667,0.7301802529238667,2016
4346906,mcculley mccluer,covington & burling,other,,DefendantWin,0.7301802529238667,0.7301802529238667,2016
4346906,mcculley mccluer,cahill gordon & reindel,other,,DefendantWin,0.7301802529238667,0.7301802529238667,2016
4346906,mcculley mccluer,davis polk & wardwell,other,,DefendantWin,0.7301802529238667,0.7301802529238667,2016
4346906,mcculley mccluer,"skadden, arps, slate, meagher & flom",other,,DefendantWin,0.7301802529238667,0.7301802529238667,2016
4346906,mcculley mccluer,locke lord bissell & liddell,other,,DefendantWin,0.7301802529238667,0.7301802529238667,2016
4346906,mcculley mccluer,"paul, weiss, rifkind, wharton & garrison",other,,DefendantWin,0.7301802529238667,0.7301802529238667,2016
4346906,mcculley mccluer,covington & burling,other,,DefendantWin,0.7301802529238667,0.7301802529238667,2016
4346906,mcculley mccluer,patterson belknap webb & tyler,other,,DefendantWin,0.7301802529238667,0.7301802529238667,2016
4346906,mcculley mccluer,"boies, schiller & flexner",other,,DefendantWin,0.7301802529238667,0.7301802529238667,2016
4346906,mcculley mccluer,sullivan & cromwell,other,,DefendantWin,0.7301802529238667,0.7301802529238667,2016
4346906,mcculley mccluer,shearman & sterling,other,,DefendantWin,0.7301802529238667,0.7301802529238667,2016
4347613,katten muchin rosenman,united states attorney,other,,DefendantWin,0.9313828203697044,0.9313828203697044,2016
4352421,patterson belknap webb & tyler,"weil, gotshal & manges",other,,DefendantWin,0.972577203862778,0.972577203862778,2016
4352421,patterson belknap webb & tyler,katten muchin rosenman,other,,DefendantWin,0.972577203862778,0.972577203862778,2016
4356629,"morris, nichols, arsht & tunnell",o’melveny & myers,other,,PlaintiffWin,0.9398339806198336,0.9398339806198336,2016
4357410,susman godfrey,"shook, hardy & bacon",contract,,PlaintiffWin,0.8938026079365557,0.8938026079365557,2016
4357410,susman godfrey,"shook, hardy & bacon",contract,,PlaintiffWin,0.8938026079365557,0.8938026079365557,2016
4358245,venable,united states attorney,other,,PlaintiffWin,0.9388228323384056,0.9388228323384056,2015
4358457,"boies, schiller & flexner",hughes hubbard & reed,other,,PlaintiffWin,0.9133133136004262,0.9133133136004262,2015
4358457,"boies, schiller & flexner","paul, weiss, rifkind, wharton & garrison",other,,PlaintiffWin,0.9133133136004262,0.9133133136004262,2015
4358457,"boies, schiller & flexner",simpson thacher & bartlett,other,,PlaintiffWin,0.9133133136004262,0.9133133136004262,2015
4358457,"boies, schiller & flexner",greenberg traurig,other,,PlaintiffWin,0.9133133136004262,0.9133133136004262,2015
4358457,lovell stewart halebian jacobson,hughes hubbard & reed,other,,PlaintiffWin,0.9133133136004262,0.9133133136004262,2015
4358457,lovell stewart halebian jacobson,"paul, weiss, rifkind, wharton & garrison",other,,PlaintiffWin,0.9133133136004262,0.9133133136004262,2015
4358457,lovell stewart halebian jacobson,simpson thacher & bartlett,other,,PlaintiffWin,0.9133133136004262,0.9133133136004262,2015
4358457,lovell stewart halebian jacobson,greenberg traurig,other,,PlaintiffWin,0.9133133136004262,0.9133133136004262,2015
4358620,"boies, schiller & flexner",united states attorney,civil_rights,,PlaintiffWin,0.8433722527512688,0.8433722527512688,2015
4359502,mccarter & english,akin gump strauss hauer & feld,other,,PlaintiffWin,0.95875441645993,0.95875441645993,2015
4359576,akin gump strauss hauer & feld,attorney general,prisoner_petitions,,DefendantWin,0.7219428929108134,0.7219428929108134,2015
4359576,"morgan, lewis & bockius",attorney general,prisoner_petitions,,DefendantWin,0.7219428929108134,0.7219428929108134,2015
4359761,perkins coie,venable,contract,,PlaintiffWin,0.5773471971015374,0.5773471971015374,2015
4359856,united states attorney,venable,other,,DefendantWin,0.7394902656361998,0.7394902656361998,2015
4361005,mcdermott will & emery,fish & richardson,other,,PlaintiffWin,0.8166229993646397,0.8166229993646397,2015
4361128,mcculley mccluer,williams & connolly,other,,PlaintiffWin,0.5943673441630596,0.5943673441630596,2015
4361128,mcculley mccluer,"gibson, dunn & crutcher",other,,PlaintiffWin,0.5943673441630596,0.5943673441630596,2015
4361128,mcculley mccluer,schiff hardin,other,,PlaintiffWin,0.5943673441630596,0.5943673441630596,2015
4361816,glancy & binkow,simpson thacher & bartlett,other,,PlaintiffWin,0.9814192625888696,0.9814192625888696,2015
4361816,glancy & binkow,davis polk & wardwell,other,,PlaintiffWin,0.9814192625888696,0.9814192625888696,2015
4361816,glancy & binkow,davis polk & wardwell,other,,PlaintiffWin,0.9814192625888696,0.9814192625888696,2015
4361816,glancy binkow & goldberg,simpson thacher & bartlett,other,,PlaintiffWin,0.9814192625888696,0.9814192625888696,2015
4361816,glancy binkow & goldberg,davis polk & wardwell,other,,PlaintiffWin,0.9814192625888696,0.9814192625888696,2015
4361816,glancy binkow & goldberg,davis polk & wardwell,other,,PlaintiffWin,0.9814192625888696,0.9814192625888696,2015
4361816,goldberg,simpson thacher & bartlett,other,,PlaintiffWin,0.9814192625888696,0.9814192625888696,2015
4361816,goldberg,davis polk & wardwell,other,,PlaintiffWin,0.9814192625888696,0.9814192625888696,2015
4361816,goldberg,davis polk & wardwell,other,,PlaintiffWin,0.9814192625888696,0.9814192625888696,2015
4361931,dickstein shapiro,steptoe & johnson,contract,,PlaintiffWin,0.9153186403606997,0.9153186403606997,2015
4361963,wilmer cutler pickering hale & dor,steptoe & johnson,other,,PlaintiffWin,0.8550100779060372,0.8550100779060372,2015
4361963,mayer brown,steptoe & johnson,other,,PlaintiffWin,0.8550100779060372,0.8550100779060372,2015
4361963,wilmer cutler pickering hale & dor,steptoe & johnson,other,,PlaintiffWin,0.8550100779060372,0.8550100779060372,2015
4362401,hagens berman sobol shapiro,hogan lovells us,torts,,PlaintiffWin,0.8345590485256856,0.8345590485256856,2015
4362401,hagens berman sobol shapiro,hogan lovells us,torts,,PlaintiffWin,0.8345590485256856,0.8345590485256856,2015
4362550,perkins coie,"paul, weiss, rifkind, wharton & garrison",contract,,PlaintiffWin,0.7915736947977453,0.7915736947977453,2015
4362742,robbins geller rudman & dowd,latham & watkins,contract,,DefendantWin,0.733233606680929,0.733233606680929,2015
4362742,robbins geller rudman & dowd,hughes hubbard & reed,contract,,DefendantWin,0.733233606680929,0.733233606680929,2015
4362742,robbins geller rudman & dowd,sidley austin,contract,,DefendantWin,0.733233606680929,0.733233606680929,2015
4362742,hagens berman sobol shapiro,latham & watkins,contract,,DefendantWin,0.733233606680929,0.733233606680929,2015
4362742,hagens berman sobol shapiro,hughes hubbard & reed,contract,,DefendantWin,0.733233606680929,0.733233606680929,2015
4362742,hagens berman sobol shapiro,sidley austin,contract,,DefendantWin,0.733233606680929,0.733233606680929,2015
4363463,jenner & block,attorney general,civil_rights,,DefendantWin,0.7730172378403092,0.7730172378403092,2015
4363473,attorney general,o’melveny & myers,other,,DefendantWin,0.9022765931058948,0.9022765931058948,2015
4363473,attorney general,simpson thacher & bartlett,other,,DefendantWin,0.9022765931058948,0.9022765931058948,2015
4363473,attorney general,simpson thacher & bartlett,other,,DefendantWin,0.9022765931058948,0.9022765931058948,2015
4363645,latham & watkins,attorney general,other,,PlaintiffWin,0.6466247150039647,0.6466247150039647,2015
4363645,latham & watkins,attorney general,other,,PlaintiffWin,0.6466247150039647,0.6466247150039647,2015
4364943,steptoe & johnson,united states attorney,other,,PlaintiffWin,0.6663162189094991,0.6663162189094991,2015
4365040,morris & morris,jenner & block,other,,PlaintiffWin,0.9811825986745654,0.9811825986745654,2015
4365040,morris & morris,jenner & block,other,,PlaintiffWin,0.9811825986745654,0.9811825986745654,2015
4365118,covington & burling,united states attorney,other,,PlaintiffWin,0.8891206113317515,0.8891206113317515,2015
4365335,bernstein litowitz berger & grossmann,williams & connolly,other,,PlaintiffWin,0.9139963704854768,0.9139963704854768,2015
4365335,bernstein litowitz berger & grossmann,mayer brown,other,,PlaintiffWin,0.9139963704854768,0.9139963704854768,2015
4365335,robbins geller rudman & dowd,williams & connolly,other,,PlaintiffWin,0.9139963704854768,0.9139963704854768,2015
4365335,robbins geller rudman & dowd,mayer brown,other,,PlaintiffWin,0.9139963704854768,0.9139963704854768,2015
4365715,cohen milstein sellers & toll,"boies, schiller & flexner",other,,PlaintiffWin,0.6866879133926613,0.6866879133926613,2015
4365715,cohen milstein sellers & toll,"boies, schiller & flexner",other,,PlaintiffWin,0.6866879133926613,0.6866879133926613,2015
4365715,"morgan, lewis & bockius","boies, schiller & flexner",other,,PlaintiffWin,0.6866879133926613,0.6866879133926613,2015
4365715,"morgan, lewis & bockius","boies, schiller & flexner",other,,PlaintiffWin,0.6866879133926613,0.6866879133926613,2015
4365715,berger & montague,"boies, schiller & flexner",other,,PlaintiffWin,0.6866879133926613,0.6866879133926613,2015
4365715,berger & montague,"boies, schiller & flexner",other,,PlaintiffWin,0.6866879133926613,0.6866879133926613,2015
4365811,morrison & foerster,attorney general,other,,PlaintiffWin,0.8731829774750844,0.8731829774750844,2015
4365811,morrison & foerster,attorney general,other,,PlaintiffWin,0.8731829774750844,0.8731829774750844,2015
5721321,kirkland & ellis,attorney general,civil_rights,,DefendantWin,0.7705526897007787,0.7705526897007787,2013
5721392,grant & eisenhofer,"skadden, arps, slate, meagher & flom",other,,PlaintiffWin,0.8659394020142145,0.8659394020142145,2013
5727018,labaton sucharow,sullivan & cromwell,other,,DefendantWin,0.9393290098211016,0.9393290098211016,2013
5755291,buchanan ingersoll & rooney,kirkland & ellis,other,,PlaintiffWin,0.9506386370044796,0.9506386370044796,2014
5755291,buchanan ingersoll & rooney,baker & hostetler,other,,PlaintiffWin,0.9506386370044796,0.9506386370044796,2014
5755291,buchanan ingersoll & rooney,kirkland & ellis,other,,PlaintiffWin,0.9506386370044796,0.9506386370044796,2014
5755718,kirkland & ellis,attorney general,civil_rights,,DefendantWin,0.7705526897007787,0.7705526897007787,2014
5758622,united states attorney,united states attorney,civil_rights,,PlaintiffWin,0.7931494690093925,0.7931494690093925,2015
5759773,shearman & sterling,goodwin procter,other,,PlaintiffWin,0.947187681921309,0.947187681921309,2015
5762184,attorney general,"gibson, dunn & crutcher",other,,PlaintiffWin,0.890993361598564,0.890993361598564,2015
5762184,wilmer cutler pickering hale & dor,"gibson, dunn & crutcher",other,,PlaintiffWin,0.890993361598564,0.890993361598564,2015
5763217,"gibson, dunn & crutcher",sidley austin,other,,DefendantWin,0.838847830902772,0.838847830902772,2015
5764078,faruqi & faruqi,ropes & gray,other,,PlaintiffWin,0.6383147303630734,0.6383147303630734,2015
5913335,"weil, gotshal & manges",akin gump strauss hauer & feld,labor,,PlaintiffWin,0.9477802294147346,0.9477802294147346,2015
5914960,katten muchin rosenman,"paul, weiss, rifkind, wharton & garrison",contract,,PlaintiffWin,0.8927808950960153,0.8927808950960153,2015
5915569,baker & hostetler,fish & richardson,other,,PlaintiffWin,0.9609236959414597,0.9609236959414597,2015
6822989,cotchett pitre & mccarthy,"gibson, dunn & crutcher",other,,PlaintiffWin,0.9586215440116264,0.9586215440116264,2015
6822989,cotchett pitre & mccarthy,sullivan & cromwell,other,,PlaintiffWin,0.9586215440116264,0.9586215440116264,2015
6822989,cotchett pitre & mccarthy,williams & connolly,other,,PlaintiffWin,0.9586215440116264,0.9586215440116264,2015
6822989,cotchett pitre & mccarthy,sullivan & cromwell,other,,PlaintiffWin,0.9586215440116264,0.9586215440116264,2015
6822989,cotchett pitre & mccarthy,sullivan & cromwell,other,,PlaintiffWin,0.9586215440116264,0.9586215440116264,2015
6822989,robbins geller rudman & dowd,"gibson, dunn & crutcher",other,,PlaintiffWin,0.9586215440116264,0.9586215440116264,2015
6822989,robbins geller rudman & dowd,sullivan & cromwell,other,,PlaintiffWin,0.9586215440116264,0.9586215440116264,2015
6822989,robbins geller rudman & dowd,williams & connolly,other,,PlaintiffWin,0.9586215440116264,0.9586215440116264,2015
6822989,robbins geller rudman & dowd,sullivan & cromwell,other,,PlaintiffWin,0.9586215440116264,0.9586215440116264,2015
6822989,robbins geller rudman & dowd,sullivan & cromwell,other,,PlaintiffWin,0.9586215440116264,0.9586215440116264,2015
6822989,labaton sucharow,"gibson, dunn & crutcher",other,,PlaintiffWin,0.9586215440116264,0.9586215440116264,2015
6822989,labaton sucharow,sullivan & cromwell,other,,PlaintiffWin,0.9586215440116264,0.9586215440116264,2015
6822989,labaton sucharow,williams & connolly,other,,PlaintiffWin,0.9586215440116264,0.9586215440116264,2015
6822989,labaton sucharow,sullivan & cromwell,other,,PlaintiffWin,0.9586215440116264,0.9586215440116264,2015
6822989,labaton sucharow,sullivan & cromwell,other,,PlaintiffWin,0.9586215440116264,0.9586215440116264,2015
6837633,pomerantz,"paul, weiss, rifkind, wharton & garrison",other,,DefendantWin,0.961269776930116,0.961269776930116,2015
6837633,pomerantz,goodwin procter,other,,DefendantWin,0.961269776930116,0.961269776930116,2015
6837633,scottscott,"paul, weiss, rifkind, wharton & garrison",other,,DefendantWin,0.961269776930116,0.961269776930116,2015
6837633,scottscott,goodwin procter,other,,DefendantWin,0.961269776930116,0.961269776930116,2015
6837841,bernstein litowitz berger & grossmann,"paul, weiss, rifkind, wharton & garrison",labor,,PlaintiffWin,0.7785241184644216,0.7785241184644216,2015
6837841,milberg,"paul, weiss, rifkind, wharton & garrison",labor,,PlaintiffWin,0.7785241184644216,0.7785241184644216,2015
6839967,perkins coie,"morgan, lewis & bockius",other,,PlaintiffWin,0.8211638220504043,0.8211638220504043,2015
6879273,berger & montague,wilmer cutler pickering hale & dor,other,,PlaintiffWin,0.92721956017936,0.92721956017936,2014
6880099,davis polk & wardwell,"shook, hardy & bacon",other,,PlaintiffWin,0.9350557312469616,0.9350557312469616,2014
6880314,heins mills & olson,dechert,other,,PlaintiffWin,0.6749800600366742,0.6749800600366742,2014
6888300,morrison & foerster,attorney general,other,,DefendantWin,0.7865163665070054,0.7865163665070054,2014
6888300,morrison & foerster,attorney general,other,,DefendantWin,0.7865163665070054,0.7865163665070054,2014
6928606,glancy binkow & goldberg,"gibson, dunn & crutcher",contract,,PlaintiffWin,0.9290314990875,0.9290314990875,2014
6928606,glancy binkow & goldberg,ropes & gray,contract,,PlaintiffWin,0.9290314990875,0.9290314990875,2014
6928606,glancy binkow & goldberg,dla piper,contract,,PlaintiffWin,0.9290314990875,0.9290314990875,2014
6928606,robbins geller rudman & dowd,"gibson, dunn & crutcher",contract,,PlaintiffWin,0.9290314990875,0.9290314990875,2014
6928606,robbins geller rudman & dowd,ropes & gray,contract,,PlaintiffWin,0.9290314990875,0.9290314990875,2014
6928606,robbins geller rudman & dowd,dla piper,contract,,PlaintiffWin,0.9290314990875,0.9290314990875,2014
6928606,cuneo gilbert & laduca,"gibson, dunn & crutcher",contract,,PlaintiffWin,0.9290314990875,0.9290314990875,2014
6928606,cuneo gilbert & laduca,ropes & gray,contract,,PlaintiffWin,0.9290314990875,0.9290314990875,2014
6928606,cuneo gilbert & laduca,dla piper,contract,,PlaintiffWin,0.9290314990875,0.9290314990875,2014
6928606,labaton sucharow,"gibson, dunn & crutcher",contract,,PlaintiffWin,0.9290314990875,0.9290314990875,2014
6928606,labaton sucharow,ropes & gray,contract,,PlaintiffWin,0.9290314990875,0.9290314990875,2014
6928606,labaton sucharow,dla piper,contract,,PlaintiffWin,0.9290314990875,0.9290314990875,2014
12122215,mcdermott will & emery,united states attorney,civil_rights,,PlaintiffWin,0.6721839230060718,0.3278160769939282,2016
12122267,hagens berman sobol shapiro,arnold & porter,contract,,PlaintiffWin,0.6037747588445403,0.6037747588445403,2016
12122267,milberg,arnold & porter,contract,,PlaintiffWin,0.6037747588445403,0.6037747588445403,2016
12122808,attorney general,simpson thacher & bartlett,other,,DefendantWin,0.798235281669564,0.798235281669564,2016
12122808,attorney general,"weil, gotshal & manges",other,,DefendantWin,0.798235281669564,0.798235281669564,2016
12122808,attorney general,simpson thacher & bartlett,other,,DefendantWin,0.798235281669564,0.798235281669564,2016
12122808,attorney general,"weil, gotshal & manges",other,,DefendantWin,0.798235281669564,0.798235281669564,2016
12123237,cuneo gilbert & laduca,covington & burling,other,,PlaintiffWin,0.968149877619314,0.968149877619314,2016
12123237,cuneo gilbert & laduca,covington & burling,other,,PlaintiffWin,0.968149877619314,0.968149877619314,2016
12123237,cuneo gilbert & laduca,covington & burling,other,,PlaintiffWin,0.968149877619314,0.968149877619314,2016
12123237,cuneo gilbert & laduca,sidley austin,other,,PlaintiffWin,0.968149877619314,0.968149877619314,2016
12123237,cuneo gilbert & laduca,sidley austin,other,,PlaintiffWin,0.968149877619314,0.968149877619314,2016
12123237,cuneo gilbert & laduca,covington & burling,other,,PlaintiffWin,0.968149877619314,0.968149877619314,2016
12123237,cuneo gilbert & laduca,covington & burling,other,,PlaintiffWin,0.968149877619314,0.968149877619314,2016
12123237,cuneo gilbert & laduca,covington & burling,other,,PlaintiffWin,0.968149877619314,0.968149877619314,2016
12123237,cuneo gilbert & laduca,sidley austin,other,,PlaintiffWin,0.968149877619314,0.968149877619314,2016
12123237,cuneo gilbert & laduca,sidley austin,other,,PlaintiffWin,0.968149877619314,0.968149877619314,2016
12123968,mcdermott will & emery,united states attorney,civil_rights,,PlaintiffWin,0.6721839230060718,0.3278160769939282,2016
12124164,scott & scott,"skadden, arps, slate, meagher & flom",other,,DefendantWin,0.8841354648101556,0.8841354648101556,2016
12124812,berger & montague,"morgan, lewis & bockius",other,,PlaintiffWin,0.7172090297559527,0.7172090297559527,2016
12124812,berger & montague,"morgan, lewis & bockius",other,,PlaintiffWin,0.7172090297559527,0.7172090297559527,2016
12124812,berger & montague,katten muchin rosenman,other,,PlaintiffWin,0.7172090297559527,0.7172090297559527,2016
12126721,cohen milstein sellers & toll,"morgan, lewis & bockius",labor,,PlaintiffWin,0.5666342192949454,0.5666342192949454,2016
12126877,scott & scott,simpson thacher & bartlett,other,,PlaintiffWin,0.9473062440261014,0.9473062440261014,2016
12126877,scott & scott,simpson thacher & bartlett,other,,PlaintiffWin,0.9473062440261014,0.9473062440261014,2016
12126877,robbins geller rudman & dowd,simpson thacher & bartlett,other,,PlaintiffWin,0.9473062440261014,0.9473062440261014,2016
12126877,robbins geller rudman & dowd,simpson thacher & bartlett,other,,PlaintiffWin,0.9473062440261014,0.9473062440261014,2016
12126877,glancy binkow & goldberg,simpson thacher & bartlett,other,,PlaintiffWin,0.9473062440261014,0.9473062440261014,2016
12126877,glancy binkow & goldberg,simpson thacher & bartlett,other,,PlaintiffWin,0.9473062440261014,0.9473062440261014,2016
12126877,labaton sucharow,simpson thacher & bartlett,other,,PlaintiffWin,0.9473062440261014,0.9473062440261014,2016
12126877,labaton sucharow,simpson thacher & bartlett,other,,PlaintiffWin,0.9473062440261014,0.9473062440261014,2016
12126877,pomerantz,simpson thacher & bartlett,other,,PlaintiffWin,0.9473062440261014,0.9473062440261014,2016
12126877,pomerantz,simpson thacher & bartlett,other,,PlaintiffWin,0.9473062440261014,0.9473062440261014,2016
12126877,pomerantz,simpson thacher & bartlett,other,,PlaintiffWin,0.9473062440261014,0.9473062440261014,2016
12126877,pomerantz,simpson thacher & bartlett,other,,PlaintiffWin,0.9473062440261014,0.9473062440261014,2016
12127630,buchanan ingersoll & rooney,baker & hostetler,other,,PlaintiffWin,0.8827241247515655,0.8827241247515655,2016
12127630,buchanan ingersoll & rooney,baker & hostetler,other,,PlaintiffWin,0.8827241247515655,0.8827241247515655,2016
12130298,attorney general,attorney general,other,,PlaintiffWin,0.8684234393190184,0.8684234393190184,2016
12130331,venable,united states attorney,other,,PlaintiffWin,0.9388228323384056,0.9388228323384056,2016
12131601,sidley austin,attorney general,civil_rights,,PlaintiffWin,0.8085007277426481,0.8085007277426481,2016
12133152,perkins coie,attorney general,civil_rights,,PlaintiffWin,0.766115073125595,0.766115073125595,2016
12135775,grant & eisenhofer,kirkland & ellis,other,,PlaintiffWin,0.7920774083532465,0.7920774083532465,2016
12135775,grant & eisenhofer,patterson belknap webb & tyler,other,,PlaintiffWin,0.7920774083532465,0.7920774083532465,2016
12135775,hausfeld,kirkland & ellis,other,,PlaintiffWin,0.7920774083532465,0.7920774083532465,2016
12135775,hausfeld,patterson belknap webb & tyler,other,,PlaintiffWin,0.7920774083532465,0.7920774083532465,2016
12136274,sidley austin,attorney general,prisoner_petitions,,PlaintiffWin,0.7717328812677229,0.7717328812677229,2016
12138119,dechert,attorney general,other,,PlaintiffWin,0.9387998093978702,0.9387998093978702,2016
12138119,dechert,attorney general,other,,PlaintiffWin,0.9387998093978702,0.9387998093978702,2016
12138559,berger & montague,greenberg traurig,other,,PlaintiffWin,0.6910694638062698,0.6910694638062698,2016
12138559,berger & montague,greenberg traurig,other,,PlaintiffWin,0.6910694638062698,0.6910694638062698,2016
12140241,"boies, schiller & flexner","shook, hardy & bacon",other,,DefendantWin,0.9197301972145406,0.9197301972145406,2016
12140241,"boies, schiller & flexner","shook, hardy & bacon",other,,DefendantWin,0.9197301972145406,0.9197301972145406,2016
12140241,"boies, schiller & flexner","gibson, dunn & crutcher",other,,DefendantWin,0.9197301972145406,0.9197301972145406,2016
12140241,"boies, schiller & flexner",greenberg traurig,other,,DefendantWin,0.9197301972145406,0.9197301972145406,2016
12140241,"morgan, lewis & bockius","shook, hardy & bacon",other,,DefendantWin,0.9197301972145406,0.9197301972145406,2016
12140241,"morgan, lewis & bockius","shook, hardy & bacon",other,,DefendantWin,0.9197301972145406,0.9197301972145406,2016
12140241,"morgan, lewis & bockius","gibson, dunn & crutcher",other,,DefendantWin,0.9197301972145406,0.9197301972145406,2016
12140241,"morgan, lewis & bockius",greenberg traurig,other,,DefendantWin,0.9197301972145406,0.9197301972145406,2016
12140241,"boies, schiller & flexner","shook, hardy & bacon",other,,DefendantWin,0.9197301972145406,0.9197301972145406,2016
12140241,"boies, schiller & flexner","shook, hardy & bacon",other,,DefendantWin,0.9197301972145406,0.9197301972145406,2016
12140241,"boies, schiller & flexner","gibson, dunn & crutcher",other,,DefendantWin,0.9197301972145406,0.9197301972145406,2016
12140241,"boies, schiller & flexner",greenberg traurig,other,,DefendantWin,0.9197301972145406,0.9197301972145406,2016
12140241,"boies, schiller & flexner","shook, hardy & bacon",other,,DefendantWin,0.9197301972145406,0.9197301972145406,2016
12140241,"boies, schiller & flexner","shook, hardy & bacon",other,,DefendantWin,0.9197301972145406,0.9197301972145406,2016
12140241,"boies, schiller & flexner","gibson, dunn & crutcher",other,,DefendantWin,0.9197301972145406,0.9197301972145406,2016
12140241,"boies, schiller & flexner",greenberg traurig,other,,DefendantWin,0.9197301972145406,0.9197301972145406,2016
12141242,latham & watkins,united states attorney,civil_rights,,PlaintiffWin,0.5186342162484499,0.4813657837515502,2016
12141242,latham & watkins,united states attorney,civil_rights,,PlaintiffWin,0.5186342162484499,0.4813657837515502,2016
12142344,hausfeld,covington & burling,other,,PlaintiffWin,0.9703323383839276,0.9703323383839276,2016
12143029,berger & montague,jenner & block,other,,PlaintiffWin,0.7605075539459792,0.7605075539459792,2016
12171042,attorney general,morrison & foerster,other,,DefendantWin,0.8652139388470471,0.8652139388470471,2016
12171042,attorney general,morrison & foerster,other,,DefendantWin,0.8652139388470471,0.8652139388470471,2016
12171042,attorney general,morrison & foerster,other,,DefendantWin,0.8652139388470471,0.8652139388470471,2016
12173623,hagens berman sobol shapiro,patterson belknap webb & tyler,other,,PlaintiffWin,0.7690230152831536,0.2309769847168463,2016
12174111,greenberg traurig,attorney general,civil_rights,,PlaintiffWin,0.8390604344448338,0.8390604344448338,2015
12175597,grant & eisenhofer,"morgan, lewis & bockius",other,,PlaintiffWin,0.895130649654781,0.895130649654781,2016
12175597,grant & eisenhofer,"morgan, lewis & bockius",other,,PlaintiffWin,0.895130649654781,0.895130649654781,2016
12175597,grant & eisenhofer,steptoe & johnson,other,,PlaintiffWin,0.895130649654781,0.895130649654781,2016
12175597,grant & eisenhofer,morrison & foerster,other,,PlaintiffWin,0.895130649654781,0.895130649654781,2016
12175597,grant & eisenhofer,steptoe & johnson,other,,PlaintiffWin,0.895130649654781,0.895130649654781,2016
12175597,grant & eisenhofer,"morgan, lewis & bockius",other,,PlaintiffWin,0.895130649654781,0.895130649654781,2016
12175597,grant & eisenhofer,"morgan, lewis & bockius",other,,PlaintiffWin,0.895130649654781,0.895130649654781,2016
12175597,grant & eisenhofer,steptoe & johnson,other,,PlaintiffWin,0.895130649654781,0.895130649654781,2016
12175597,grant & eisenhofer,morrison & foerster,other,,PlaintiffWin,0.895130649654781,0.895130649654781,2016
12175597,grant & eisenhofer,steptoe & johnson,other,,PlaintiffWin,0.895130649654781,0.895130649654781,2016
12175597,freed kanner london & millen,"morgan, lewis & bockius",other,,PlaintiffWin,0.895130649654781,0.895130649654781,2016
12175597,freed kanner london & millen,"morgan, lewis & bockius",other,,PlaintiffWin,0.895130649654781,0.895130649654781,2016
12175597,freed kanner london & millen,steptoe & johnson,other,,PlaintiffWin,0.895130649654781,0.895130649654781,2016
12175597,freed kanner london & millen,morrison & foerster,other,,PlaintiffWin,0.895130649654781,0.895130649654781,2016
12175597,freed kanner london & millen,steptoe & johnson,other,,PlaintiffWin,0.895130649654781,0.895130649654781,2016
12175597,berger & montague,"morgan, lewis & bockius",other,,PlaintiffWin,0.895130649654781,0.895130649654781,2016
12175597,berger & montague,"morgan, lewis & bockius",other,,PlaintiffWin,0.895130649654781,0.895130649654781,2016
12175597,berger & montague,steptoe & johnson,other,,PlaintiffWin,0.895130649654781,0.895130649654781,2016
12175597,berger & montague,morrison & foerster,other,,PlaintiffWin,0.895130649654781,0.895130649654781,2016
12175597,berger & montague,steptoe & johnson,other,,PlaintiffWin,0.895130649654781,0.895130649654781,2016
12175597,heins mills & olson,"morgan, lewis & bockius",other,,PlaintiffWin,0.895130649654781,0.895130649654781,2016
12175597,heins mills & olson,"morgan, lewis & bockius",other,,PlaintiffWin,0.895130649654781,0.895130649654781,2016
12175597,heins mills & olson,steptoe & johnson,other,,PlaintiffWin,0.895130649654781,0.895130649654781,2016
12175597,heins mills & olson,morrison & foerster,other,,PlaintiffWin,0.895130649654781,0.895130649654781,2016
12175597,heins mills & olson,steptoe & johnson,other,,PlaintiffWin,0.895130649654781,0.895130649654781,2016
12175597,girard gibbs,"morgan, lewis & bockius",other,,PlaintiffWin,0.895130649654781,0.895130649654781,2016
12175597,girard gibbs,"morgan, lewis & bockius",other,,PlaintiffWin,0.895130649654781,0.895130649654781,2016
12175597,girard gibbs,steptoe & johnson,other,,PlaintiffWin,0.895130649654781,0.895130649654781,2016
12175597,girard gibbs,morrison & foerster,other,,PlaintiffWin,0.895130649654781,0.895130649654781,2016
12175597,girard gibbs,steptoe & johnson,other,,PlaintiffWin,0.895130649654781,0.895130649654781,2016
12175597,hagens berman sobol shapiro,"morgan, lewis & bockius",other,,PlaintiffWin,0.895130649654781,0.895130649654781,2016
12175597,hagens berman sobol shapiro,"morgan, lewis & bockius",other,,PlaintiffWin,0.895130649654781,0.895130649654781,2016
12175597,hagens berman sobol shapiro,steptoe & johnson,other,,PlaintiffWin,0.895130649654781,0.895130649654781,2016
12175597,hagens berman sobol shapiro,morrison & foerster,other,,PlaintiffWin,0.895130649654781,0.895130649654781,2016
12175597,hagens berman sobol shapiro,steptoe & johnson,other,,PlaintiffWin,0.895130649654781,0.895130649654781,2016
12182612,cohen milstein sellers & toll,mayer brown,labor,,PlaintiffWin,0.898050987512175,0.898050987512175,2016
12183616,covington & burling,winston & strawn,other,,DefendantWin,0.8854330805646756,0.8854330805646756,2016
12183616,"morris, nichols, arsht & tunnell",winston & strawn,other,,DefendantWin,0.8854330805646756,0.8854330805646756,2016
12184130,hausfeld,skadden arps slate meagher & flom,torts,,PlaintiffWin,0.9444685712541616,0.9444685712541616,2016
12184130,hausfeld,o’melveny & myers,torts,,PlaintiffWin,0.9444685712541616,0.9444685712541616,2016
12184130,hausfeld,skadden arps slate meagher & flom,torts,,PlaintiffWin,0.9444685712541616,0.9444685712541616,2016
12184130,hausfeld,o’melveny & myers,torts,,PlaintiffWin,0.9444685712541616,0.9444685712541616,2016
12184766,wilmer cutler pickering hale & dor,attorney general,civil_rights,,DefendantWin,0.6699030330188198,0.6699030330188198,2016
12184766,wilmer cutler pickering hale & dor,attorney general,civil_rights,,DefendantWin,0.6699030330188198,0.6699030330188198,2016
12265978,patterson belknap webb & tyler,attorney general,civil_rights,,PlaintiffWin,0.6846507770592483,0.6846507770592483,2017
12265978,mayer brown,attorney general,civil_rights,,PlaintiffWin,0.6846507770592483,0.6846507770592483,2017
12266469,"orrick, herrington & sutcliffe",attorney general,civil_rights,,PlaintiffWin,0.7971523365437085,0.7971523365437085,2017
12266469,"orrick, herrington & sutcliffe",attorney general,civil_rights,,PlaintiffWin,0.7971523365437085,0.7971523365437085,2017
12266618,morrison & foerster,attorney general,other,,DefendantWin,0.8559706523218336,0.8559706523218336,2017
12266618,morrison & foerster,united states attorney,other,,DefendantWin,0.8559706523218336,0.8559706523218336,2017
12266743,scott & scott,baker & hostetler,torts,,PlaintiffWin,0.8647739447751505,0.8647739447751505,2017
12266743,lockridge grindal ñauen p,baker & hostetler,torts,,PlaintiffWin,0.8647739447751505,0.8647739447751505,2017
12266743,hausfeld,baker & hostetler,torts,,PlaintiffWin,0.8647739447751505,0.8647739447751505,2017
12266915,wilmer cutler pickering hale & dor,united states attorney,other,,DefendantWin,0.7167298009061018,0.7167298009061018,2017
12266996,attorney general,united states attorney,other,,DefendantWin,0.8329539570322829,0.8329539570322829,2017
12267673,attorney general,simpson thacher & bartlett,other,,PlaintiffWin,0.8083207453112874,0.8083207453112874,2017
12267673,attorney general,"weil, gotshal & manges",other,,PlaintiffWin,0.8083207453112874,0.8083207453112874,2017
12267673,attorney general,"weil, gotshal & manges",other,,PlaintiffWin,0.8083207453112874,0.8083207453112874,2017
12267673,skadden arps slate meagher & flom,simpson thacher & bartlett,other,,PlaintiffWin,0.8083207453112874,0.8083207453112874,2017
12267673,skadden arps slate meagher & flom,"weil, gotshal & manges",other,,PlaintiffWin,0.8083207453112874,0.8083207453112874,2017
12267673,skadden arps slate meagher & flom,"weil, gotshal & manges",other,,PlaintiffWin,0.8083207453112874,0.8083207453112874,2017
12267676,williams & connolly,venable,contract,,DefendantWin,0.5801552455228446,0.5801552455228446,2017
12267752,buchanan ingersoll & rooney,venable,other,,DefendantWin,0.6278091636391073,0.6278091636391073,2017
12267752,buchanan ingersoll & rooney,venable,other,,DefendantWin,0.6278091636391073,0.6278091636391073,2017
12267752,buchanan ingersoll & rooney,venable,other,,DefendantWin,0.6278091636391073,0.6278091636391073,2017
12267819,faruqi & faruqi,kirkland & ellis,other,,PlaintiffWin,0.8088555436492643,0.8088555436492643,2017
12267824,attorney general,united states attorney,other,,DefendantWin,0.8329539570322829,0.8329539570322829,2017
12267850,mayer brown,attorney general,other,,PlaintiffWin,0.520594558608545,0.4794054413914551,2017
12267850,mayer brown,"gibson, dunn & crutcher",other,,PlaintiffWin,0.520594558608545,0.4794054413914551,2017
12267899,perkins coie,attorney general,civil_rights,,DefendantWin,0.766115073125595,0.766115073125595,2017
12267956,kirby mclnerney,"paul, weiss, rifkind, wharton & garrison",other,,PlaintiffWin,0.7346195014834854,0.7346195014834854,2017
12267956,kirby mclnerney,arnold & porter,other,,PlaintiffWin,0.7346195014834854,0.7346195014834854,2017
12267956,kirby mclnerney,mcdermott will & emery,other,,PlaintiffWin,0.7346195014834854,0.7346195014834854,2017
12267956,kirby mclnerney,winston & strawn,other,,PlaintiffWin,0.7346195014834854,0.7346195014834854,2017
12267956,kirby mclnerney,dechert,other,,PlaintiffWin,0.7346195014834854,0.7346195014834854,2017
12267956,kirby mclnerney,sidley austin,other,,PlaintiffWin,0.7346195014834854,0.7346195014834854,2017
12267956,kirby mclnerney,mayer brown,other,,PlaintiffWin,0.7346195014834854,0.7346195014834854,2017
12267956,milberg,"paul, weiss, rifkind, wharton & garrison",other,,PlaintiffWin,0.7346195014834854,0.7346195014834854,2017
12267956,milberg,arnold & porter,other,,PlaintiffWin,0.7346195014834854,0.7346195014834854,2017
12267956,milberg,mcdermott will & emery,other,,PlaintiffWin,0.7346195014834854,0.7346195014834854,2017
12267956,milberg,winston & strawn,other,,PlaintiffWin,0.7346195014834854,0.7346195014834854,2017
12267956,milberg,dechert,other,,PlaintiffWin,0.7346195014834854,0.7346195014834854,2017
12267956,milberg,sidley austin,other,,PlaintiffWin,0.7346195014834854,0.7346195014834854,2017
12267956,milberg,mayer brown,other,,PlaintiffWin,0.7346195014834854,0.7346195014834854,2017
12267956,lovell stewart halebian jacobson,"paul, weiss, rifkind, wharton & garrison",other,,PlaintiffWin,0.7346195014834854,0.7346195014834854,2017
12267956,lovell stewart halebian jacobson,arnold & porter,other,,PlaintiffWin,0.7346195014834854,0.7346195014834854,2017
12267956,lovell stewart halebian jacobson,mcdermott will & emery,other,,PlaintiffWin,0.7346195014834854,0.7346195014834854,2017
12267956,lovell stewart halebian jacobson,winston & strawn,other,,PlaintiffWin,0.7346195014834854,0.7346195014834854,2017
12267956,lovell stewart halebian jacobson,dechert,other,,PlaintiffWin,0.7346195014834854,0.7346195014834854,2017
12267956,lovell stewart halebian jacobson,sidley austin,other,,PlaintiffWin,0.7346195014834854,0.7346195014834854,2017
12267956,lovell stewart halebian jacobson,mayer brown,other,,PlaintiffWin,0.7346195014834854,0.7346195014834854,2017
12268000,covington & burling,attorney general,civil_rights,,PlaintiffWin,0.8033856862231916,0.8033856862231916,2017
12268000,arnold & porter,attorney general,civil_rights,,PlaintiffWin,0.8033856862231916,0.8033856862231916,2017
12268000,kirkland & ellis,attorney general,civil_rights,,PlaintiffWin,0.8033856862231916,0.8033856862231916,2017
12268130,wilmer cutler pickering hale & dor,attorney general,civil_rights,,PlaintiffWin,0.6699030330188198,0.6699030330188198,2017
12268345,berger & montague,fish & richardson,other,,PlaintiffWin,0.7905018234883339,0.7905018234883339,2017
12268369,susman godfrey,latham & watkins,other,,PlaintiffWin,0.8920608256469955,0.8920608256469955,2017
12268369,susman godfrey,"morris, nichols, arsht & tunnell",other,,PlaintiffWin,0.8920608256469955,0.8920608256469955,2017
12268369,susman godfrey,latham & watkins,other,,PlaintiffWin,0.8920608256469955,0.8920608256469955,2017
12268369,susman godfrey,latham & watkins,other,,PlaintiffWin,0.8920608256469955,0.8920608256469955,2017
12268369,susman godfrey,"morris, nichols, arsht & tunnell",other,,PlaintiffWin,0.8920608256469955,0.8920608256469955,2017
12268369,susman godfrey,latham & watkins,other,,PlaintiffWin,0.8920608256469955,0.8920608256469955,2017
12268436,cohen milstein sellers & toll,"gibson, dunn & crutcher",other,,PlaintiffWin,0.7505517499270491,0.7505517499270491,2017
12268436,cohen milstein sellers & toll,wilmer cutler pickering hale & dor,other,,PlaintiffWin,0.7505517499270491,0.7505517499270491,2017
12268481,kirby mclnerney,"milbank, tweed, hadley & mccloy",other,,PlaintiffWin,0.9080903536389144,0.9080903536389144,2017
12268485,"gibson, dunn & crutcher",susman godfrey,other,,PlaintiffWin,0.8760401780324856,0.8760401780324856,2017
12268485,"gibson, dunn & crutcher",susman godfrey,other,,PlaintiffWin,0.8760401780324856,0.8760401780324856,2017
12268485,"gibson, dunn & crutcher",susman godfrey,other,,PlaintiffWin,0.8760401780324856,0.8760401780324856,2017
12268485,"gibson, dunn & crutcher",susman godfrey,other,,PlaintiffWin,0.8760401780324856,0.8760401780324856,2017
12268485,"gibson, dunn & crutcher",susman godfrey,other,,PlaintiffWin,0.8760401780324856,0.8760401780324856,2017
12268485,"gibson, dunn & crutcher",susman godfrey,other,,PlaintiffWin,0.8760401780324856,0.8760401780324856,2017
12268509,blank rome,foley & lardner,other,,PlaintiffWin,0.9491826187280012,0.9491826187280012,2017
12268573,skadden arps slate meagher & flom,attorney general,civil_rights,,PlaintiffWin,0.6753335197475998,0.6753335197475998,2017
12269184,williams & connolly,attorney general,other,,PlaintiffWin,0.8573388551539671,0.8573388551539671,2017
12269615,mcdermott will & emery,steptoe & johnson,other,,DefendantWin,0.75267037202976,0.75267037202976,2017
12269615,mcdermott will & emery,akin gump strauss hauer & feld,other,,DefendantWin,0.75267037202976,0.75267037202976,2017
12270179,kirkland & ellis,attorney general,other,,DefendantWin,0.8192345255766986,0.8192345255766986,2017
12270356,cohen milstein sellers & toll,sheppard mullin richter & hampton,other,,PlaintiffWin,0.9128255949401418,0.9128255949401418,2017
12270356,cohen milstein sellers & toll,"gibson, dunn & crutcher",other,,PlaintiffWin,0.9128255949401418,0.9128255949401418,2017
12270356,cohen milstein sellers & toll,dla piper us,other,,PlaintiffWin,0.9128255949401418,0.9128255949401418,2017
12270356,cohen milstein sellers & toll,mayer brown,other,,PlaintiffWin,0.9128255949401418,0.9128255949401418,2017
12270356,hausfeld,sheppard mullin richter & hampton,other,,PlaintiffWin,0.9128255949401418,0.9128255949401418,2017
12270356,hausfeld,"gibson, dunn & crutcher",other,,PlaintiffWin,0.9128255949401418,0.9128255949401418,2017
12270356,hausfeld,dla piper us,other,,PlaintiffWin,0.9128255949401418,0.9128255949401418,2017
12270356,hausfeld,mayer brown,other,,PlaintiffWin,0.9128255949401418,0.9128255949401418,2017
12270366,faruqi & faruqi,morrison & foerster,other,,PlaintiffWin,0.7900897481721029,0.7900897481721029,2017
12270366,faruqi & faruqi,morrison & foerster,other,,PlaintiffWin,0.7900897481721029,0.7900897481721029,2017
12270625,"morris, nichols, arsht & tunnell",goodwin procter,other,,DefendantWin,0.9496280118916248,0.9496280118916248,2016
12270625,dechert,goodwin procter,other,,DefendantWin,0.9496280118916248,0.9496280118916248,2016
12270625,"morris, nichols, arsht & tunnell",goodwin procter,other,,DefendantWin,0.9496280118916248,0.9496280118916248,2016
12270673,faruqi & faruqi,morrison & foerster,contract,,PlaintiffWin,0.718444523365709,0.718444523365709,2016
12270803,"kellogg, huber, hansen, todd, evans & figel",skadden arps slate meagher & flom,other,,PlaintiffWin,0.6719871426759915,0.6719871426759915,2016
12270843,jenner & block,sheppard mullin richter & hampton,real_property,,PlaintiffWin,0.9148571024992368,0.9148571024992368,2016
12270843,jenner & block,mcdermott will & emery,real_property,,PlaintiffWin,0.9148571024992368,0.9148571024992368,2016
12270843,jenner & block,schiff hardin,real_property,,PlaintiffWin,0.9148571024992368,0.9148571024992368,2016
12270843,jenner & block,sidley austin,real_property,,PlaintiffWin,0.9148571024992368,0.9148571024992368,2016
12270943,grant & eisenhofer,sullivan & cromwell,contract,,PlaintiffWin,0.8349741098953857,0.8349741098953857,2016
12270943,grant & eisenhofer,simpson thacher & bartlett,contract,,PlaintiffWin,0.8349741098953857,0.8349741098953857,2016
12270943,grant & eisenhofer,sullivan & cromwell,contract,,PlaintiffWin,0.8349741098953857,0.8349741098953857,2016
12270943,grant & eisenhofer,simpson thacher & bartlett,contract,,PlaintiffWin,0.8349741098953857,0.8349741098953857,2016
12270943,bernstein litowitz berger & grossmann,sullivan & cromwell,contract,,PlaintiffWin,0.8349741098953857,0.8349741098953857,2016
12270943,bernstein litowitz berger & grossmann,simpson thacher & bartlett,contract,,PlaintiffWin,0.8349741098953857,0.8349741098953857,2016
12271022,"weil, gotshal & manges","weil, gotshal & manges",contract,,PlaintiffWin,0.8531246406336006,0.8531246406336006,2016
12271022,"weil, gotshal & manges","weil, gotshal & manges",contract,,PlaintiffWin,0.8531246406336006,0.8531246406336006,2016
12271459,ropes & gray,united states attorney,other,,DefendantWin,0.8272655956908187,0.8272655956908187,2016
12271459,ropes & gray,united states attorney,other,,DefendantWin,0.8272655956908187,0.8272655956908187,2016
12271687,"milbank, tweed, hadley & mccloy",winston & strawn,other,,DefendantWin,0.8127575908315952,0.8127575908315952,2016
12271687,"morris, nichols, arsht & tunnell",winston & strawn,other,,DefendantWin,0.8127575908315952,0.8127575908315952,2016
12271696,"morris, nichols, arsht & tunnell",goodwin procter,other,,DefendantWin,0.9298296626450868,0.9298296626450868,2016
12271744,cuneo gilbert & laduca,latham & watkins,other,,PlaintiffWin,0.9859484549152266,0.9859484549152266,2016
12271744,cuneo gilbert & laduca,baker & hostetler,other,,PlaintiffWin,0.9859484549152266,0.9859484549152266,2016
12271744,cuneo gilbert & laduca,mcdermott will & emery,other,,PlaintiffWin,0.9859484549152266,0.9859484549152266,2016
12271744,cuneo gilbert & laduca,latham & watkins,other,,PlaintiffWin,0.9859484549152266,0.9859484549152266,2016
12271744,cuneo gilbert & laduca,baker & hostetler,other,,PlaintiffWin,0.9859484549152266,0.9859484549152266,2016
12271744,cuneo gilbert & laduca,mcdermott will & emery,other,,PlaintiffWin,0.9859484549152266,0.9859484549152266,2016
12271800,"morris, nichols, arsht & tunnell",winston & strawn,other,,DefendantWin,0.779219845390574,0.779219845390574,2016
12271826,"paul, weiss, rifkind, wharton & garrison",attorney general,other,,PlaintiffWin,0.8793497771258785,0.8793497771258785,2016
12271832,baker & hostetler,attorney general,civil_rights,,DefendantWin,0.8950451649990107,0.8950451649990107,2016
12271848,hagens berman sobol shapiro,wilmer cutler pickering hale & dor,other,,PlaintiffWin,0.9396334679006638,0.9396334679006638,2016
12271949,"orrick, herrington & sutcliffe",united states attorney,other,,DefendantWin,0.787491656183534,0.787491656183534,2015
12271949,"orrick, herrington & sutcliffe",united states attorney,other,,DefendantWin,0.787491656183534,0.787491656183534,2015
12271955,winston & strawn,united states attorney,other,,DefendantWin,0.8005236642624357,0.8005236642624357,2016
12271989,"orrick, herrington & sutcliffe",united states attorney,other,,DefendantWin,0.787491656183534,0.787491656183534,2015
12272111,akin gump strauss hauer & feld,winston & strawn,other,,PlaintiffWin,0.734107922940805,0.734107922940805,2016
12272111,akin gump strauss hauer & feld,kirkland & ellis,other,,PlaintiffWin,0.734107922940805,0.734107922940805,2016
12272111,akin gump strauss hauer & feld,winston & strawn,other,,PlaintiffWin,0.734107922940805,0.734107922940805,2016
12272111,patterson belknap webb & tyler,winston & strawn,other,,PlaintiffWin,0.734107922940805,0.734107922940805,2016
12272111,patterson belknap webb & tyler,kirkland & ellis,other,,PlaintiffWin,0.734107922940805,0.734107922940805,2016
12272111,patterson belknap webb & tyler,winston & strawn,other,,PlaintiffWin,0.734107922940805,0.734107922940805,2016
12272166,hagens berman sobol shapiro,o’melveny & myers,torts,,PlaintiffWin,0.8422241475324153,0.8422241475324153,2016
12272166,hagens berman sobol shapiro,o’melveny & myers,torts,,PlaintiffWin,0.8422241475324153,0.8422241475324153,2016
12272166,labaton sucharow,o’melveny & myers,torts,,PlaintiffWin,0.8422241475324153,0.8422241475324153,2016
12272166,labaton sucharow,o’melveny & myers,torts,,PlaintiffWin,0.8422241475324153,0.8422241475324153,2016
12272197,akin gump strauss hauer & feld,kirkland & ellis,other,,PlaintiffWin,0.734107922940805,0.734107922940805,2016
12272197,akin gump strauss hauer & feld,kirkland & ellis,other,,PlaintiffWin,0.734107922940805,0.734107922940805,2016
12272197,akin gump strauss hauer & feld,winston & strawn,other,,PlaintiffWin,0.734107922940805,0.734107922940805,2016
12272197,akin gump strauss hauer & feld,winston & strawn,other,,PlaintiffWin,0.734107922940805,0.734107922940805,2016
12272197,akin gump strauss hauer & feld,winston & strawn,other,,PlaintiffWin,0.734107922940805,0.734107922940805,2016
12272197,patterson belknap webb & tyler,kirkland & ellis,other,,PlaintiffWin,0.734107922940805,0.734107922940805,2016
12272197,patterson belknap webb & tyler,kirkland & ellis,other,,PlaintiffWin,0.734107922940805,0.734107922940805,2016
12272197,patterson belknap webb & tyler,winston & strawn,other,,PlaintiffWin,0.734107922940805,0.734107922940805,2016
12272197,patterson belknap webb & tyler,winston & strawn,other,,PlaintiffWin,0.734107922940805,0.734107922940805,2016
12272197,patterson belknap webb & tyler,winston & strawn,other,,PlaintiffWin,0.734107922940805,0.734107922940805,2016
12272201,akin gump strauss hauer & feld,kirkland & ellis,other,,PlaintiffWin,0.734107922940805,0.734107922940805,2016
12272201,akin gump strauss hauer & feld,winston & strawn,other,,PlaintiffWin,0.734107922940805,0.734107922940805,2016
12272201,patterson belknap webb & tyler,kirkland & ellis,other,,PlaintiffWin,0.734107922940805,0.734107922940805,2016
12272201,patterson belknap webb & tyler,winston & strawn,other,,PlaintiffWin,0.734107922940805,0.734107922940805,2016
12272551,"boies, schiller & flexner","shook, hardy & bacon",other,,DefendantWin,0.9197301972145406,0.9197301972145406,2016
12272551,"boies, schiller & flexner","gibson, dunn & crutcher",other,,DefendantWin,0.9197301972145406,0.9197301972145406,2016
12272551,"boies, schiller & flexner","shook, hardy & bacon",other,,DefendantWin,0.9197301972145406,0.9197301972145406,2016
12272551,"boies, schiller & flexner",greenberg traurig,other,,DefendantWin,0.9197301972145406,0.9197301972145406,2016
12272551,"morgan, lewis & bockius","shook, hardy & bacon",other,,DefendantWin,0.9197301972145406,0.9197301972145406,2016
12272551,"morgan, lewis & bockius","gibson, dunn & crutcher",other,,DefendantWin,0.9197301972145406,0.9197301972145406,2016
12272551,"morgan, lewis & bockius","shook, hardy & bacon",other,,DefendantWin,0.9197301972145406,0.9197301972145406,2016
12272551,"morgan, lewis & bockius",greenberg traurig,other,,DefendantWin,0.9197301972145406,0.9197301972145406,2016
12272551,"boies, schiller & flexner","shook, hardy & bacon",other,,DefendantWin,0.9197301972145406,0.9197301972145406,2016
12272551,"boies, schiller & flexner","gibson, dunn & crutcher",other,,DefendantWin,0.9197301972145406,0.9197301972145406,2016
12272551,"boies, schiller & flexner","shook, hardy & bacon",other,,DefendantWin,0.9197301972145406,0.9197301972145406,2016
12272551,"boies, schiller & flexner",greenberg traurig,other,,DefendantWin,0.9197301972145406,0.9197301972145406,2016
12272551,"boies, schiller & flexner","shook, hardy & bacon",other,,DefendantWin,0.9197301972145406,0.9197301972145406,2016
12272551,"boies, schiller & flexner","gibson, dunn & crutcher",other,,DefendantWin,0.9197301972145406,0.9197301972145406,2016
12272551,"boies, schiller & flexner","shook, hardy & bacon",other,,DefendantWin,0.9197301972145406,0.9197301972145406,2016
12272551,"boies, schiller & flexner",greenberg traurig,other,,DefendantWin,0.9197301972145406,0.9197301972145406,2016
12272721,ropes & gray,attorney general,civil_rights,,DefendantWin,0.7753730263171772,0.7753730263171772,2016
12272941,attorney general,united states attorney,civil_rights,,DefendantWin,0.7396950600432799,0.7396950600432799,2018
12273260,cohen milstein sellers & toll,kirkland & ellis,other,,PlaintiffWin,0.6825501773842618,0.6825501773842618,2017
12273407,akin gump strauss hauer & feld,arnold & porter,other,,PlaintiffWin,0.5032107494532461,0.4967892505467539,2017
12273484,arnold & porter,sheppard mullin richter & hampton,civil_rights,,DefendantWin,0.8881951300317982,0.8881951300317982,2017
12273499,cohen milstein sellers & toll,united states attorney,civil_rights,,PlaintiffWin,0.5006589708051717,0.5006589708051717,2017
12273574,pomerantz,"paul, weiss, rifkind, wharton & garrison",other,,PlaintiffWin,0.7362103455832483,0.7362103455832483,2017
12273574,milberg,"paul, weiss, rifkind, wharton & garrison",other,,PlaintiffWin,0.7362103455832483,0.7362103455832483,2017
12273574,girard gibbs,"paul, weiss, rifkind, wharton & garrison",other,,PlaintiffWin,0.7362103455832483,0.7362103455832483,2017
12273646,"lieff, cabraser, heimann & bernstein",kirkland & ellis,torts,,PlaintiffWin,0.5925828436321823,0.5925828436321823,2017
12273646,hagens berman sobol shapiro,kirkland & ellis,torts,,PlaintiffWin,0.5925828436321823,0.5925828436321823,2017
12273670,cohen milstein sellers & toll,attorney general,civil_rights,,PlaintiffWin,0.5628364799516888,0.5628364799516888,2017
12273758,morrison & foerster,united states attorney,other,,DefendantWin,0.842954918814442,0.842954918814442,2017
12273758,morrison & foerster,quinn emanuel urquhart & sullivan,other,,DefendantWin,0.842954918814442,0.842954918814442,2017
12273758,morrison & foerster,williams & connolly,other,,DefendantWin,0.842954918814442,0.842954918814442,2017
12273758,morrison & foerster,kirkland & ellis,other,,DefendantWin,0.842954918814442,0.842954918814442,2017
12273758,morrison & foerster,sheppard mullin richter & hampton,other,,DefendantWin,0.842954918814442,0.842954918814442,2017
12273758,morrison & foerster,quinn emanuel urquhart & sullivan,other,,DefendantWin,0.842954918814442,0.842954918814442,2017
12273758,morrison & foerster,quinn emanuel urquhart & sullivan,other,,DefendantWin,0.842954918814442,0.842954918814442,2017
12273758,"gibson, dunn & crutcher",united states attorney,other,,DefendantWin,0.842954918814442,0.842954918814442,2017
12273758,"gibson, dunn & crutcher",quinn emanuel urquhart & sullivan,other,,DefendantWin,0.842954918814442,0.842954918814442,2017
12273758,"gibson, dunn & crutcher",williams & connolly,other,,DefendantWin,0.842954918814442,0.842954918814442,2017
12273758,"gibson, dunn & crutcher",kirkland & ellis,other,,DefendantWin,0.842954918814442,0.842954918814442,2017
12273758,"gibson, dunn & crutcher",sheppard mullin richter & hampton,other,,DefendantWin,0.842954918814442,0.842954918814442,2017
12273758,"gibson, dunn & crutcher",quinn emanuel urquhart & sullivan,other,,DefendantWin,0.842954918814442,0.842954918814442,2017
12273758,"gibson, dunn & crutcher",quinn emanuel urquhart & sullivan,other,,DefendantWin,0.842954918814442,0.842954918814442,2017
12273758,morrison & foerster,united states attorney,other,,DefendantWin,0.842954918814442,0.842954918814442,2017
12273758,morrison & foerster,quinn emanuel urquhart & sullivan,other,,DefendantWin,0.842954918814442,0.842954918814442,2017
12273758,morrison & foerster,williams & connolly,other,,DefendantWin,0.842954918814442,0.842954918814442,2017
12273758,morrison & foerster,kirkland & ellis,other,,DefendantWin,0.842954918814442,0.842954918814442,2017
12273758,morrison & foerster,sheppard mullin richter & hampton,other,,DefendantWin,0.842954918814442,0.842954918814442,2017
12273758,morrison & foerster,quinn emanuel urquhart & sullivan,other,,DefendantWin,0.842954918814442,0.842954918814442,2017
12273758,morrison & foerster,quinn emanuel urquhart & sullivan,other,,DefendantWin,0.842954918814442,0.842954918814442,2017
12273758,"gibson, dunn & crutcher",united states attorney,other,,DefendantWin,0.842954918814442,0.842954918814442,2017
12273758,"gibson, dunn & crutcher",quinn emanuel urquhart & sullivan,other,,DefendantWin,0.842954918814442,0.842954918814442,2017
12273758,"gibson, dunn & crutcher",williams & connolly,other,,DefendantWin,0.842954918814442,0.842954918814442,2017
12273758,"gibson, dunn & crutcher",kirkland & ellis,other,,DefendantWin,0.842954918814442,0.842954918814442,2017
12273758,"gibson, dunn & crutcher",sheppard mullin richter & hampton,other,,DefendantWin,0.842954918814442,0.842954918814442,2017
12273758,"gibson, dunn & crutcher",quinn emanuel urquhart & sullivan,other,,DefendantWin,0.842954918814442,0.842954918814442,2017
12273758,"gibson, dunn & crutcher",quinn emanuel urquhart & sullivan,other,,DefendantWin,0.842954918814442,0.842954918814442,2017
12273758,"gibson, dunn & crutcher",united states attorney,other,,DefendantWin,0.842954918814442,0.842954918814442,2017
12273758,"gibson, dunn & crutcher",quinn emanuel urquhart & sullivan,other,,DefendantWin,0.842954918814442,0.842954918814442,2017
12273758,"gibson, dunn & crutcher",williams & connolly,other,,DefendantWin,0.842954918814442,0.842954918814442,2017
12273758,"gibson, dunn & crutcher",kirkland & ellis,other,,DefendantWin,0.842954918814442,0.842954918814442,2017
12273758,"gibson, dunn & crutcher",sheppard mullin richter & hampton,other,,DefendantWin,0.842954918814442,0.842954918814442,2017
12273758,"gibson, dunn & crutcher",quinn emanuel urquhart & sullivan,other,,DefendantWin,0.842954918814442,0.842954918814442,2017
12273758,"gibson, dunn & crutcher",quinn emanuel urquhart & sullivan,other,,DefendantWin,0.842954918814442,0.842954918814442,2017
12273758,morrison & foerster,united states attorney,other,,DefendantWin,0.842954918814442,0.842954918814442,2017
12273758,morrison & foerster,quinn emanuel urquhart & sullivan,other,,DefendantWin,0.842954918814442,0.842954918814442,2017
12273758,morrison & foerster,williams & connolly,other,,DefendantWin,0.842954918814442,0.842954918814442,2017
12273758,morrison & foerster,kirkland & ellis,other,,DefendantWin,0.842954918814442,0.842954918814442,2017
12273758,morrison & foerster,sheppard mullin richter & hampton,other,,DefendantWin,0.842954918814442,0.842954918814442,2017
12273758,morrison & foerster,quinn emanuel urquhart & sullivan,other,,DefendantWin,0.842954918814442,0.842954918814442,2017
12273758,morrison & foerster,quinn emanuel urquhart & sullivan,other,,DefendantWin,0.842954918814442,0.842954918814442,2017
12273758,wilmer cutler pickering hale & dor,united states attorney,other,,DefendantWin,0.842954918814442,0.842954918814442,2017
12273758,wilmer cutler pickering hale & dor,quinn emanuel urquhart & sullivan,other,,DefendantWin,0.842954918814442,0.842954918814442,2017
12273758,wilmer cutler pickering hale & dor,williams & connolly,other,,DefendantWin,0.842954918814442,0.842954918814442,2017
12273758,wilmer cutler pickering hale & dor,kirkland & ellis,other,,DefendantWin,0.842954918814442,0.842954918814442,2017
12273758,wilmer cutler pickering hale & dor,sheppard mullin richter & hampton,other,,DefendantWin,0.842954918814442,0.842954918814442,2017
12273758,wilmer cutler pickering hale & dor,quinn emanuel urquhart & sullivan,other,,DefendantWin,0.842954918814442,0.842954918814442,2017
12273758,wilmer cutler pickering hale & dor,quinn emanuel urquhart & sullivan,other,,DefendantWin,0.842954918814442,0.842954918814442,2017
12273758,"gibson, dunn & crutcher",united states attorney,other,,DefendantWin,0.842954918814442,0.842954918814442,2017
12273758,"gibson, dunn & crutcher",quinn emanuel urquhart & sullivan,other,,DefendantWin,0.842954918814442,0.842954918814442,2017
12273758,"gibson, dunn & crutcher",williams & connolly,other,,DefendantWin,0.842954918814442,0.842954918814442,2017
12273758,"gibson, dunn & crutcher",kirkland & ellis,other,,DefendantWin,0.842954918814442,0.842954918814442,2017
12273758,"gibson, dunn & crutcher",sheppard mullin richter & hampton,other,,DefendantWin,0.842954918814442,0.842954918814442,2017
12273758,"gibson, dunn & crutcher",quinn emanuel urquhart & sullivan,other,,DefendantWin,0.842954918814442,0.842954918814442,2017
12273758,"gibson, dunn & crutcher",quinn emanuel urquhart & sullivan,other,,DefendantWin,0.842954918814442,0.842954918814442,2017
12273758,wilmer cutler pickering hale & dor,united states attorney,other,,DefendantWin,0.842954918814442,0.842954918814442,2017
12273758,wilmer cutler pickering hale & dor,quinn emanuel urquhart & sullivan,other,,DefendantWin,0.842954918814442,0.842954918814442,2017
12273758,wilmer cutler pickering hale & dor,williams & connolly,other,,DefendantWin,0.842954918814442,0.842954918814442,2017
12273758,wilmer cutler pickering hale & dor,kirkland & ellis,other,,DefendantWin,0.842954918814442,0.842954918814442,2017
12273758,wilmer cutler pickering hale & dor,sheppard mullin richter & hampton,other,,DefendantWin,0.842954918814442,0.842954918814442,2017
12273758,wilmer cutler pickering hale & dor,quinn emanuel urquhart & sullivan,other,,DefendantWin,0.842954918814442,0.842954918814442,2017
12273758,wilmer cutler pickering hale & dor,quinn emanuel urquhart & sullivan,other,,DefendantWin,0.842954918814442,0.842954918814442,2017
12273758,wilmer cutler pickering hale & dor,united states attorney,other,,DefendantWin,0.842954918814442,0.842954918814442,2017
12273758,wilmer cutler pickering hale & dor,quinn emanuel urquhart & sullivan,other,,DefendantWin,0.842954918814442,0.842954918814442,2017
12273758,wilmer cutler pickering hale & dor,williams & connolly,other,,DefendantWin,0.842954918814442,0.842954918814442,2017
12273758,wilmer cutler pickering hale & dor,kirkland & ellis,other,,DefendantWin,0.842954918814442,0.842954918814442,2017
12273758,wilmer cutler pickering hale & dor,sheppard mullin richter & hampton,other,,DefendantWin,0.842954918814442,0.842954918814442,2017
12273758,wilmer cutler pickering hale & dor,quinn emanuel urquhart & sullivan,other,,DefendantWin,0.842954918814442,0.842954918814442,2017
12273758,wilmer cutler pickering hale & dor,quinn emanuel urquhart & sullivan,other,,DefendantWin,0.842954918814442,0.842954918814442,2017
12273758,wilmer cutler pickering hale & dor,united states attorney,other,,DefendantWin,0.842954918814442,0.842954918814442,2017
12273758,wilmer cutler pickering hale & dor,quinn emanuel urquhart & sullivan,other,,DefendantWin,0.842954918814442,0.842954918814442,2017
12273758,wilmer cutler pickering hale & dor,williams & connolly,other,,DefendantWin,0.842954918814442,0.842954918814442,2017
12273758,wilmer cutler pickering hale & dor,kirkland & ellis,other,,DefendantWin,0.842954918814442,0.842954918814442,2017
12273758,wilmer cutler pickering hale & dor,sheppard mullin richter & hampton,other,,DefendantWin,0.842954918814442,0.842954918814442,2017
12273758,wilmer cutler pickering hale & dor,quinn emanuel urquhart & sullivan,other,,DefendantWin,0.842954918814442,0.842954918814442,2017
12273758,wilmer cutler pickering hale & dor,quinn emanuel urquhart & sullivan,other,,DefendantWin,0.842954918814442,0.842954918814442,2017
12273803,quinn emanuel urquhart & sullivan,morrison & foerster,other,,PlaintiffWin,0.8912912980880676,0.8912912980880676,2017
12273803,quinn emanuel urquhart & sullivan,goodwin procter,other,,PlaintiffWin,0.8912912980880676,0.8912912980880676,2017
12273826,attorney general,united states attorney,other,,PlaintiffWin,0.8329539570322829,0.8329539570322829,2017
12273826,hogan lovells us,united states attorney,other,,PlaintiffWin,0.8329539570322829,0.8329539570322829,2017
12273858,jenner & block,attorney general,other,,DefendantWin,0.8617393599113354,0.8617393599113354,2017
12273887,"morgan, lewis & bockius",perkins coie,other,,PlaintiffWin,0.9232422556337948,0.9232422556337948,2017
12274046,lieff cabraser heimann & bernstein,greenberg traurig,contract,,PlaintiffWin,0.5620598003920123,0.5620598003920123,2017
12274200,jenner & block,united states attorney,civil_rights,,PlaintiffWin,0.7304527827787259,0.7304527827787259,2017
12274235,"morgan, lewis & bockius",united states attorney,labor,,PlaintiffWin,0.8586124439868129,0.8586124439868129,2017
12274235,"morgan, lewis & bockius",kirkland & ellis,labor,,PlaintiffWin,0.8586124439868129,0.8586124439868129,2017
12274244,attorney general,united states attorney,other,,PlaintiffWin,0.8506886981756507,0.8506886981756507,2017
12274244,united states attorney,united states attorney,other,,PlaintiffWin,0.8506886981756507,0.8506886981756507,2017
12274252,hausfeld,skadden arps slate meagher & flom,other,,PlaintiffWin,0.9794457380660844,0.9794457380660844,2017
12274252,hausfeld,o’melveny & myers,other,,PlaintiffWin,0.9794457380660844,0.9794457380660844,2017
12274278,susman godfrey,united states attorney,civil_rights,,DefendantWin,0.6843764583090463,0.6843764583090463,2017
12274278,susman godfrey,winston & strawn,civil_rights,,DefendantWin,0.6843764583090463,0.6843764583090463,2017
12274278,susman godfrey,united states attorney,civil_rights,,DefendantWin,0.6843764583090463,0.6843764583090463,2017
12274278,susman godfrey,winston & strawn,civil_rights,,DefendantWin,0.6843764583090463,0.6843764583090463,2017
12274292,covington & burling,attorney general,civil_rights,,PlaintiffWin,0.8357505001688088,0.8357505001688088,2017
12274292,covington & burling,attorney general,civil_rights,,PlaintiffWin,0.8357505001688088,0.8357505001688088,2017
12274423,"shook, hardy & bacon",kirkland & ellis,other,,PlaintiffWin,0.8014825878960292,0.8014825878960292,2017
12274423,"shook, hardy & bacon",kirkland & ellis,other,,PlaintiffWin,0.8014825878960292,0.8014825878960292,2017
12274423,"shook, hardy & bacon",hogan lovells us,other,,PlaintiffWin,0.8014825878960292,0.8014825878960292,2017
12274727,cohen milstein sellers & toll,"gibson, dunn & crutcher",other,,PlaintiffWin,0.899835447249945,0.899835447249945,2017
12274727,cohen milstein sellers & toll,"gibson, dunn & crutcher",other,,PlaintiffWin,0.899835447249945,0.899835447249945,2017
12274727,"robins, kaplan, miller & ciresi","gibson, dunn & crutcher",other,,PlaintiffWin,0.899835447249945,0.899835447249945,2017
12274727,kirby mclnerney,"gibson, dunn & crutcher",other,,PlaintiffWin,0.899835447249945,0.899835447249945,2017
12274733,"orrick, herrington & sutcliffe",mayer brown,other,,PlaintiffWin,0.8251859832483414,0.8251859832483414,2017
12274733,"orrick, herrington & sutcliffe",mayer brown,other,,PlaintiffWin,0.8251859832483414,0.8251859832483414,2017
12274889,foley & lardner,united states attorney,other,,PlaintiffWin,0.7589933467616546,0.7589933467616546,2017
12274889,foley & lardner,akin gump strauss hauer & feld,other,,PlaintiffWin,0.7589933467616546,0.7589933467616546,2017
12274889,foley & lardner,"cravath, swaine & moore",other,,PlaintiffWin,0.7589933467616546,0.7589933467616546,2017
12274889,foley & lardner,venable,other,,PlaintiffWin,0.7589933467616546,0.7589933467616546,2017
12274889,foley & lardner,united states attorney,other,,PlaintiffWin,0.7589933467616546,0.7589933467616546,2017
12274889,foley & lardner,akin gump strauss hauer & feld,other,,PlaintiffWin,0.7589933467616546,0.7589933467616546,2017
12274889,foley & lardner,"cravath, swaine & moore",other,,PlaintiffWin,0.7589933467616546,0.7589933467616546,2017
12274889,foley & lardner,venable,other,,PlaintiffWin,0.7589933467616546,0.7589933467616546,2017
12274889,katten muchin rosenman,united states attorney,other,,PlaintiffWin,0.7589933467616546,0.7589933467616546,2017
12274889,katten muchin rosenman,akin gump strauss hauer & feld,other,,PlaintiffWin,0.7589933467616546,0.7589933467616546,2017
12274889,katten muchin rosenman,"cravath, swaine & moore",other,,PlaintiffWin,0.7589933467616546,0.7589933467616546,2017
12274889,katten muchin rosenman,venable,other,,PlaintiffWin,0.7589933467616546,0.7589933467616546,2017
12274973,attorney general,united states attorney,civil_rights,,DefendantWin,0.7396950600432799,0.7396950600432799,2017
12274973,hogan lovells us,united states attorney,civil_rights,,DefendantWin,0.7396950600432799,0.7396950600432799,2017
12274974,hagens berman sobol shapiro,latham & watkins,other,,PlaintiffWin,0.8504552545515065,0.8504552545515065,2017
12274974,hagens berman sobol shapiro,latham & watkins,other,,PlaintiffWin,0.8504552545515065,0.8504552545515065,2017
12275075,faruqi & faruqi,kirkland & ellis,contract,,PlaintiffWin,0.7396705507716194,0.7396705507716194,2017
12275079,"shook, hardy & bacon","shook, hardy & bacon",other,,DefendantWin,0.8778804969798798,0.8778804969798798,2017
12275079,"shook, hardy & bacon",arnold & porter,other,,DefendantWin,0.8778804969798798,0.8778804969798798,2017
12275079,"shook, hardy & bacon",latham & watkins,other,,DefendantWin,0.8778804969798798,0.8778804969798798,2017
12277645,kirkland & ellis,akin gump strauss hauer & feld,civil_rights,,PlaintiffWin,0.9078779768665546,0.9078779768665546,2017
12277678,baker & hostetler,united states attorney,other,,PlaintiffWin,0.8444974562025216,0.8444974562025216,2017
12277878,attorney general,united states attorney,other,,DefendantWin,0.8329539570322829,0.8329539570322829,2017
12278036,morrison & foerster,attorney general,other,,DefendantWin,0.8731829774750844,0.8731829774750844,2017
12278036,morrison & foerster,attorney general,other,,DefendantWin,0.8731829774750844,0.8731829774750844,2017
12309704,wilmer cutler pickering hale & dor,covington & burling,other,,PlaintiffWin,0.6755941082470243,0.6755941082470243,2017
12309704,wilmer cutler pickering hale & dor,covington & burling,other,,PlaintiffWin,0.6755941082470243,0.6755941082470243,2017
12309704,wilmer cutler pickering hale & dor,covington & burling,other,,PlaintiffWin,0.6755941082470243,0.6755941082470243,2017
12309704,wilmer cutler pickering hale & dor,covington & burling,other,,PlaintiffWin,0.6755941082470243,0.6755941082470243,2017
12309704,wilmer cutler pickering hale & dor,covington & burling,other,,PlaintiffWin,0.6755941082470243,0.6755941082470243,2017
12309704,wilmer cutler pickering hale & dor,covington & burling,other,,PlaintiffWin,0.6755941082470243,0.6755941082470243,2017
12309804,arnold & porter,greenberg traurig,other,,PlaintiffWin,0.8242180973451806,0.8242180973451806,2017
12309816,foley & lardner,united states attorney,other,,PlaintiffWin,0.7685839463626373,0.7685839463626373,2017
12309816,foley & lardner,akin gump strauss hauer & feld,other,,PlaintiffWin,0.7685839463626373,0.7685839463626373,2017
12309816,foley & lardner,"cravath, swaine & moore",other,,PlaintiffWin,0.7685839463626373,0.7685839463626373,2017
12309816,foley & lardner,venable,other,,PlaintiffWin,0.7685839463626373,0.7685839463626373,2017
12309816,katten muchin rosenman,united states attorney,other,,PlaintiffWin,0.7685839463626373,0.7685839463626373,2017
12309816,katten muchin rosenman,akin gump strauss hauer & feld,other,,PlaintiffWin,0.7685839463626373,0.7685839463626373,2017
12309816,katten muchin rosenman,"cravath, swaine & moore",other,,PlaintiffWin,0.7685839463626373,0.7685839463626373,2017
12309816,katten muchin rosenman,venable,other,,PlaintiffWin,0.7685839463626373,0.7685839463626373,2017
12417879,attorney general,united states attorney,other,,PlaintiffWin,0.8329539570322829,0.8329539570322829,2017
12418342,"robins, kaplan, miller & ciresi",fish & richardson,other,,PlaintiffWin,0.978478088375483,0.978478088375483,2017
12418342,"robins, kaplan, miller & ciresi",fish & richardson,other,,PlaintiffWin,0.978478088375483,0.978478088375483,2017
12418840,kirkland & ellis,attorney general,prisoner_petitions,,DefendantWin,0.8596367096498291,0.8596367096498291,2017
12419037,grant & eisenhofer,quinn emanuel urquhart & sullivan,other,,PlaintiffWin,0.8758639869290368,0.8758639869290368,2017
12419037,grant & eisenhofer,quinn emanuel urquhart & sullivan,other,,PlaintiffWin,0.8758639869290368,0.8758639869290368,2017
12419037,grant & eisenhofer,mcdermott will & emery,other,,PlaintiffWin,0.8758639869290368,0.8758639869290368,2017
12419037,grant & eisenhofer,winston & strawn,other,,PlaintiffWin,0.8758639869290368,0.8758639869290368,2017
12419037,grant & eisenhofer,mcdermott will & emery,other,,PlaintiffWin,0.8758639869290368,0.8758639869290368,2017
12419037,grant & eisenhofer,foley & lardner,other,,PlaintiffWin,0.8758639869290368,0.8758639869290368,2017
12419037,grant & eisenhofer,greenberg traurig,other,,PlaintiffWin,0.8758639869290368,0.8758639869290368,2017
12419037,grant & eisenhofer,dla piper,other,,PlaintiffWin,0.8758639869290368,0.8758639869290368,2017
12419037,grant & eisenhofer,mayer brown,other,,PlaintiffWin,0.8758639869290368,0.8758639869290368,2017
12419037,freed kanner london & millen,quinn emanuel urquhart & sullivan,other,,PlaintiffWin,0.8758639869290368,0.8758639869290368,2017
12419037,freed kanner london & millen,quinn emanuel urquhart & sullivan,other,,PlaintiffWin,0.8758639869290368,0.8758639869290368,2017
12419037,freed kanner london & millen,mcdermott will & emery,other,,PlaintiffWin,0.8758639869290368,0.8758639869290368,2017
12419037,freed kanner london & millen,winston & strawn,other,,PlaintiffWin,0.8758639869290368,0.8758639869290368,2017
12419037,freed kanner london & millen,mcdermott will & emery,other,,PlaintiffWin,0.8758639869290368,0.8758639869290368,2017
12419037,freed kanner london & millen,foley & lardner,other,,PlaintiffWin,0.8758639869290368,0.8758639869290368,2017
12419037,freed kanner london & millen,greenberg traurig,other,,PlaintiffWin,0.8758639869290368,0.8758639869290368,2017
12419037,freed kanner london & millen,dla piper,other,,PlaintiffWin,0.8758639869290368,0.8758639869290368,2017
12419037,freed kanner london & millen,mayer brown,other,,PlaintiffWin,0.8758639869290368,0.8758639869290368,2017
12419037,cohen milstein sellers & toll,quinn emanuel urquhart & sullivan,other,,PlaintiffWin,0.8758639869290368,0.8758639869290368,2017
12419037,cohen milstein sellers & toll,quinn emanuel urquhart & sullivan,other,,PlaintiffWin,0.8758639869290368,0.8758639869290368,2017
12419037,cohen milstein sellers & toll,mcdermott will & emery,other,,PlaintiffWin,0.8758639869290368,0.8758639869290368,2017
12419037,cohen milstein sellers & toll,winston & strawn,other,,PlaintiffWin,0.8758639869290368,0.8758639869290368,2017
12419037,cohen milstein sellers & toll,mcdermott will & emery,other,,PlaintiffWin,0.8758639869290368,0.8758639869290368,2017
12419037,cohen milstein sellers & toll,foley & lardner,other,,PlaintiffWin,0.8758639869290368,0.8758639869290368,2017
12419037,cohen milstein sellers & toll,greenberg traurig,other,,PlaintiffWin,0.8758639869290368,0.8758639869290368,2017
12419037,cohen milstein sellers & toll,dla piper,other,,PlaintiffWin,0.8758639869290368,0.8758639869290368,2017
12419037,cohen milstein sellers & toll,mayer brown,other,,PlaintiffWin,0.8758639869290368,0.8758639869290368,2017
12419037,berger & montague,quinn emanuel urquhart & sullivan,other,,PlaintiffWin,0.8758639869290368,0.8758639869290368,2017
12419037,berger & montague,quinn emanuel urquhart & sullivan,other,,PlaintiffWin,0.8758639869290368,0.8758639869290368,2017
12419037,berger & montague,mcdermott will & emery,other,,PlaintiffWin,0.8758639869290368,0.8758639869290368,2017
12419037,berger & montague,winston & strawn,other,,PlaintiffWin,0.8758639869290368,0.8758639869290368,2017
12419037,berger & montague,mcdermott will & emery,other,,PlaintiffWin,0.8758639869290368,0.8758639869290368,2017
12419037,berger & montague,foley & lardner,other,,PlaintiffWin,0.8758639869290368,0.8758639869290368,2017
12419037,berger & montague,greenberg traurig,other,,PlaintiffWin,0.8758639869290368,0.8758639869290368,2017
12419037,berger & montague,dla piper,other,,PlaintiffWin,0.8758639869290368,0.8758639869290368,2017
12419037,berger & montague,mayer brown,other,,PlaintiffWin,0.8758639869290368,0.8758639869290368,2017
12419037,heins mills & olson,quinn emanuel urquhart & sullivan,other,,PlaintiffWin,0.8758639869290368,0.8758639869290368,2017
12419037,heins mills & olson,quinn emanuel urquhart & sullivan,other,,PlaintiffWin,0.8758639869290368,0.8758639869290368,2017
12419037,heins mills & olson,mcdermott will & emery,other,,PlaintiffWin,0.8758639869290368,0.8758639869290368,2017
12419037,heins mills & olson,winston & strawn,other,,PlaintiffWin,0.8758639869290368,0.8758639869290368,2017
12419037,heins mills & olson,mcdermott will & emery,other,,PlaintiffWin,0.8758639869290368,0.8758639869290368,2017
12419037,heins mills & olson,foley & lardner,other,,PlaintiffWin,0.8758639869290368,0.8758639869290368,2017
12419037,heins mills & olson,greenberg traurig,other,,PlaintiffWin,0.8758639869290368,0.8758639869290368,2017
12419037,heins mills & olson,dla piper,other,,PlaintiffWin,0.8758639869290368,0.8758639869290368,2017
12419037,heins mills & olson,mayer brown,other,,PlaintiffWin,0.8758639869290368,0.8758639869290368,2017
12419037,lockridge grindal ñauen p,quinn emanuel urquhart & sullivan,other,,PlaintiffWin,0.8758639869290368,0.8758639869290368,2017
12419037,lockridge grindal ñauen p,quinn emanuel urquhart & sullivan,other,,PlaintiffWin,0.8758639869290368,0.8758639869290368,2017
12419037,lockridge grindal ñauen p,mcdermott will & emery,other,,PlaintiffWin,0.8758639869290368,0.8758639869290368,2017
12419037,lockridge grindal ñauen p,winston & strawn,other,,PlaintiffWin,0.8758639869290368,0.8758639869290368,2017
12419037,lockridge grindal ñauen p,mcdermott will & emery,other,,PlaintiffWin,0.8758639869290368,0.8758639869290368,2017
12419037,lockridge grindal ñauen p,foley & lardner,other,,PlaintiffWin,0.8758639869290368,0.8758639869290368,2017
12419037,lockridge grindal ñauen p,greenberg traurig,other,,PlaintiffWin,0.8758639869290368,0.8758639869290368,2017
12419037,lockridge grindal ñauen p,dla piper,other,,PlaintiffWin,0.8758639869290368,0.8758639869290368,2017
12419037,lockridge grindal ñauen p,mayer brown,other,,PlaintiffWin,0.8758639869290368,0.8758639869290368,2017
12419037,hagens berman sobol shapiro,quinn emanuel urquhart & sullivan,other,,PlaintiffWin,0.8758639869290368,0.8758639869290368,2017
12419037,hagens berman sobol shapiro,quinn emanuel urquhart & sullivan,other,,PlaintiffWin,0.8758639869290368,0.8758639869290368,2017
12419037,hagens berman sobol shapiro,mcdermott will & emery,other,,PlaintiffWin,0.8758639869290368,0.8758639869290368,2017
12419037,hagens berman sobol shapiro,winston & strawn,other,,PlaintiffWin,0.8758639869290368,0.8758639869290368,2017
12419037,hagens berman sobol shapiro,mcdermott will & emery,other,,PlaintiffWin,0.8758639869290368,0.8758639869290368,2017
12419037,hagens berman sobol shapiro,foley & lardner,other,,PlaintiffWin,0.8758639869290368,0.8758639869290368,2017
12419037,hagens berman sobol shapiro,greenberg traurig,other,,PlaintiffWin,0.8758639869290368,0.8758639869290368,2017
12419037,hagens berman sobol shapiro,dla piper,other,,PlaintiffWin,0.8758639869290368,0.8758639869290368,2017
12419037,hagens berman sobol shapiro,mayer brown,other,,PlaintiffWin,0.8758639869290368,0.8758639869290368,2017
12419037,scottscott,quinn emanuel urquhart & sullivan,other,,PlaintiffWin,0.8758639869290368,0.8758639869290368,2017
12419037,scottscott,quinn emanuel urquhart & sullivan,other,,PlaintiffWin,0.8758639869290368,0.8758639869290368,2017
12419037,scottscott,mcdermott will & emery,other,,PlaintiffWin,0.8758639869290368,0.8758639869290368,2017
12419037,scottscott,winston & strawn,other,,PlaintiffWin,0.8758639869290368,0.8758639869290368,2017
12419037,scottscott,mcdermott will & emery,other,,PlaintiffWin,0.8758639869290368,0.8758639869290368,2017
12419037,scottscott,foley & lardner,other,,PlaintiffWin,0.8758639869290368,0.8758639869290368,2017
12419037,scottscott,greenberg traurig,other,,PlaintiffWin,0.8758639869290368,0.8758639869290368,2017
12419037,scottscott,dla piper,other,,PlaintiffWin,0.8758639869290368,0.8758639869290368,2017
12419037,scottscott,mayer brown,other,,PlaintiffWin,0.8758639869290368,0.8758639869290368,2017
12419339,pomerantz,covington & burling,other,,DefendantWin,0.5386318894445747,0.4613681105554253,2017
12419339,pomerantz,"gibson, dunn & crutcher",other,,DefendantWin,0.5386318894445747,0.4613681105554253,2017
12419339,milberg,covington & burling,other,,DefendantWin,0.5386318894445747,0.4613681105554253,2017
12419339,milberg,"gibson, dunn & crutcher",other,,DefendantWin,0.5386318894445747,0.4613681105554253,2017
12419421,kirkland & ellis,attorney general,civil_rights,,PlaintiffWin,0.7705526897007787,0.7705526897007787,2017
